Order #,Sent Date,Menu Item,Menu Subgroup(s),Menu Group,Menu,Sales Category,Gross Price,Discount,Net Price,Qty,Tax,Void?
1,4/1/26 10:47 AM,Chicken Tikka,,Tikka,Appetizer,Appetizer,12.99,0.00,12.99,1.0,1.30000000,true
1,4/1/26 10:47 AM,Veg Samosa,,Samosa,Appetizer,Appetizer,5.99,0.00,5.99,1.0,0.60000000,true
1,4/1/26 10:47 AM,Goat Biryani,,Nonveg,Biryani,Biryani,18.99,0.00,18.99,1.0,1.90000000,true
1,4/1/26 10:47 AM,Fish,,Tikka Masala Curry,Entrée,Food,17.99,0.00,17.99,1.0,1.80000000,true
2,4/1/26 11:03 AM,Aloo Gobi Matar,Vegan,Veg Curries,Entrée,Food,12.99,0.00,12.99,1.0,1.30000000,false
2,4/1/26 11:03 AM,Chicken 65 Biryani,,Nonveg,Biryani,Biryani,16.99,0.00,16.99,1.0,1.70000000,false
2,4/1/26 11:03 AM,Garlic Naan,,Naan,Bread,Food,4.99,0.00,4.99,1.0,0.50000000,false
2,4/1/26 11:03 AM,Tandoori Roti,,Roti,Bread,Food,3.99,0.00,3.99,1.0,0.40000000,false
4,4/1/26 11:19 AM,Chicken 65,,65,Appetizer,Appetizer,12.99,0.00,11.69,1.0,1.17000000,true
5,4/1/26 11:25 AM,Hot & Sour Soup,,Soup,Soup & Salad,,5.99,0.00,5.99,1.0,0.60000000,true
8,4/1/26 12:10 PM,Butter Chicken,,,,,15.99,0.00,15.99,1.0,0E-8,false
8,4/1/26 12:10 PM,Chicken,,Tikka Masala Curry,Entrée,Food,15.99,0.00,15.99,1.0,1.60000000,false
8,4/1/26 12:10 PM,Garlic Naan,,Naan,Bread,Food,4.99,0.00,4.99,1.0,0.50000000,false
11,4/1/26 12:27 PM,Lamb Tikka Masala,,Tikka Masala Curry,Entrée,Food,18.99,0.00,18.99,1.0,1.90000000,false
11,4/1/26 12:27 PM,Chicken Wings,,,,,12.99,0.00,12.99,1.0,0E-8,false
12,4/1/26 12:43 PM,Chicken Tikka Masala,,Tikka Masala Curry,Entrée,Food,15.99,0.00,15.99,1.0,1.60000000,false
12,4/1/26 12:43 PM,Butter Chix No Spicy,,,,,15.99,0.00,15.99,1.0,0E-8,false
12,4/1/26 12:43 PM,Butter Cix M,,,,,15.99,0.00,15.99,1.0,0E-8,false
12,4/1/26 12:43 PM,Vindaloo Curry,,Vindaloo,Entrée,Food,18.99,0.00,18.99,1.0,1.90000000,false
12,4/1/26 12:43 PM,Tandoori Chicken Full,,Tandoori,Appetizer,Appetizer,18.99,0.00,18.99,1.0,1.90000000,false
12,4/1/26 12:43 PM,Coconut Curry,,Coconut,Entrée,Food,15.99,0.00,15.99,1.0,1.60000000,false
18,4/1/26 1:50 PM,Samosa,,Chaat,Appetizer,Appetizer,8.99,0.00,8.99,1.0,0.90000000,false
19,4/1/26 2:56 PM,Goat Curry,,Non-Veg Curries,Entrée,Food,37.98,0.00,37.98,2.0,3.80000000,false
19,4/1/26 2:56 PM,Tandoori Chicken Half,,Tandoori,Appetizer,Appetizer,12.99,0.00,12.99,1.0,1.30000000,false
19,4/1/26 2:56 PM,Lachha Parathaa,,,,,5.99,0.00,5.99,1.0,0E-8,false
19,4/1/26 3:25 PM,Lachha Par,,,,,5.99,0.00,5.99,1.0,0E-8,false
19,4/1/26 3:25 PM,Garlic Naan,,Naan,Bread,Food,4.99,0.00,4.99,1.0,0.50000000,false
24,4/1/26 5:04 PM,Vindaloo Curry,,Vindaloo,Entrée,Food,15.99,0.00,15.99,1.0,1.60000000,false
24,4/1/26 5:04 PM,Butter Naan,,Naan,Bread,Food,3.99,0.00,3.99,1.0,0.40000000,false
25,4/1/26 5:23 PM,Mulligatawny Soup,,Soup,Soup & Salad,,7.99,0.00,7.99,1.0,0.80000000,false
25,4/1/26 5:23 PM,Mulligatawny Soup,,Soup,Soup & Salad,,5.99,0.00,5.99,1.0,0.60000000,false
25,4/1/26 5:23 PM,Garlic Naan,,Naan,Bread,Food,4.99,0.00,4.99,1.0,0.50000000,false
25,4/1/26 5:23 PM,Lamb Sheekh Kabab,,Sheekh Kabab,Appetizer,Appetizer,15.99,0.00,15.99,1.0,1.60000000,false
25,4/1/26 5:23 PM,Chicken Kathi Roll,,Kathi Roll,Appetizer,Appetizer,12.99,0.00,12.99,1.0,1.30000000,false
25,4/1/26 5:23 PM,Garlic Naan,,Naan,Bread,Food,4.99,0.00,4.99,1.0,0.50000000,false
26,4/1/26 5:27 PM,Raita,,Sides,Sides,,4.99,0.00,4.99,1.0,0.50000000,false
26,4/1/26 5:27 PM,Raita,,Sides,Sides,,4.99,0.00,4.99,1.0,0.50000000,false
26,4/1/26 5:27 PM,Chutney,,Sides,Sides,,3.99,0.00,3.99,1.0,0.40000000,false
26,4/1/26 5:27 PM,Chutney,,Sides,Sides,,3.99,0.00,3.99,1.0,0.40000000,false
27,4/1/26 5:56 PM,Chicken Biryani,,Nonveg,Biryani,Biryani,16.99,0.00,16.99,1.0,1.70000000,false
28,4/1/26 6:26 PM,Tandoori Chicken Half,,Tandoori,Appetizer,Appetizer,12.99,0.00,12.99,1.0,1.30000000,false
28,4/1/26 6:26 PM,Garlic Naan,,Naan,Bread,Food,4.99,0.00,4.99,1.0,0.50000000,false
28,4/1/26 6:26 PM,Garlic Naan,,Naan,Bread,Food,4.99,0.00,4.99,1.0,0.50000000,false
28,4/1/26 6:26 PM,Kadhai,,Kadhai,Entrée,Food,18.99,0.00,18.99,1.0,1.90000000,false
28,4/1/26 6:38 PM,Butter Milk,,Lassi & Tea,Beverage,NA Beverage,3.99,0.00,3.99,1.0,0.40000000,false
28,4/1/26 6:38 PM,Coke Zero,,Soda & Water,Beverage,NA Beverage,1.99,0.00,1.99,1.0,0.20000000,false
28,4/1/26 6:56 PM,Garlic Naan,,Naan,Bread,Food,4.99,0.00,4.99,1.0,0.50000000,false
32,4/1/26 7:03 PM,Paneer Tikka,,Tikka,Appetizer,Appetizer,11.99,0.00,11.99,1.0,1.20000000,false
32,4/1/26 7:03 PM,Veg Manchurian,,Appetizer,Indo-Chines,,23.98,0.00,23.98,2.0,2.40000000,false
32,4/1/26 7:08 PM,Channa Masala,Vegan,Veg Curries,Entrée,Food,12.99,0.00,12.99,1.0,1.30000000,false
32,4/1/26 7:08 PM,Dal Tadka,Vegan,Veg Curries,Entrée,Food,12.99,0.00,12.99,1.0,1.30000000,false
32,4/1/26 7:08 PM,Bread Basket,,Others,Bread,Food,14.99,0.00,14.99,1.0,1.50000000,false
34,4/1/26 7:25 PM,Paneer Tikka,,Tikka,Appetizer,Appetizer,11.99,0.00,11.99,1.0,1.20000000,false
34,4/1/26 7:25 PM,Paneer,,Saag,Entrée,Food,16.99,0.00,16.99,1.0,1.70000000,false
32,4/1/26 7:27 PM,Onion,,Salad,Soup & Salad,,2.99,0.00,2.99,1.0,0.30000000,false
28,4/1/26 7:32 PM,Kulfi,,,,,1.99,0.00,1.99,1.0,0E-8,false
28,4/1/26 7:32 PM,Kulfi,,,,,1.99,0.00,1.99,1.0,0E-8,false
35,4/1/26 7:42 PM,Chicken Tikka Masala,,Tikka Masala Curry,Entrée,Food,15.99,0.00,15.99,1.0,1.60000000,false
35,4/1/26 7:42 PM,Paneer,,Saag,Entrée,Food,16.99,0.00,16.99,1.0,1.70000000,false
35,4/1/26 7:42 PM,Butter Chicken,,Non-Veg Curries,Entrée,Food,15.99,0.00,15.99,1.0,1.60000000,false
35,4/1/26 7:42 PM,Garlic Naan,,Naan,Bread,Food,4.99,0.00,4.99,1.0,0.50000000,false
36,4/1/26 7:58 PM,Chili Garlic Naan,,Naan,Bread,Food,5.99,0.00,5.99,1.0,0.60000000,false
36,4/1/26 7:58 PM,Laccha Paratha,,Others,Bread,Food,5.99,0.00,5.99,1.0,0.60000000,false
36,4/1/26 7:58 PM,Malai Kofta,,Veg Curries,Entrée,Food,16.99,0.00,16.99,1.0,1.70000000,false
37,4/1/26 8:18 PM,Maysur Masala Dosa,,Dosa,Bread,Food,27.98,0.00,27.98,2.0,2.80000000,false
37,4/1/26 8:18 PM,Half Chicken Tandoori,,Tandoori,Appetizer,Appetizer,12.99,0.00,12.99,1.0,1.30000000,false
37,4/1/26 8:18 PM,Veg Manchurian,,Appetizer,Indo-Chines,,11.99,0.00,11.99,1.0,1.20000000,false
38,4/1/26 8:33 PM,Fried Rice,,Entrees,Indo-Chines,,12.99,0.00,12.99,1.0,1.30000000,false
38,4/1/26 8:33 PM,Kulfi,,,,,1.99,0.00,1.99,1.0,0E-8,false
39,4/1/26 9:02 PM,Lamb Biryani,,Nonveg,Biryani,Biryani,18.99,0.00,18.99,1.0,1.90000000,false
40,4/1/26 9:27 PM,Garlic Naan,,Naan,Bread,Food,4.99,0.00,4.99,1.0,0.50000000,false
40,4/1/26 9:27 PM,Butter Chicken,,Non-Veg Curries,Entrée,Food,15.99,0.00,15.99,1.0,1.60000000,false
40,4/1/26 9:27 PM,Highway Chicken,,Non-Veg Curries,Entrée,Food,15.99,0.00,15.99,1.0,1.60000000,false
40,4/1/26 9:27 PM,Mozzarella Sticks,,Kids,Kids,,6.99,0.00,6.99,1.0,0.70000000,false
39,4/1/26 9:30 PM,Sweet Tea,,Lassi & Tea,Beverage,NA Beverage,2.99,0.00,2.99,1.0,0.30000000,false
39,4/1/26 9:30 PM,Sweet Tea,,Lassi & Tea,Beverage,NA Beverage,2.99,0.00,2.99,1.0,0.30000000,false
6,4/2/26 12:37 PM,Vindaloo Curry,,Vindaloo,Entrée,Food,18.99,0.00,18.99,1.0,1.90000000,false
6,4/2/26 12:37 PM,Butter Naan,,Naan,Bread,Food,3.99,0.00,3.99,1.0,0.40000000,false
6,4/2/26 12:37 PM,Chicken Tikka,,Tikka,Appetizer,Appetizer,12.99,0.00,12.99,1.0,1.30000000,false
7,4/2/26 12:39 PM,Salmon Tandoori,,Tandoori,Appetizer,Appetizer,18.99,0.00,18.99,1.0,1.90000000,false
7,4/2/26 12:39 PM,Okra Masala,Vegan,Veg Curries,Entrée,Food,13.99,0.00,13.99,1.0,1.40000000,false
7,4/2/26 12:39 PM,Dal Tadka,Vegan,Veg Curries,Entrée,Food,12.99,0.00,12.99,1.0,1.30000000,false
7,4/2/26 12:39 PM,Garlic Naan,,Naan,Bread,Food,9.98,0.00,9.98,2.0,1.00000000,false
8,4/2/26 12:59 PM,Lamb Samosa,,Samosa,Appetizer,Appetizer,9.99,0.00,9.99,1.0,1.00000000,false
9,4/2/26 1:10 PM,Hakka Noodles,,Entrees,Indo-Chines,,15.99,0.00,15.99,1.0,1.60000000,false
9,4/2/26 1:10 PM,Veg Paneer Biryani,,Veg,Biryani,Biryani,14.99,0.00,14.99,1.0,1.50000000,false
9,4/2/26 1:10 PM,Butter Chicken,,Non-Veg Curries,Entrée,Food,15.99,0.00,15.99,1.0,1.60000000,false
9,4/2/26 1:10 PM,Garlic Naan,,Naan,Bread,Food,4.99,0.00,4.99,1.0,0.50000000,false
10,4/2/26 1:11 PM,Plain Dosa,,Dosa,Bread,Food,11.99,0.00,11.99,1.0,1.20000000,false
10,4/2/26 1:11 PM,Salmon Tandoori,,Tandoori,Appetizer,Appetizer,18.99,0.00,18.99,1.0,1.90000000,false
11,4/2/26 1:45 PM,Kids Butter Chicken,,Kids,Kids,,7.99,0.00,7.99,1.0,0.80000000,true
12,4/2/26 1:53 PM,Garlic Naan,,Naan,Bread,Food,4.99,0.00,4.49,1.0,0.44000000,false
12,4/2/26 1:53 PM,Kids Butter Chicken,,Kids,Kids,,7.99,0.00,7.19,1.0,0.71000000,false
11,4/2/26 2:01 PM,Garlic Naan,,Naan,Bread,Food,4.99,0.00,4.99,1.0,0.50000000,true
13,4/2/26 2:18 PM,Plain Dosa,,Dosa,Bread,Food,11.99,0.00,11.99,1.0,1.20000000,false
13,4/2/26 2:18 PM,Coke,,Soda & Water,Beverage,NA Beverage,1.99,0.00,1.99,1.0,0.20000000,false
14,4/2/26 5:11 PM,Hot & Sour Soup,,Soup,Soup & Salad,,6.99,0.00,6.99,1.0,0.70000000,false
14,4/2/26 5:11 PM,Chicken Samosa,,Samosa,Appetizer,Appetizer,6.99,0.00,6.99,1.0,0.70000000,false
14,4/2/26 5:11 PM,Saag Chicken-Bone Less,,Saag,Entrée,Food,16.99,0.00,16.99,1.0,1.70000000,false
14,4/2/26 5:11 PM,Lamb Chops,,Tandoori,Appetizer,Appetizer,25.99,0.00,25.99,1.0,2.60000000,false
14,4/2/26 5:11 PM,Fried Rice,,Entrees,Indo-Chines,,12.99,0.00,12.99,1.0,1.30000000,false
15,4/2/26 5:27 PM,Dal Makhani,,Veg Curries,Entrée,Food,14.99,0.00,14.99,1.0,1.50000000,false
15,4/2/26 5:27 PM,Butter Naan,,Naan,Bread,Food,3.99,0.00,3.99,1.0,0.40000000,false
15,4/2/26 5:27 PM,Butter Naan,,Naan,Bread,Food,3.99,0.00,3.99,1.0,0.40000000,false
15,4/2/26 5:27 PM,Salmon Tandoori,,Tandoori,Appetizer,Appetizer,18.99,0.00,18.99,1.0,1.90000000,false
15,4/2/26 5:27 PM,Mango Lassi,,Lassi & Tea,Beverage,NA Beverage,4.99,0.00,4.99,1.0,0.50000000,false
15,4/2/26 5:27 PM,Mango Lassi,,Lassi & Tea,Beverage,NA Beverage,4.99,0.00,4.99,1.0,0.50000000,false
16,4/2/26 5:55 PM,Paneer Tikka Masala,,Tikka Masala Curry,Entrée,Food,15.99,0.00,15.99,1.0,1.60000000,false
16,4/2/26 5:55 PM,Dal Tadka,Vegan,Veg Curries,Entrée,Food,12.99,0.00,12.99,1.0,1.30000000,false
16,4/2/26 5:55 PM,Garlic Naan,,Naan,Bread,Food,4.99,0.00,4.99,1.0,0.50000000,false
16,4/2/26 5:55 PM,Garlic Naan,,Naan,Bread,Food,4.99,0.00,4.99,1.0,0.50000000,false
16,4/2/26 5:55 PM,Garlic Naan,,Naan,Bread,Food,4.99,0.00,4.99,1.0,0.50000000,false
16,4/2/26 5:55 PM,Gulab Jamun,,,,,4.99,0.00,4.99,1.0,0E-8,false
17,4/2/26 6:46 PM,Coconut Curry,,Coconut,Entrée,Food,15.99,0.00,15.99,1.0,1.60000000,false
17,4/2/26 6:46 PM,Butter Chicken,,Non-Veg Curries,Entrée,Food,15.99,0.00,15.99,1.0,1.60000000,false
17,4/2/26 6:46 PM,Saag Paneer,,Saag,Entrée,Food,16.99,0.00,16.99,1.0,1.70000000,false
17,4/2/26 6:46 PM,Garlic Naan,,Naan,Bread,Food,4.99,0.00,4.99,1.0,0.50000000,false
17,4/2/26 6:46 PM,Garlic Naan,,Naan,Bread,Food,4.99,0.00,4.99,1.0,0.50000000,false
18,4/2/26 6:52 PM,Fried Rice,,Entrees,Indo-Chines,,12.99,0.00,12.99,1.0,1.30000000,false
19,4/2/26 7:01 PM,Channa Masala,Vegan,Veg Curries,Entrée,Food,12.99,0.00,12.99,1.0,1.30000000,false
19,4/2/26 7:01 PM,Spring Roll,,Spring Roll,Appetizer,Appetizer,5.99,0.00,5.99,1.0,0.60000000,false
20,4/2/26 7:22 PM,Chicken 65 Biryani,,Nonveg,Biryani,Biryani,16.99,0.00,15.29,1.0,1.53000000,false
20,4/2/26 7:22 PM,Garlic Naan,,Naan,Bread,Food,4.99,0.00,4.49,1.0,0.44000000,false
21,4/2/26 8:44 PM,Malai Tikka,Tikka,Tandoori,Appetizer,Appetizer,14.99,0.00,14.99,1.0,1.50000000,false
21,4/2/26 8:44 PM,Butter Chicken,,Non-Veg Curries,Entrée,Food,15.99,0.00,15.99,1.0,1.60000000,false
21,4/2/26 8:44 PM,Butter Chicken,,Non-Veg Curries,Entrée,Food,15.99,0.00,15.99,1.0,1.60000000,false
21,4/2/26 8:44 PM,Cheese Naan,,Naan,Bread,Food,5.99,0.00,5.99,1.0,0.60000000,false
21,4/2/26 9:24 PM,Coke,,Soda & Water,Beverage,NA Beverage,1.99,0.00,1.99,1.0,0.20000000,false
21,4/2/26 9:24 PM,Coke,,Soda & Water,Beverage,NA Beverage,1.99,0.00,1.99,1.0,0.20000000,false
21,4/2/26 9:24 PM,Dr pepper,,Soda & Water,Beverage,NA Beverage,1.99,0.00,1.99,1.0,0.20000000,false
1,4/3/26 11:25 AM,Salmon Tandoori,,Tandoori,Appetizer,Appetizer,33.99,0.00,30.59,1.0,3.07000000,false
2,4/3/26 11:33 AM,Mulligatawny Soup,,Soup,Soup & Salad,,5.99,0.00,5.99,1.0,0.60000000,false
2,4/3/26 11:33 AM,Cheese Naan,,Naan,Bread,Food,5.99,0.00,5.99,1.0,0.60000000,false
2,4/3/26 11:33 AM,Channa Masala,Vegan,Veg Curries,Entrée,Food,12.99,0.00,12.99,1.0,1.30000000,false
3,4/3/26 11:38 AM,Lamb Curry,,Non-Veg Curries,Entrée,Food,17.99,0.00,17.99,1.0,1.80000000,false
4,4/3/26 12:02 PM,Chicken 65,,65,Appetizer,Appetizer,12.99,0.00,12.99,1.0,1.30000000,false
4,4/3/26 12:02 PM,Rice,,,,,5.99,0.00,5.99,1.0,0E-8,false
5,4/3/26 12:02 PM,Chicken 65,,65,Appetizer,Appetizer,12.99,0.00,12.99,1.0,1.30000000,false
5,4/3/26 12:02 PM,Chole Bhature,,Chole Bhature,Appetizer,Appetizer,25.98,0.00,25.98,2.0,2.60000000,false
5,4/3/26 12:02 PM,Maysur Masala Dosa,,Dosa,Bread,Food,13.99,0.00,13.99,1.0,1.40000000,false
5,4/3/26 12:02 PM,Goat Biryani,,Nonveg,Biryani,Biryani,18.99,0.00,18.99,1.0,1.90000000,false
6,4/3/26 12:15 PM,Samosa,,Chaat,Appetizer,Appetizer,8.99,0.00,8.99,1.0,0.90000000,false
6,4/3/26 12:15 PM,Coconut Curry,,Coconut,Entrée,Food,15.99,0.00,15.99,1.0,1.60000000,false
6,4/3/26 12:15 PM,Chicken Tikka Masala,,Tikka Masala Curry,Entrée,Food,15.99,0.00,15.99,1.0,1.60000000,false
6,4/3/26 12:15 PM,Butter Naan,,Naan,Bread,Food,7.98,0.00,7.98,2.0,0.80000000,false
9,4/3/26 12:20 PM,Bottle Water,,Soda & Water,Beverage,NA Beverage,0.99,0.00,0.99,1.0,0.10000000,false
8,4/3/26 12:21 PM,Hakka Noodles,,Entrees,Indo-Chines,,14.99,0.00,14.99,1.0,1.50000000,false
8,4/3/26 12:21 PM,Veg Samosa,,Samosa,Appetizer,Appetizer,5.99,0.00,5.99,1.0,0.60000000,false
8,4/3/26 12:21 PM,Salmon Tandoori,,Tandoori,Appetizer,Appetizer,18.99,0.00,18.99,1.0,1.90000000,false
8,4/3/26 12:21 PM,Chole Bhature,,Chole Bhature,Appetizer,Appetizer,12.99,0.00,12.99,1.0,1.30000000,false
10,4/3/26 12:26 PM,Cheese Masala Dosa,,Dosa,Bread,Food,13.99,0.00,13.99,1.0,1.40000000,false
10,4/3/26 12:26 PM,Chicken Curry,,Non-Veg Curries,Entrée,Food,15.99,0.00,15.99,1.0,1.60000000,false
10,4/3/26 12:26 PM,Garlic Naan,,Naan,Bread,Food,9.98,0.00,9.98,2.0,1.00000000,false
5,4/3/26 12:30 PM,Butter Chicken,,Non-Veg Curries,Entrée,Food,15.99,0.00,15.99,1.0,1.60000000,false
5,4/3/26 12:30 PM,Butter Naan,,Naan,Bread,Food,7.98,0.00,7.98,2.0,0.80000000,false
11,4/3/26 12:35 PM,Half Chicken Tandoori,,Tandoori,Appetizer,Appetizer,12.99,0.00,12.99,1.0,1.30000000,false
11,4/3/26 12:35 PM,Aloo Tikki,,Chaat,Appetizer,Appetizer,17.98,0.00,17.98,2.0,1.80000000,false
11,4/3/26 12:35 PM,Butter Naan,,Naan,Bread,Food,3.99,0.00,3.99,1.0,0.40000000,false
12,4/3/26 12:40 PM,Aloo Gobi Matar,Vegan,Veg Curries,Entrée,Food,12.99,0.00,12.99,1.0,1.30000000,false
12,4/3/26 12:40 PM,Veg Samosa,,Samosa,Appetizer,Appetizer,5.99,0.00,5.99,1.0,0.60000000,false
14,4/3/26 12:43 PM,Kaju Curry,,Veg Curries,Entrée,Food,16.99,0.00,16.99,1.0,1.70000000,false
14,4/3/26 12:43 PM,Garlic Naan,,Naan,Bread,Food,9.98,0.00,9.98,2.0,1.00000000,false
8,4/3/26 12:54 PM,Hakka Noodles,,Entrees,Indo-Chines,,14.99,0.00,14.99,1.0,1.50000000,false
10,4/3/26 1:08 PM,Gulabjamun,,Hot,Desserts,,4.99,0.00,4.99,1.0,0.50000000,false
15,4/3/26 1:15 PM,Full Chicken Tandoori,,Tandoori,Appetizer,Appetizer,18.99,0.00,17.09,1.0,1.71000000,false
15,4/3/26 1:15 PM,Garlic Naan,,Naan,Bread,Food,4.99,0.00,4.49,1.0,0.44000000,false
15,4/3/26 1:15 PM,Mango Lassi,,Lassi & Tea,Beverage,NA Beverage,4.99,0.00,4.49,1.0,0.44000000,false
15,4/3/26 1:15 PM,Coke,,Soda & Water,Beverage,NA Beverage,1.99,0.00,1.79,1.0,0.19000000,false
15,4/3/26 1:15 PM,Sprite,,Soda & Water,Beverage,NA Beverage,1.99,0.00,1.79,1.0,0.19000000,false
11,4/3/26 1:50 PM,Coke,,Soda & Water,Beverage,NA Beverage,1.99,0.00,1.99,1.0,0.20000000,false
16,4/3/26 2:32 PM,Fish Tikka Masala,,Tikka Masala Curry,Entrée,Food,17.99,0.00,17.99,1.0,1.80000000,false
16,4/3/26 2:32 PM,Chicken Curry,,Non-Veg Curries,Entrée,Food,15.99,0.00,15.99,1.0,1.60000000,false
16,4/3/26 2:32 PM,Chicken Tikka Masala,,Tikka Masala Curry,Entrée,Food,15.99,0.00,15.99,1.0,1.60000000,false
16,4/3/26 2:32 PM,Garlic Naan,,Naan,Bread,Food,4.99,0.00,4.99,1.0,0.50000000,false
16,4/3/26 2:32 PM,Chicken Sheekh Kabab,,Sheekh Kabab,Appetizer,Appetizer,13.99,0.00,13.99,1.0,1.40000000,false
17,4/3/26 2:43 PM,Okra Masala,Vegan,Veg Curries,Entrée,Food,13.99,0.00,13.99,1.0,1.40000000,false
17,4/3/26 2:43 PM,Butter Chicken,,Non-Veg Curries,Entrée,Food,15.99,0.00,15.99,1.0,1.60000000,false
17,4/3/26 2:43 PM,Sweet Tea,,Lassi & Tea,Beverage,NA Beverage,5.98,0.00,5.98,2.0,0.60000000,false
17,4/3/26 2:46 PM,Mushroom Salt n Pepper,,Mushroom Salt n Pepper,Appetizer,Appetizer,10.99,0.00,10.99,1.0,1.10000000,false
18,4/3/26 5:02 PM,Saag Paneer,,Saag,Entrée,Food,16.99,0.00,16.99,1.0,1.70000000,false
18,4/3/26 5:02 PM,Kadhai,,Kadhai,Entrée,Food,15.99,0.00,15.99,1.0,1.60000000,false
18,4/3/26 5:02 PM,Garlic Naan,,Naan,Bread,Food,4.99,0.00,4.99,1.0,0.50000000,false
19,4/3/26 5:06 PM,Coconut Curry,,Coconut,Entrée,Food,15.99,0.00,15.99,1.0,1.60000000,false
19,4/3/26 5:06 PM,Samosa,,Chaat,Appetizer,Appetizer,8.99,0.00,8.99,1.0,0.90000000,false
19,4/3/26 5:06 PM,Garlic Naan,,Naan,Bread,Food,4.99,0.00,4.99,1.0,0.50000000,false
19,4/3/26 5:06 PM,Channa Masala,Vegan,Veg Curries,Entrée,Food,12.99,0.00,12.99,1.0,1.30000000,false
20,4/3/26 5:45 PM,Kulfi,,Cold,Desserts,,11.97,2.39,5.75,3.0,0.58000000,true
21,4/3/26 5:49 PM,Kulfi,,,,,5.97,0.00,5.97,3.0,0E-8,false
22,4/3/26 5:53 PM,Garlic Naan,,Naan,Bread,Food,4.99,0.00,4.99,1.0,0.50000000,false
22,4/3/26 5:53 PM,Chili Garlic Naan,,Naan,Bread,Food,5.99,0.00,5.99,1.0,0.60000000,false
22,4/3/26 5:53 PM,Vindaloo Curry,,Vindaloo,Entrée,Food,18.99,0.00,18.99,1.0,1.90000000,false
22,4/3/26 5:53 PM,Vindaloo Curry,,Vindaloo,Entrée,Food,15.99,0.00,15.99,1.0,1.60000000,false
22,4/3/26 5:53 PM,Chicken Sheekh Kabab,,Sheekh Kabab,Appetizer,Appetizer,13.99,0.00,13.99,1.0,1.40000000,false
23,4/3/26 6:14 PM,Chettinad Curry,,Chettinad,Entrée,Food,18.99,0.00,18.99,1.0,1.90000000,false
23,4/3/26 6:14 PM,Dal Makhani,,Veg Curries,Entrée,Food,14.99,0.00,14.99,1.0,1.50000000,false
23,4/3/26 6:14 PM,Veg Samosa,,Samosa,Appetizer,Appetizer,5.99,0.00,5.99,1.0,0.60000000,false
23,4/3/26 6:14 PM,Garlic Naan,,Naan,Bread,Food,4.99,0.00,4.99,1.0,0.50000000,false
23,4/3/26 6:14 PM,Raita,,Sides,Sides,,4.99,0.00,4.99,1.0,0.50000000,false
24,4/3/26 6:20 PM,Papad,,Papad,Appetizer,Appetizer,3.99,0.00,3.99,1.0,0.40000000,false
24,4/3/26 6:20 PM,Saag Paneer,,Saag,Entrée,Food,16.99,0.00,16.99,1.0,1.70000000,false
24,4/3/26 6:20 PM,Chicken Tikka Masala,,Tikka Masala Curry,Entrée,Food,31.98,0.00,31.98,2.0,3.20000000,false
24,4/3/26 6:20 PM,Saag Lamb,,Saag,Entrée,Food,18.99,0.00,18.99,1.0,1.90000000,false
24,4/3/26 6:20 PM,Garlic Naan,,Naan,Bread,Food,4.99,0.00,4.99,1.0,0.50000000,false
24,4/3/26 6:20 PM,Garlic Naan,,Naan,Bread,Food,4.99,0.00,4.99,1.0,0.50000000,false
24,4/3/26 6:20 PM,Garlic Naan,,Naan,Bread,Food,4.99,0.00,4.99,1.0,0.50000000,false
22,4/3/26 6:21 PM,Coconut Curry,,Coconut,Entrée,Food,15.99,0.00,15.99,1.0,1.60000000,false
27,4/3/26 6:41 PM,Butter Chicken,,Non-Veg Curries,Entrée,Food,15.99,0.00,15.99,1.0,1.60000000,false
27,4/3/26 6:41 PM,Veg Biryani,,Veg,Biryani,Biryani,16.99,0.00,16.99,1.0,1.70000000,false
27,4/3/26 6:41 PM,Garlic Naan,,Naan,Bread,Food,4.99,0.00,4.99,1.0,0.50000000,false
28,4/3/26 6:53 PM,Dal Tadka,Vegan,Veg Curries,Entrée,Food,12.99,0.00,12.99,1.0,1.30000000,false
28,4/3/26 6:53 PM,Chapati,,,,,4.99,0.00,4.99,1.0,0E-8,false
28,4/3/26 6:53 PM,Coconut Curry,,Coconut,Entrée,Food,15.99,0.00,15.99,1.0,1.60000000,false
28,4/3/26 6:53 PM,Garlic Naan,,Naan,Bread,Food,4.99,0.00,4.99,1.0,0.50000000,false
29,4/3/26 7:14 PM,Paneer 65,,65,Appetizer,Appetizer,12.99,0.00,12.99,1.0,1.30000000,false
29,4/3/26 7:14 PM,Goat Biryani,,Nonveg,Biryani,Biryani,18.99,0.00,18.99,1.0,1.90000000,false
29,4/3/26 7:14 PM,Dal Makhani,,Veg Curries,Entrée,Food,14.99,0.00,14.99,1.0,1.50000000,false
29,4/3/26 7:14 PM,Garlic Naan,,Naan,Bread,Food,4.99,0.00,4.99,1.0,0.50000000,false
30,4/3/26 7:18 PM,Veg Samosa,,Samosa,Appetizer,Appetizer,5.99,0.00,5.99,1.0,0.60000000,false
30,4/3/26 7:18 PM,Channa Masala,Vegan,Veg Curries,Entrée,Food,12.99,0.00,12.99,1.0,1.30000000,false
30,4/3/26 7:18 PM,Butter Naan,,Naan,Bread,Food,3.99,0.00,3.99,1.0,0.40000000,false
31,4/3/26 7:25 PM,Chicken Biryani,,Nonveg,Biryani,Biryani,16.99,0.00,16.99,1.0,1.70000000,false
31,4/3/26 7:25 PM,Fried Rice,,Entrees,Indo-Chines,,14.99,0.00,14.99,1.0,1.50000000,false
32,4/3/26 7:55 PM,Half Chicken Tandoori,,Tandoori,Appetizer,Appetizer,12.99,0.00,12.99,1.0,1.30000000,true
32,4/3/26 7:55 PM,Tandoori Roti Plain,,Roti,Bread,Food,3.99,0.00,3.99,1.0,0.40000000,false
32,4/3/26 7:55 PM,Tandoori Roti Plain,,Roti,Bread,Food,3.99,0.00,3.99,1.0,0.40000000,false
32,4/3/26 7:55 PM,Highway Chicken,,Non-Veg Curries,Entrée,Food,15.99,0.00,15.99,1.0,1.60000000,false
32,4/3/26 7:55 PM,Butter Naan,,Naan,Bread,Food,3.99,0.00,3.99,1.0,0.40000000,false
33,4/3/26 8:15 PM,Masala Fries,,Kids,Kids,,4.99,0.00,4.99,1.0,0.50000000,false
33,4/3/26 8:15 PM,Amul Cheese Butter Masala,,,,,18.99,0.00,18.99,1.0,0E-8,false
33,4/3/26 8:15 PM,Butter Naan,,Naan,Bread,Food,3.99,0.00,3.99,1.0,0.40000000,false
33,4/3/26 8:15 PM,Onion and Chili,,Sides,Sides,,2.99,0.00,2.99,1.0,0.30000000,false
32,4/3/26 8:19 PM,Full Chicken Tandoori,,Tandoori,Appetizer,Appetizer,18.99,0.00,18.99,1.0,1.90000000,false
32,4/3/26 8:30 PM,Butter Naan,,Naan,Bread,Food,3.99,0.00,3.99,1.0,0.40000000,false
34,4/3/26 8:31 PM,Chicken Tikka Salad,,Salad,Soup & Salad,,11.99,0.00,11.99,1.0,1.20000000,false
34,4/3/26 8:31 PM,Chicken Kathi Roll,,Kathi Roll,Appetizer,Appetizer,12.99,0.00,12.99,1.0,1.30000000,false
35,4/3/26 8:33 PM,Chicken Biryani,,Nonveg,Biryani,Biryani,16.99,0.00,16.99,1.0,1.70000000,false
35,4/3/26 8:33 PM,Hakka Noodles,,Entrees,Indo-Chines,,15.99,0.00,15.99,1.0,1.60000000,false
35,4/3/26 8:33 PM,Samosa,,Chaat,Appetizer,Appetizer,8.99,0.00,8.99,1.0,0.90000000,false
36,4/3/26 8:48 PM,Chili Chicken,,Appetizer,Indo-Chines,,25.98,0.00,23.38,2.0,2.33000000,false
36,4/3/26 8:48 PM,Chicken 65,,65,Appetizer,Appetizer,12.99,0.00,11.69,1.0,1.17000000,false
36,4/3/26 8:48 PM,Bread Basket,,Others,Bread,Food,14.99,0.00,13.49,1.0,1.34000000,false
36,4/3/26 8:48 PM,Butter Chicken,,Non-Veg Curries,Entrée,Food,15.99,0.00,14.39,1.0,1.43000000,false
36,4/3/26 8:48 PM,Goat Biryani,,Nonveg,Biryani,Biryani,37.98,0.00,34.18,2.0,3.41000000,false
36,4/3/26 8:48 PM,Highway Chicken,,Non-Veg Curries,Entrée,Food,15.99,0.00,14.39,1.0,1.43000000,false
37,4/3/26 9:03 PM,Goat Curry,,Non-Veg Curries,Entrée,Food,18.99,0.00,17.09,1.0,1.71000000,false
37,4/3/26 9:03 PM,Hakka Noodles,,Entrees,Indo-Chines,,12.99,0.00,11.69,1.0,1.17000000,false
37,4/3/26 9:03 PM,Garlic Naan,,Naan,Bread,Food,4.99,0.00,4.49,1.0,0.44000000,false
37,4/3/26 9:08 PM,Garlic Naan,,Naan,Bread,Food,4.99,0.00,4.49,1.0,0.44000000,false
37,4/3/26 9:10 PM,Onion,,Salad,Soup & Salad,,2.99,0.00,2.69,1.0,0.27000000,false
36,4/3/26 9:22 PM,Garlic Naan,,Naan,Bread,Food,4.99,0.00,4.49,1.0,0.44000000,false
36,4/3/26 9:29 PM,Highway Chicken,,Non-Veg Curries,Entrée,Food,15.99,0.00,14.39,1.0,1.43000000,false
36,4/3/26 9:58 PM,Mango Lassi,,Lassi & Tea,Beverage,NA Beverage,19.96,0.00,17.97,4.0,1.80000000,false
1,4/4/26 11:18 AM,Weekend Buffet,,Buffet,Sides,,17.99,0.00,17.99,1.0,1.80000000,false
1,4/4/26 11:18 AM,Bottle Water,,Soda & Water,Beverage,NA Beverage,0.99,0.00,0.99,1.0,0.10000000,false
1,4/4/26 11:18 AM,Mango Lassi,,Lassi & Tea,Beverage,NA Beverage,4.99,0.00,4.99,1.0,0.50000000,false
2,4/4/26 11:21 AM,Weekend Buffet,,Buffet,Sides,,17.99,0.00,17.99,1.0,1.80000000,false
3,4/4/26 11:27 AM,Chicken Nuggets,,Kids,Kids,,6.99,0.00,6.99,1.0,0.70000000,false
3,4/4/26 11:27 AM,Weekend Buffet,,Buffet,Sides,,17.99,0.00,17.99,1.0,1.80000000,false
3,4/4/26 11:27 AM,Weekend Buffet,,Buffet,Sides,,17.99,0.00,17.99,1.0,1.80000000,false
3,4/4/26 11:27 AM,Mango Lassi,,Lassi & Tea,Beverage,NA Beverage,4.99,0.00,4.99,1.0,0.50000000,false
4,4/4/26 11:30 AM,Weekend Buffet,,Buffet,Sides,,17.99,0.00,17.99,1.0,1.80000000,false
5,4/4/26 11:48 AM,Fried Rice,,Entrees,Indo-Chines,,15.99,0.00,15.99,1.0,1.60000000,false
5,4/4/26 11:48 AM,Weekend Buffet,,Buffet,Sides,,17.99,0.00,17.99,1.0,1.80000000,false
2,4/4/26 11:52 AM,Diet Coke,,Soda & Water,Beverage,NA Beverage,1.99,0.00,1.99,1.0,0.20000000,false
6,4/4/26 12:02 PM,Weekend Buffet,,Buffet,Sides,,17.99,0.00,17.99,1.0,1.80000000,false
6,4/4/26 12:02 PM,Weekend Buffet,,Buffet,Sides,,17.99,0.00,17.99,1.0,1.80000000,false
7,4/4/26 12:05 PM,Chicken Tikka Masala,,Tikka Masala Curry,Entrée,Food,15.99,0.00,15.99,1.0,1.60000000,false
7,4/4/26 12:05 PM,Weekend Buffet,,Buffet,Sides,,17.99,0.00,17.99,1.0,1.80000000,false
8,4/4/26 12:08 PM,Weekend Buffet,,Buffet,Sides,,17.99,0.00,17.99,1.0,1.80000000,false
9,4/4/26 12:28 PM,Weekend Buffet,,Buffet,Sides,,53.97,0.00,53.97,3.0,5.40000000,false
10,4/4/26 1:03 PM,Mushroom Salt n Pepper,,Others,Appetizer,Appetizer,10.99,0.00,10.99,1.0,1.10000000,true
10,4/4/26 1:03 PM,Hara Bhara Kabab,,Others,Appetizer,Appetizer,10.99,0.00,10.99,1.0,1.10000000,true
10,4/4/26 1:03 PM,Spring Roll,,Others,Appetizer,Appetizer,5.99,0.00,5.99,1.0,0.60000000,true
10,4/4/26 1:03 PM,Mushroom Salt n Pepper,,Others,Appetizer,Appetizer,10.99,0.00,10.99,1.0,1.10000000,true
10,4/4/26 1:03 PM,Spring Roll,,Others,Appetizer,Appetizer,5.99,0.00,5.99,1.0,0.60000000,true
11,4/4/26 1:04 PM,Weekend Buffet,,Buffet,Sides,,35.98,0.00,35.98,2.0,3.60000000,false
12,4/4/26 1:08 PM,Weekend Buffet,,Buffet,Sides,,17.99,0.00,17.99,1.0,1.80000000,false
13,4/4/26 1:11 PM,Weekend Buffet,,Buffet,Sides,,17.99,0.00,17.99,1.0,1.80000000,false
13,4/4/26 1:11 PM,Weekend Buffet,,Buffet,Sides,,17.99,0.00,17.99,1.0,1.80000000,false
13,4/4/26 1:11 PM,Mango Lassi,,Lassi & Tea,Beverage,NA Beverage,4.99,0.00,4.99,1.0,0.50000000,false
14,4/4/26 1:11 PM,Weekend Buffet,,Buffet,Sides,,17.99,0.00,17.99,1.0,1.80000000,false
15,4/4/26 1:21 PM,Butter Chicken,,Non-Veg Curries,Entrée,Food,15.99,0.00,15.99,1.0,1.60000000,false
15,4/4/26 1:21 PM,Garlic Naan,,Naan,Bread,Food,4.99,0.00,4.99,1.0,0.50000000,false
16,4/4/26 1:27 PM,Okra Masala,Vegan,Veg Curries,Entrée,Food,13.99,0.00,13.99,1.0,1.40000000,false
16,4/4/26 1:27 PM,Mushroom Salt n Pepper,,Mushroom Salt n Pepper,Appetizer,Appetizer,10.99,0.00,10.99,1.0,1.10000000,false
17,4/4/26 1:27 PM,Weekend Buffet,,Buffet,Sides,,17.99,0.00,17.99,1.0,1.80000000,false
17,4/4/26 1:27 PM,Weekend Buffet,,Buffet,Sides,,17.99,0.00,17.99,1.0,1.80000000,false
16,4/4/26 1:28 PM,Weekend Buffet,,Buffet,Sides,,17.99,0.00,17.99,1.0,1.80000000,false
16,4/4/26 1:28 PM,Weekend Buffet,,Buffet,Sides,,17.99,0.00,17.99,1.0,1.80000000,false
16,4/4/26 1:28 PM,Ginger Ale,,Soda & Water,Beverage,NA Beverage,1.99,0.00,1.99,1.0,0.20000000,false
16,4/4/26 1:28 PM,Ginger Ale,,Soda & Water,Beverage,NA Beverage,1.99,0.00,1.99,1.0,0.20000000,false
18,4/4/26 1:32 PM,Paneer 65,,65,Appetizer,Appetizer,12.99,0.00,12.99,1.0,1.30000000,true
19,4/4/26 2:00 PM,Goat Curry,,Non-Veg Curries,Entrée,Food,18.99,0.00,18.99,1.0,1.90000000,false
19,4/4/26 2:00 PM,Channa Masala,Vegan,Veg Curries,Entrée,Food,12.99,0.00,12.99,1.0,1.30000000,false
19,4/4/26 2:00 PM,Garlic Naan,,Naan,Bread,Food,4.99,0.00,4.99,1.0,0.50000000,false
19,4/4/26 2:00 PM,Garlic Naan,,Naan,Bread,Food,4.99,0.00,4.99,1.0,0.50000000,false
21,4/4/26 2:18 PM,Mix Veg,Vegan,Veg Curries,Entrée,Food,13.99,0.00,13.99,1.0,1.40000000,false
21,4/4/26 2:18 PM,Kadhai Paneer,,Veg Curries,Entrée,Food,15.99,0.00,15.99,1.0,1.60000000,false
21,4/4/26 2:18 PM,Dal Tadka,Vegan,Veg Curries,Entrée,Food,12.99,0.00,12.99,1.0,1.30000000,false
21,4/4/26 2:18 PM,Garlic Naan,,Naan,Bread,Food,4.99,0.00,4.99,1.0,0.50000000,false
21,4/4/26 2:18 PM,Garlic Naan,,Naan,Bread,Food,4.99,0.00,4.99,1.0,0.50000000,false
21,4/4/26 2:18 PM,Chapati,,,,,14.97,0.00,14.97,3.0,0E-8,false
21,4/4/26 2:18 PM,Bullet Naan,,Naan,Bread,Food,9.98,0.00,9.98,2.0,1.00000000,false
21,4/4/26 2:18 PM,Butter Milk,,Lassi & Tea,Beverage,NA Beverage,15.96,0.00,15.96,4.0,1.60000000,false
22,4/4/26 2:20 PM,Weekend Buffet,,Buffet,Sides,,17.99,0.00,17.99,1.0,1.80000000,false
22,4/4/26 2:20 PM,Weekend Buffet,,Buffet,Sides,,17.99,0.00,17.99,1.0,1.80000000,false
22,4/4/26 2:20 PM,Coke,,Soda & Water,Beverage,NA Beverage,1.99,0.00,1.99,1.0,0.20000000,false
22,4/4/26 2:20 PM,Coke,,Soda & Water,Beverage,NA Beverage,1.99,0.00,1.99,1.0,0.20000000,false
23,4/4/26 2:23 PM,Weekend Buffet,,Buffet,Sides,,17.99,0.00,17.99,1.0,1.80000000,false
23,4/4/26 2:23 PM,Weekend Buffet,,Buffet,Sides,,17.99,0.00,17.99,1.0,1.80000000,false
24,4/4/26 2:24 PM,Salmon Tandoori,,Tandoori,Appetizer,Appetizer,34.98,0.00,34.98,1.0,3.50000000,false
21,4/4/26 2:29 PM,Butter Milk,,Lassi & Tea,Beverage,NA Beverage,3.99,0.00,3.99,1.0,0.40000000,false
21,4/4/26 2:36 PM,Channa Masala,Vegan,Veg Curries,Entrée,Food,12.99,0.00,12.99,1.0,1.30000000,false
21,4/4/26 2:43 PM,Chapati,,,,,9.98,0.00,9.98,2.0,0E-8,false
21,4/4/26 2:43 PM,Onion,,Salad,Soup & Salad,,2.99,0.00,2.99,1.0,0.30000000,false
25,4/4/26 5:22 PM,Garlic Naan,,Naan,Bread,Food,4.99,0.00,4.99,1.0,0.50000000,false
25,4/4/26 5:22 PM,Lamb Tikka Masala,,Tikka Masala Curry,Entrée,Food,18.99,0.00,18.99,1.0,1.90000000,false
25,4/4/26 5:22 PM,Garlic Naan,,Naan,Bread,Food,4.99,0.00,4.99,1.0,0.50000000,false
25,4/4/26 5:22 PM,Chicken Tikka Masala,,Tikka Masala Curry,Entrée,Food,15.99,0.00,15.99,1.0,1.60000000,false
26,4/4/26 5:26 PM,Chicken Tikka Masala,,Tikka Masala Curry,Entrée,Food,15.99,0.00,15.99,1.0,1.60000000,false
26,4/4/26 5:26 PM,Butter Naan,,Naan,Bread,Food,3.99,0.00,3.99,1.0,0.40000000,false
26,4/4/26 5:30 PM,Ginger Ale,,Soda & Water,Beverage,NA Beverage,1.99,0.00,1.99,1.0,0.20000000,false
27,4/4/26 5:31 PM,Sprite,,Soda & Water,Beverage,NA Beverage,1.99,0.00,1.99,1.0,0.20000000,false
27,4/4/26 5:31 PM,Dr pepper,,Soda & Water,Beverage,NA Beverage,1.99,0.00,1.99,1.0,0.20000000,false
26,4/4/26 5:51 PM,Butter Chicken,,Non-Veg Curries,Entrée,Food,15.99,0.00,15.99,1.0,1.60000000,false
26,4/4/26 5:51 PM,Garlic Naan,,Naan,Bread,Food,4.99,0.00,4.99,1.0,0.50000000,false
28,4/4/26 5:54 PM,Samosa,,Chaat,Appetizer,Appetizer,8.99,0.00,8.99,1.0,0.90000000,false
28,4/4/26 5:54 PM,Chettinad Curry,,Chettinad,Entrée,Food,15.99,0.00,15.99,1.0,1.60000000,false
29,4/4/26 5:59 PM,Chicken Curry,,Non-Veg Curries,Entrée,Food,15.99,0.00,15.99,1.0,1.60000000,false
31,4/4/26 6:02 PM,Goat Curry,,Non-Veg Curries,Entrée,Food,18.99,0.00,18.99,1.0,1.90000000,false
31,4/4/26 6:02 PM,Maysur Masala Dosa,,Dosa,Bread,Food,13.99,0.00,13.99,1.0,1.40000000,false
31,4/4/26 6:02 PM,Garlic Naan,,Naan,Bread,Food,4.99,0.00,4.99,1.0,0.50000000,false
31,4/4/26 6:36 PM,Gajar Halwa,,Hot,Desserts,Desserts,5.99,0.00,5.99,1.0,0.60000000,false
32,4/4/26 7:06 PM,Chicken Tikka Masala,,Tikka Masala Curry,Entrée,Food,15.99,0.00,15.99,1.0,1.60000000,false
32,4/4/26 7:06 PM,Chicken Tikka Masala,,Tikka Masala Curry,Entrée,Food,15.99,0.00,15.99,1.0,1.60000000,false
32,4/4/26 7:06 PM,Garlic Naan,,Naan,Bread,Food,4.99,0.00,4.99,1.0,0.50000000,false
33,4/4/26 8:39 PM,Chicken Tikka Masala,,Tikka Masala Curry,Entrée,Food,15.99,0.00,15.99,1.0,1.60000000,false
33,4/4/26 8:39 PM,Garlic Naan,,Naan,Bread,Food,4.99,0.00,4.99,1.0,0.50000000,false
34,4/4/26 9:15 PM,Butter Chicken,,Non-Veg Curries,Entrée,Food,15.99,0.00,15.99,1.0,1.60000000,false
34,4/4/26 9:15 PM,Garlic Naan,,Naan,Bread,Food,4.99,0.00,4.99,1.0,0.50000000,false
35,4/4/26 9:24 PM,Lamb Sheekh Kabab,,Sheekh Kabab,Appetizer,Appetizer,15.99,0.00,15.99,1.0,1.60000000,false
35,4/4/26 9:24 PM,Butter Tandoori Roti,,Roti,Bread,Food,3.99,0.00,3.99,1.0,0.40000000,false
35,4/4/26 9:28 PM,Butter Tandoori Roti,,Roti,Bread,Food,3.99,0.00,3.99,1.0,0.40000000,false
1,4/5/26 10:58 AM,Chicken Tikka Masala,,Tikka Masala Curry,Entrée,Food,15.99,0.00,15.99,1.0,1.60000000,false
1,4/5/26 10:58 AM,Navratna Shahi Korma,,Veg Curries,Entrée,Food,15.99,0.00,15.99,1.0,1.60000000,false
1,4/5/26 10:58 AM,Garlic Naan,,Naan,Bread,Food,4.99,0.00,4.99,1.0,0.50000000,true
1,4/5/26 11:14 AM,Plain,,Naan,Bread,Food,3.99,0.00,3.99,1.0,0.40000000,false
2,4/5/26 11:17 AM,Weekend Buffet,,Buffet,Sides,Sides,17.99,0.00,17.99,1.0,1.80000000,false
3,4/5/26 11:35 AM,Weekend Buffet,,Buffet,Sides,Sides,17.99,0.00,17.99,1.0,1.80000000,false
3,4/5/26 11:35 AM,Weekend Buffet,,Buffet,Sides,Sides,17.99,0.00,17.99,1.0,1.80000000,false
3,4/5/26 11:35 AM,Weekend Buffet,,Buffet,Sides,Sides,17.99,0.00,17.99,1.0,1.80000000,false
3,4/5/26 11:35 AM,Weekend Buffet,,Buffet,Sides,Sides,17.99,0.00,17.99,1.0,1.80000000,false
4,4/5/26 11:37 AM,Mix Veg Pakora,,Mix Veg Pakora,Appetizer,Appetizer,7.99,0.00,7.99,1.0,0.80000000,false
4,4/5/26 11:37 AM,Veg Samosa,,Samosa,Appetizer,Appetizer,5.99,0.00,5.99,1.0,0.60000000,false
4,4/5/26 11:37 AM,Saag Paneer,,Saag,Entrée,Food,16.99,0.00,16.99,1.0,1.70000000,false
5,4/5/26 11:37 AM,Weekend Buffet,,Buffet,Sides,Sides,17.99,0.00,17.99,1.0,1.80000000,false
3,4/5/26 11:38 AM,Mango Lassi,,Lassi & Tea,Beverage,NA Beverage,4.99,0.00,4.99,1.0,0.50000000,false
3,4/5/26 11:38 AM,Diet Coke,,Soda & Water,Beverage,NA Beverage,1.99,0.00,1.99,1.0,0.20000000,false
6,4/5/26 11:51 AM,Mix Veg Pakora,,Mix Veg Pakora,Appetizer,Appetizer,7.99,0.00,7.99,1.0,0.80000000,false
6,4/5/26 11:51 AM,Kadhai Paneer,,Veg Curries,Entrée,Food,15.99,0.00,15.99,1.0,1.60000000,false
6,4/5/26 11:51 AM,Mix Veg,Vegan,Veg Curries,Entrée,Food,13.99,0.00,13.99,1.0,1.40000000,false
6,4/5/26 11:51 AM,Butter Chicken,,Non-Veg Curries,Entrée,Food,15.99,0.00,15.99,1.0,1.60000000,false
6,4/5/26 11:51 AM,Garlic Naan,,Naan,Bread,Food,4.99,0.00,4.99,1.0,0.50000000,false
6,4/5/26 11:51 AM,Cheese Naan,,Naan,Bread,Food,5.99,0.00,5.99,1.0,0.60000000,false
6,4/5/26 11:51 AM,Butter Naan,,Naan,Bread,Food,3.99,0.00,3.99,1.0,0.40000000,false
7,4/5/26 12:04 PM,Veg Samosa,,Samosa,Appetizer,Appetizer,5.99,0.00,5.99,1.0,0.60000000,false
6,4/5/26 12:16 PM,Diet Coke,,Soda & Water,Beverage,NA Beverage,1.99,0.00,1.99,1.0,0.20000000,false
8,4/5/26 12:31 PM,Chicken Tikka Masala,,Tikka Masala Curry,Entrée,Food,15.99,0.00,15.99,1.0,1.60000000,true
8,4/5/26 12:31 PM,Okra Masala,Vegan,Veg Curries,Entrée,Food,13.99,0.00,13.99,1.0,1.40000000,true
8,4/5/26 12:31 PM,Garlic Naan,,Naan,Bread,Food,4.99,0.00,4.99,1.0,0.50000000,true
9,4/5/26 1:01 PM,Amul Cheese Butter Masala,,,,Food,18.99,0.00,18.99,1.0,0E-8,false
9,4/5/26 1:01 PM,Amul Cheese Butter Masala,,,,Food,18.99,0.00,18.99,1.0,0E-8,false
9,4/5/26 1:01 PM,Lamb Biryani,,Nonveg,Biryani,Biryani,18.99,0.00,18.99,1.0,1.90000000,false
9,4/5/26 1:01 PM,Highway Chicken,,Non-Veg Curries,Entrée,Food,15.99,0.00,15.99,1.0,1.60000000,false
9,4/5/26 1:01 PM,Mushroom Salt n Pepper,,Mushroom Salt n Pepper,Appetizer,Appetizer,10.99,0.00,10.99,1.0,1.10000000,false
9,4/5/26 1:01 PM,Veg Samosa,,Samosa,Appetizer,Appetizer,5.99,0.00,5.99,1.0,0.60000000,false
10,4/5/26 1:05 PM,Weekend Buffet,,Buffet,Sides,Sides,53.97,0.00,53.97,3.0,5.40000000,false
10,4/5/26 1:05 PM,Coke,,Soda & Water,Beverage,NA Beverage,1.99,0.00,1.99,1.0,0.20000000,false
10,4/5/26 1:05 PM,Coke,,Soda & Water,Beverage,NA Beverage,1.99,0.00,1.99,1.0,0.20000000,false
10,4/5/26 1:05 PM,Mango Lassi,,Lassi & Tea,Beverage,NA Beverage,4.99,0.00,4.99,1.0,0.50000000,false
11,4/5/26 1:05 PM,Weekend Buffet,,Buffet,Sides,Sides,17.99,0.00,17.99,1.0,1.80000000,false
11,4/5/26 1:05 PM,Unsweetened Tea,,Lassi & Tea,Beverage,NA Beverage,2.99,0.00,2.99,1.0,0.30000000,false
12,4/5/26 1:14 PM,Weekend Buffet,,Buffet,Sides,Sides,17.99,0.00,17.99,1.0,1.80000000,false
12,4/5/26 1:14 PM,Weekend Buffet,,Buffet,Sides,Sides,17.99,0.00,17.99,1.0,1.80000000,false
7,4/5/26 1:26 PM,Coke,,Soda & Water,Beverage,NA Beverage,1.99,0.00,1.99,1.0,0.20000000,false
7,4/5/26 1:26 PM,Coke,,Soda & Water,Beverage,NA Beverage,1.99,0.00,1.99,1.0,0.20000000,false
7,4/5/26 1:26 PM,Sprite,,Soda & Water,Beverage,NA Beverage,1.99,0.00,1.99,1.0,0.20000000,false
7,4/5/26 1:26 PM,Sprite,,Soda & Water,Beverage,NA Beverage,1.99,0.00,1.99,1.0,0.20000000,false
7,4/5/26 1:26 PM,Weekend Buffet,,Buffet,Sides,Sides,17.99,0.00,17.99,1.0,1.80000000,false
7,4/5/26 1:26 PM,Weekend Buffet,,Buffet,Sides,Sides,17.99,0.00,17.99,1.0,1.80000000,false
7,4/5/26 1:26 PM,Weekend Buffet,,Buffet,Sides,Sides,17.99,0.00,17.99,1.0,1.80000000,false
7,4/5/26 1:26 PM,Weekend Buffet,,Buffet,Sides,Sides,17.99,0.00,17.99,1.0,1.80000000,false
7,4/5/26 1:26 PM,Weekend Buffet,,Buffet,Sides,Sides,17.99,0.00,17.99,1.0,1.80000000,false
7,4/5/26 1:26 PM,Weekend Buffet,,Buffet,Sides,Sides,17.99,0.00,17.99,1.0,1.80000000,false
7,4/5/26 1:26 PM,Weekend Buffet,,Buffet,Sides,Sides,17.99,0.00,17.99,1.0,1.80000000,false
13,4/5/26 1:34 PM,Weekend Buffet,,Buffet,Sides,Sides,17.99,0.00,17.99,1.0,1.80000000,false
13,4/5/26 1:34 PM,Weekend Buffet,,Buffet,Sides,Sides,17.99,0.00,17.99,1.0,1.80000000,false
13,4/5/26 1:34 PM,Weekend Buffet Kids,,Buffet,Sides,Sides,8.99,0.00,8.99,1.0,0.90000000,false
13,4/5/26 1:34 PM,Weekend Buffet Kids,,Buffet,Sides,Sides,8.99,0.00,8.99,1.0,0.90000000,false
14,4/5/26 1:34 PM,Weekend Buffet,,Buffet,Sides,Sides,17.99,0.00,17.99,1.0,1.80000000,false
15,4/5/26 1:35 PM,Weekend Buffet,,Buffet,Sides,Sides,17.99,0.00,17.99,1.0,1.80000000,false
16,4/5/26 1:35 PM,Weekend Buffet,,Buffet,Sides,Sides,17.99,0.00,17.99,1.0,1.80000000,false
16,4/5/26 1:35 PM,Weekend Buffet,,Buffet,Sides,Sides,17.99,0.00,17.99,1.0,1.80000000,false
16,4/5/26 1:35 PM,Weekend Buffet,,Buffet,Sides,Sides,17.99,0.00,17.99,1.0,1.80000000,false
17,4/5/26 1:47 PM,Weekend Buffet,,Buffet,Sides,Sides,17.99,0.00,17.99,1.0,1.80000000,false
18,4/5/26 2:12 PM,Weekend Buffet,,Buffet,Sides,Sides,161.91,0.00,161.91,9.0,16.19000000,false
18,4/5/26 2:12 PM,Mango Lassi,,Lassi & Tea,Beverage,NA Beverage,24.95,0.00,24.95,5.0,2.50000000,false
18,4/5/26 2:12 PM,Coke Zero,,Soda & Water,Beverage,NA Beverage,1.99,0.00,1.99,1.0,0.20000000,false
18,4/5/26 2:12 PM,Diet Coke,,Soda & Water,Beverage,NA Beverage,1.99,0.00,1.99,1.0,0.20000000,false
19,4/5/26 2:16 PM,Weekend Buffet,,Buffet,Sides,Sides,17.99,0.00,17.99,1.0,1.80000000,false
20,4/5/26 5:26 PM,Veg Manchurian,,Appetizer,Indo-Chines,,11.99,0.00,11.99,1.0,1.20000000,false
20,4/5/26 5:26 PM,Half Chicken Tandoori,,Tandoori,Appetizer,Appetizer,12.99,0.00,12.99,1.0,1.30000000,false
20,4/5/26 5:26 PM,Maysur Masala Dosa,,Dosa,Bread,Food,41.97,0.00,41.97,3.0,4.20000000,false
20,4/5/26 5:26 PM,Chicken Curry,,Non-Veg Curries,Entrée,Food,15.99,0.00,15.99,1.0,1.60000000,false
20,4/5/26 5:26 PM,Chili Garlic Naan,,Naan,Bread,Food,11.98,0.00,11.98,2.0,1.20000000,false
20,4/5/26 5:26 PM,Masala Papad,,Papad,Appetizer,Appetizer,13.98,0.00,13.98,2.0,1.40000000,false
20,4/5/26 5:26 PM,Paneer Butter Masala,,,,Food,18.99,0.00,18.99,1.0,0E-8,false
20,4/5/26 5:26 PM,Veg Biryani,,Veg,Biryani,Biryani,16.99,0.00,16.99,1.0,1.70000000,false
20,4/5/26 5:26 PM,Chicken Biryani,,Nonveg,Biryani,Biryani,16.99,0.00,16.99,1.0,1.70000000,false
22,4/5/26 5:52 PM,Saag Paneer,,Saag,Entrée,Food,16.99,0.00,16.99,1.0,1.70000000,false
22,4/5/26 5:52 PM,Garlic Naan,,Naan,Bread,Food,4.99,0.00,4.99,1.0,0.50000000,false
23,4/5/26 6:25 PM,Mozzarella Sticks,,Kids,Kids,,6.99,0.00,6.99,1.0,0.70000000,false
23,4/5/26 6:25 PM,Kadhai Paneer,,Veg Curries,Entrée,Food,15.99,0.00,15.99,1.0,1.60000000,false
23,4/5/26 6:25 PM,Butter Naan,,Naan,Bread,Food,3.99,0.00,3.99,1.0,0.40000000,false
23,4/5/26 6:25 PM,Tandoori Roti Plain,,Roti,Bread,Food,3.99,0.00,3.99,1.0,0.40000000,false
24,4/5/26 6:34 PM,Paneer Tikka,Tikka,Others,Appetizer,Appetizer,44.97,0.00,44.97,3.0,4.50000000,false
24,4/5/26 6:34 PM,Masala Papad,,Papad,Appetizer,Appetizer,27.96,0.00,27.96,4.0,2.80000000,false
25,4/5/26 6:49 PM,Veg Samosa,,Samosa,Appetizer,Appetizer,5.99,0.00,5.99,1.0,0.60000000,false
25,4/5/26 6:49 PM,Momos Veg,,Appetizer,Indo-Chines,,11.99,0.00,11.99,1.0,1.20000000,false
25,4/5/26 6:49 PM,Hot & Sour Soup,,Soup,Soup & Salad,,5.99,0.00,5.99,1.0,0.60000000,false
25,4/5/26 6:49 PM,Channa Masala,Vegan,Veg Curries,Entrée,Food,12.99,0.00,12.99,1.0,1.30000000,false
25,4/5/26 6:49 PM,Garlic Naan,,Naan,Bread,Food,4.99,0.00,4.99,1.0,0.50000000,false
25,4/5/26 6:49 PM,Maysur Masala Dosa,,Dosa,Bread,Food,13.99,0.00,13.99,1.0,1.40000000,false
26,4/5/26 6:52 PM,Paneer Butter Masala,,,,Food,18.99,0.00,18.99,1.0,0E-8,false
26,4/5/26 6:52 PM,Veg Manchurian,,Appetizer,Indo-Chines,,11.99,0.00,11.99,1.0,1.20000000,false
26,4/5/26 6:52 PM,Malai Kofta,,Veg Curries,Entrée,Food,13.99,0.00,13.99,1.0,1.40000000,false
26,4/5/26 6:52 PM,Mango Lassi,,Lassi & Tea,Beverage,NA Beverage,4.99,0.00,4.99,1.0,0.50000000,false
26,4/5/26 6:52 PM,Mango Lassi,,Lassi & Tea,Beverage,NA Beverage,4.99,0.00,4.99,1.0,0.50000000,false
27,4/5/26 6:54 PM,Paneer Tikka Masala,,,,Food,18.99,0.00,18.99,1.0,0E-8,false
27,4/5/26 6:54 PM,Butter Naan,,Naan,Bread,Food,7.98,0.00,7.98,2.0,0.80000000,false
27,4/5/26 6:54 PM,Tandoori Roti Plain,,Roti,Bread,Food,3.99,0.00,3.99,1.0,0.40000000,false
27,4/5/26 6:54 PM,Mango Lassi,,Lassi & Tea,Beverage,NA Beverage,4.99,0.00,4.99,1.0,0.50000000,false
28,4/5/26 6:55 PM,Dal Tadka,Vegan,Veg Curries,Entrée,Food,12.99,0.00,12.99,1.0,1.30000000,false
28,4/5/26 6:55 PM,Garlic Naan,,Naan,Bread,Food,9.98,0.00,9.98,2.0,1.00000000,false
28,4/5/26 6:55 PM,Paneer Tikka Masala,,Tikka Masala Curry,Entrée,Food,15.99,0.00,15.99,1.0,1.60000000,false
28,4/5/26 6:55 PM,Masala Papad,,Papad,Appetizer,Appetizer,6.99,0.00,6.99,1.0,0.70000000,false
24,4/5/26 7:00 PM,Mango Lassi,,Lassi & Tea,Beverage,NA Beverage,14.97,0.00,14.97,3.0,1.50000000,false
24,4/5/26 7:00 PM,Butter Milk,,Lassi & Tea,Beverage,NA Beverage,7.98,0.00,7.98,2.0,0.80000000,false
24,4/5/26 7:00 PM,Vindaloo Curry,,Vindaloo,Entrée,Food,15.99,0.00,15.99,1.0,1.60000000,true
24,4/5/26 7:00 PM,Kaju Curry,,Veg Curries,Entrée,Food,16.99,0.00,16.99,1.0,1.70000000,false
24,4/5/26 7:00 PM,Kadhai Paneer,,Veg Curries,Entrée,Food,15.99,0.00,15.99,1.0,1.60000000,false
24,4/5/26 7:00 PM,Dal Tadka,Vegan,Veg Curries,Entrée,Food,25.98,0.00,25.98,2.0,2.60000000,false
24,4/5/26 7:00 PM,Garlic Naan,,Naan,Bread,Food,14.97,0.00,14.97,3.0,1.50000000,false
24,4/5/26 7:00 PM,Chili Garlic Naan,,Naan,Bread,Food,11.98,0.00,11.98,2.0,1.20000000,false
29,4/5/26 7:09 PM,Butter Chicken,,Non-Veg Curries,Entrée,Food,15.99,0.00,15.99,1.0,1.60000000,false
29,4/5/26 7:09 PM,Tandoori Chicken Masala,,Non-Veg Curries,Entrée,Food,15.99,0.00,15.99,1.0,1.60000000,false
29,4/5/26 7:09 PM,Garlic Naan,,Naan,Bread,Food,4.99,0.00,4.99,1.0,0.50000000,false
25,4/5/26 7:18 PM,Garlic Naan,,Naan,Bread,Food,4.99,0.00,4.99,1.0,0.50000000,false
30,4/5/26 7:43 PM,Highway Chicken,,Non-Veg Curries,Entrée,Food,15.99,0.00,15.99,1.0,1.60000000,false
30,4/5/26 7:43 PM,Garlic Naan,,Naan,Bread,Food,4.99,0.00,4.99,1.0,0.50000000,false
30,4/5/26 7:43 PM,Lamb Pepper Fry,,Pepper Fry,Appetizer,Appetizer,15.99,0.00,15.99,1.0,1.60000000,false
30,4/5/26 7:43 PM,Chicken Sheekh Kabab,,Sheekh Kabab,Appetizer,Appetizer,13.99,0.00,13.99,1.0,1.40000000,false
30,4/5/26 7:43 PM,Butter Chicken,,Non-Veg Curries,Entrée,Food,15.99,0.00,15.99,1.0,1.60000000,false
30,4/5/26 8:05 PM,Coke,,Soda & Water,Beverage,NA Beverage,1.99,0.00,1.99,1.0,0.20000000,false
30,4/5/26 8:05 PM,Dr pepper,,Soda & Water,Beverage,NA Beverage,1.99,0.00,1.99,1.0,0.20000000,false
34,4/5/26 8:12 PM,Chicken 65,,65,Appetizer,Appetizer,12.99,0.00,11.69,1.0,1.17000000,false
34,4/5/26 8:12 PM,Momos Chicken,,Appetizer,Indo-Chines,,12.99,0.00,11.69,1.0,1.17000000,false
34,4/5/26 8:12 PM,Coconut Curry,,Coconut,Entrée,Food,19.99,0.00,17.99,1.0,1.80000000,false
34,4/5/26 8:12 PM,Tandoori Roti Plain,,Roti,Bread,Food,3.99,0.00,3.59,1.0,0.37000000,false
34,4/5/26 8:12 PM,Kebab Platter,,Platter,Appetizer,Appetizer,28.99,0.00,26.09,1.0,2.61000000,false
34,4/5/26 8:12 PM,Momos Veg,,Appetizer,Indo-Chines,,11.99,0.00,10.79,1.0,1.09000000,false
34,4/5/26 8:26 PM,Paneer Masala Dosa,,Dosa,Bread,Food,13.99,0.00,12.60,1.0,1.27000000,false
34,4/5/26 8:43 PM,Gulabjamun,,Hot,Desserts,Desserts,4.99,0.00,4.49,1.0,0.44000000,false
35,4/5/26 8:52 PM,Shrimp Biryani,,Nonveg,Biryani,Biryani,20.99,0.00,20.99,1.0,2.10000000,false
35,4/5/26 8:52 PM,Shrimp Biryani,,Nonveg,Biryani,Biryani,20.99,0.00,20.99,1.0,2.10000000,false
35,4/5/26 8:52 PM,Garlic Naan,,Naan,Bread,Food,4.99,0.00,4.99,1.0,0.50000000,false
36,4/5/26 9:09 PM,Chole Bhature,,Chole Bhature,Appetizer,Appetizer,12.99,0.00,12.99,1.0,1.30000000,false
36,4/5/26 9:09 PM,Malai Tikka,Tikka,Tandoori,Appetizer,Appetizer,14.99,0.00,14.99,1.0,1.50000000,false
36,4/5/26 9:17 PM,Paratha,,Others,Bread,Food,11.98,0.00,11.98,2.0,1.20000000,false
36,4/5/26 9:17 PM,Malai Kofta,,Veg Curries,Entrée,Food,13.99,0.00,13.99,1.0,1.40000000,false
36,4/5/26 9:17 PM,Chapati With Butter,,,,Food,4.99,0.00,4.99,1.0,0E-8,false
36,4/5/26 9:20 PM,Mango Lassi,,Lassi & Tea,Beverage,NA Beverage,4.99,0.00,4.99,1.0,0.50000000,false
37,4/5/26 9:36 PM,Chili Paneer,,Appetizer,Indo-Chines,,12.99,0.00,12.99,1.0,1.30000000,false
37,4/5/26 9:36 PM,Paneer Kathi Roll,,Kathi Roll,Appetizer,Appetizer,11.99,0.00,11.99,1.0,1.20000000,false
37,4/5/26 9:36 PM,Kaju Curry,,Veg Curries,Entrée,Food,16.99,0.00,16.99,1.0,1.70000000,false
37,4/5/26 9:36 PM,Garlic Naan,,Naan,Bread,Food,4.99,0.00,4.99,1.0,0.50000000,false
37,4/5/26 9:36 PM,Onion,,Salad,Soup & Salad,,2.99,0.00,2.99,1.0,0.30000000,false
37,4/5/26 9:48 PM,Heineken 0.0,,Non Alcoholic,Beverage,NA Beverage,5.99,0.00,5.99,1.0,0.60000000,false
37,4/5/26 9:48 PM,Heineken 0.0,,Non Alcoholic,Beverage,NA Beverage,5.99,0.00,5.99,1.0,0.60000000,false
37,4/5/26 10:10 PM,Kulfi,,Cold,Desserts,Desserts,3.99,0.00,3.99,1.0,0.40000000,false
1,4/6/26 11:35 AM,Chicken Tikka Masala,,Tikka Masala Curry,Entrée,Food,15.99,0.00,15.99,1.0,1.60000000,false
1,4/6/26 11:35 AM,Garlic Naan,,Naan,Bread,Food,4.99,0.00,4.99,1.0,0.50000000,false
2,4/6/26 11:37 AM,Fish Tikka Masala,,Tikka Masala Curry,Entrée,Food,17.99,0.00,17.99,1.0,1.80000000,false
3,4/6/26 12:26 PM,Channa Masala,Vegan,Veg Curries,Entrée,Food,12.99,0.00,12.99,1.0,1.30000000,false
3,4/6/26 12:26 PM,Chicken Tikka Masala,,Tikka Masala Curry,Entrée,Food,15.99,0.00,15.99,1.0,1.60000000,false
3,4/6/26 12:26 PM,Garlic Naan,,Naan,Bread,Food,9.98,0.00,9.98,2.0,1.00000000,false
5,4/6/26 12:40 PM,Chicken Tikka Masala,,Tikka Masala Curry,Entrée,Food,15.99,0.00,15.99,1.0,1.60000000,false
5,4/6/26 12:40 PM,Bread Basket,,Others,Bread,Food,14.99,0.00,14.99,1.0,1.50000000,false
5,4/6/26 12:40 PM,Chicken Tikka Masala,,Tikka Masala Curry,Entrée,Food,15.99,0.00,15.99,1.0,1.60000000,false
5,4/6/26 12:40 PM,Vindaloo Curry,,Vindaloo,Entrée,Food,18.99,0.00,18.99,1.0,1.90000000,false
6,4/6/26 1:06 PM,Veg Manchurian,,Appetizer,Indo-Chines,,11.99,0.00,11.99,1.0,1.20000000,false
6,4/6/26 1:06 PM,Maysur Masala Dosa,,Dosa,Bread,Food,27.98,0.00,27.98,2.0,2.80000000,false
7,4/6/26 5:01 PM,Lamb Samosa,,Samosa,Appetizer,Appetizer,9.99,0.00,9.99,1.0,1.00000000,false
7,4/6/26 5:01 PM,Malai Tikka,Tikka,Tandoori,Appetizer,Appetizer,14.99,0.00,14.99,1.0,1.50000000,false
7,4/6/26 5:01 PM,Garlic Naan,,Naan,Bread,Food,4.99,0.00,4.99,1.0,0.50000000,false
8,4/6/26 5:24 PM,Mango Lassi,,Lassi & Tea,Beverage,NA Beverage,4.99,0.00,4.99,1.0,0.50000000,false
8,4/6/26 5:24 PM,Mango Lassi,,Lassi & Tea,Beverage,NA Beverage,4.99,0.00,4.99,1.0,0.50000000,false
8,4/6/26 5:24 PM,Garlic Naan,,Naan,Bread,Food,4.99,0.00,4.99,1.0,0.50000000,false
8,4/6/26 5:24 PM,Chicken Tikka Masala,,Tikka Masala Curry,Entrée,Food,15.99,0.00,15.99,1.0,1.60000000,false
9,4/6/26 5:55 PM,Hot & Sour Soup,,Soup,Soup & Salad,,11.98,0.00,11.98,2.0,1.20000000,false
10,4/6/26 5:57 PM,Mango Lassi,,Lassi & Tea,Beverage,NA Beverage,9.98,0.00,9.98,2.0,1.00000000,false
10,4/6/26 5:57 PM,Diet Coke,,Soda & Water,Beverage,NA Beverage,1.99,0.00,1.99,1.0,0.20000000,false
10,4/6/26 5:59 PM,Hot & Sour Soup,,Soup,Soup & Salad,,5.99,0.00,5.99,1.0,0.60000000,false
10,4/6/26 6:02 PM,Mix Veg Pakora,,Mix Veg Pakora,Appetizer,Appetizer,7.99,0.00,7.99,1.0,0.80000000,false
11,4/6/26 6:04 PM,Mushroom Salt n Pepper,,Others,Appetizer,Appetizer,10.99,0.00,10.99,1.0,1.10000000,false
12,4/6/26 6:06 PM,Veg Manchurian,,Appetizer,Indo-Chines,,11.99,0.00,11.99,1.0,1.20000000,false
12,4/6/26 6:06 PM,Hakka Noodles,,Entrees,Indo-Chines,,12.99,0.00,12.99,1.0,1.30000000,true
12,4/6/26 6:06 PM,Hot & Sour Soup,,Soup,Soup & Salad,,5.99,0.00,5.99,1.0,0.60000000,false
10,4/6/26 6:10 PM,Paneer Tikka Masala,,Tikka Masala Curry,Entrée,Food,15.99,0.00,15.99,1.0,1.60000000,false
10,4/6/26 6:10 PM,Chili Garlic Naan,,Naan,Bread,Food,11.98,0.00,11.98,2.0,1.20000000,false
10,4/6/26 6:10 PM,Spring Roll,,Others,Appetizer,Appetizer,5.99,0.00,5.99,1.0,0.60000000,false
10,4/6/26 6:10 PM,Coke,,Soda & Water,Beverage,NA Beverage,1.99,0.00,1.99,1.0,0.20000000,false
9,4/6/26 6:12 PM,Kaju Curry,,Veg Curries,Entrée,Food,16.99,0.00,16.99,1.0,1.70000000,false
9,4/6/26 6:12 PM,Paneer Tikka Masala,,Tikka Masala Curry,Entrée,Food,15.99,0.00,15.99,1.0,1.60000000,false
9,4/6/26 6:12 PM,Dal Tadka,Vegan,Veg Curries,Entrée,Food,25.98,0.00,25.98,2.0,2.60000000,false
9,4/6/26 6:12 PM,Chapati,,,,Food,19.96,0.00,19.96,4.0,0E-8,false
9,4/6/26 6:12 PM,Garlic Naan,,Naan,Bread,Food,4.99,0.00,4.99,1.0,0.50000000,false
9,4/6/26 6:12 PM,Onion,,Salad,Soup & Salad,,2.99,0.00,2.99,1.0,0.30000000,false
11,4/6/26 6:17 PM,Paneer Tikka Masala,,Tikka Masala Curry,Entrée,Food,15.99,0.00,15.99,1.0,1.60000000,false
11,4/6/26 6:17 PM,Veg Manchurian,,Appetizer,Indo-Chines,,11.99,0.00,11.99,1.0,1.20000000,false
11,4/6/26 6:17 PM,Garlic Naan,,Naan,Bread,Food,4.99,0.00,4.99,1.0,0.50000000,false
13,4/6/26 6:27 PM,Veg Samosa,,Samosa,Appetizer,Appetizer,5.99,0.00,5.99,1.0,0.60000000,false
13,4/6/26 6:27 PM,Chicken Tikka Masala,,Tikka Masala Curry,Entrée,Food,15.99,0.00,15.99,1.0,1.60000000,false
13,4/6/26 6:27 PM,Butter Naan,,Naan,Bread,Food,7.98,0.00,7.98,2.0,0.80000000,false
10,4/6/26 6:29 PM,Onion,,Salad,Soup & Salad,,2.99,0.00,2.99,1.0,0.30000000,false
12,4/6/26 6:35 PM,Kaju Curry,,Veg Curries,Entrée,Food,16.99,0.00,16.99,1.0,1.70000000,false
12,4/6/26 6:35 PM,Saag Paneer,,Saag,Entrée,Food,16.99,0.00,16.99,1.0,1.70000000,false
12,4/6/26 6:35 PM,Butter Naan,,Naan,Bread,Food,3.99,0.00,3.99,1.0,0.40000000,false
12,4/6/26 6:35 PM,Chili Garlic Naan,,Naan,Bread,Food,5.99,0.00,5.99,1.0,0.60000000,false
14,4/6/26 6:40 PM,Aloo Gobi Matar,Vegan,Veg Curries,Entrée,Food,16.89,0.00,16.89,1.0,1.69000000,true
14,4/6/26 6:40 PM,Tandoori Chicken Masala,,Non-Veg Curries,Entrée,Food,20.79,0.00,20.79,1.0,2.07000000,true
14,4/6/26 6:40 PM,Plain Yogurt,,Sides,Sides,Sides,5.19,0.00,5.19,1.0,0.52000000,true
14,4/6/26 6:40 PM,Onion and Chili,,Sides,Sides,Sides,3.89,0.00,3.89,1.0,0.39000000,true
14,4/6/26 6:40 PM,Veg Samosa,,Samosa,Appetizer,Appetizer,7.79,0.00,7.79,1.0,0.78000000,true
14,4/6/26 6:40 PM,Butter Naan,,Naan,Bread,Food,5.19,0.00,5.19,1.0,0.52000000,true
9,4/6/26 6:41 PM,Onion,,Salad,Soup & Salad,,2.99,0.00,2.99,1.0,0.30000000,false
15,4/6/26 6:45 PM,Masala Papad,,Papad,Appetizer,Appetizer,6.99,0.00,6.99,1.0,0.70000000,false
12,4/6/26 6:50 PM,Dal Tadka,Vegan,Veg Curries,Entrée,Food,12.99,0.00,12.99,1.0,1.30000000,false
12,4/6/26 6:50 PM,Tandoori Roti Plain,,Roti,Bread,Food,3.99,0.00,3.99,1.0,0.40000000,false
15,4/6/26 6:53 PM,Okra Masala,Vegan,Veg Curries,Entrée,Food,13.99,0.00,13.99,1.0,1.40000000,false
15,4/6/26 6:53 PM,Channa Masala,Vegan,Veg Curries,Entrée,Food,12.99,0.00,12.99,1.0,1.30000000,false
15,4/6/26 6:53 PM,Butter Naan,,Naan,Bread,Food,3.99,0.00,3.99,1.0,0.40000000,false
19,4/6/26 7:40 PM,Onion,,Salad,Soup & Salad,,3.89,0.00,3.89,1.0,0.39000000,false
19,4/6/26 7:40 PM,House Garden Salad,,Salad,Soup & Salad,,9.09,0.00,9.09,1.0,0.90000000,false
19,4/6/26 7:40 PM,Garlic Naan,,Naan,Bread,Food,6.49,0.00,6.49,1.0,0.65000000,false
19,4/6/26 7:40 PM,Saag Plain,,Saag,Entrée,Food,20.79,0.00,20.79,1.0,2.08000000,false
19,4/6/26 7:40 PM,Okra Masala,Vegan,Veg Curries,Entrée,Food,18.19,0.00,18.19,1.0,1.82000000,false
19,4/6/26 7:40 PM,Veg Biryani,,Veg,Biryani,Biryani,22.09,0.00,22.09,1.0,2.21000000,false
19,4/6/26 7:40 PM,Lamb Sheekh Kabab,,Sheekh Kabab,Appetizer,Appetizer,20.79,0.00,20.79,1.0,2.08000000,false
12,4/6/26 6:59 PM,Onion,,Salad,Soup & Salad,,2.99,0.00,2.99,1.0,0.30000000,false
16,4/6/26 7:02 PM,Masala Fries,,Kids,Kids,,4.99,0.00,4.99,1.0,0.50000000,true
17,4/6/26 7:14 PM,Kaju Curry,,Veg Curries,Entrée,Food,20.98,0.00,20.98,1.0,2.10000000,false
17,4/6/26 7:14 PM,Kadhai Paneer,,Veg Curries,Entrée,Food,15.99,0.00,15.99,1.0,1.60000000,false
17,4/6/26 7:14 PM,Paneer 65,,65,Appetizer,Appetizer,12.99,0.00,12.99,1.0,1.30000000,false
17,4/6/26 7:14 PM,Dal Tadka,Vegan,Veg Curries,Entrée,Food,12.99,0.00,12.99,1.0,1.30000000,false
17,4/6/26 7:14 PM,Garlic Naan,,Naan,Bread,Food,9.98,0.00,9.98,2.0,1.00000000,false
17,4/6/26 7:14 PM,Tawa Roti,,Roti,Bread,Food,9.98,0.00,9.98,2.0,1.00000000,false
17,4/6/26 7:14 PM,Mango Lassi,,Lassi & Tea,Beverage,NA Beverage,4.99,0.00,4.99,1.0,0.50000000,false
17,4/6/26 7:14 PM,Butter Milk,,Lassi & Tea,Beverage,NA Beverage,3.99,0.00,3.99,1.0,0.40000000,false
17,4/6/26 7:14 PM,Onion,,Salad,Soup & Salad,,2.99,0.00,2.99,1.0,0.30000000,false
22,4/6/26 7:47 PM,Chicken Tikka Masala,,Tikka Masala Curry,Entrée,Food,20.79,0.00,20.79,1.0,2.08000000,false
22,4/6/26 7:47 PM,Malai Kofta,,Veg Curries,Entrée,Food,18.19,0.00,18.19,1.0,1.82000000,false
20,4/6/26 7:43 PM,Veg Samosa,,Samosa,Appetizer,Appetizer,7.79,0.00,7.79,1.0,0.79000000,false
18,4/6/26 7:37 PM,Chicken Biryani,,Nonveg,Biryani,Biryani,33.98,0.00,33.98,2.0,3.40000000,false
19,4/6/26 7:40 PM,Chicken Sheekh Kabab,,Sheekh Kabab,Appetizer,Appetizer,18.19,0.00,18.19,1.0,1.82000000,false
21,4/6/26 7:48 PM,Aloo Tikki,,Chaat,Appetizer,Appetizer,8.99,0.00,8.99,1.0,0.90000000,false
21,4/6/26 7:48 PM,Papad,,Papad,Appetizer,Appetizer,3.99,0.00,3.99,1.0,0.40000000,false
21,4/6/26 7:48 PM,Maysur Masala Dosa,,Dosa,Bread,Food,13.99,0.00,13.99,1.0,1.40000000,false
23,4/6/26 7:53 PM,Masala Chai,,Lassi & Tea,Beverage,NA Beverage,3.99,0.00,3.99,1.0,0.40000000,false
23,4/6/26 7:53 PM,Masala Chai,,Lassi & Tea,Beverage,NA Beverage,3.99,0.00,3.99,1.0,0.40000000,false
23,4/6/26 7:53 PM,Mango Lassi,,Lassi & Tea,Beverage,NA Beverage,4.99,0.00,4.99,1.0,0.50000000,false
24,4/6/26 7:57 PM,Mango Lassi,,Lassi & Tea,Beverage,NA Beverage,4.99,0.00,4.99,1.0,0.50000000,false
24,4/6/26 7:57 PM,Chicken Tenders,,Kids,Kids,,6.99,0.00,6.99,1.0,0.70000000,false
23,4/6/26 8:03 PM,Plain Dosa,,Dosa,Bread,Food,11.99,0.00,11.99,1.0,1.20000000,false
23,4/6/26 8:03 PM,Channa Masala,Vegan,Veg Curries,Entrée,Food,12.99,0.00,12.99,1.0,1.30000000,false
23,4/6/26 8:03 PM,Paneer Tikka Masala,,Tikka Masala Curry,Entrée,Food,15.99,0.00,15.99,1.0,1.60000000,false
23,4/6/26 8:03 PM,Butter Naan,,Naan,Bread,Food,3.99,0.00,3.99,1.0,0.40000000,false
23,4/6/26 8:03 PM,Butter Naan,,Naan,Bread,Food,3.99,0.00,3.99,1.0,0.40000000,false
23,4/6/26 8:03 PM,Chicken 65,,65,Appetizer,Appetizer,12.99,0.00,12.99,1.0,1.30000000,false
25,4/6/26 8:05 PM,Chicken Tikka Masala,,Tikka Masala Curry,Entrée,Food,15.99,0.00,15.99,1.0,1.60000000,false
25,4/6/26 8:05 PM,Chicken Biryani,,Nonveg,Biryani,Biryani,16.99,0.00,16.99,1.0,1.70000000,false
25,4/6/26 8:05 PM,Garlic Naan,,Naan,Bread,Food,4.99,0.00,4.99,1.0,0.50000000,false
25,4/6/26 8:05 PM,Mango Lassi,,Lassi & Tea,Beverage,NA Beverage,4.99,0.00,4.99,1.0,0.50000000,false
26,4/6/26 8:09 PM,Butter Chicken,,Non-Veg Curries,Entrée,Food,15.99,0.00,15.99,1.0,1.60000000,false
26,4/6/26 8:09 PM,Chili Paneer,,Appetizer,Indo-Chines,,12.99,0.00,12.99,1.0,1.30000000,false
26,4/6/26 8:09 PM,Highway Chicken,,Non-Veg Curries,Entrée,Food,15.99,0.00,15.99,1.0,1.60000000,false
26,4/6/26 8:09 PM,Garlic Naan,,Naan,Bread,Food,4.99,0.00,4.99,1.0,0.50000000,false
24,4/6/26 8:09 PM,Hot & Sour Soup,,Soup,Soup & Salad,,6.99,0.00,6.99,1.0,0.70000000,false
24,4/6/26 8:09 PM,Taco,,Taco,Appetizer,Appetizer,13.99,0.00,13.99,1.0,1.40000000,false
24,4/6/26 8:09 PM,Gulabjamun,,Hot,Desserts,Desserts,4.99,0.00,4.99,1.0,0.50000000,false
27,4/6/26 8:22 PM,Lamb Biryani,,Nonveg,Biryani,Biryani,18.99,0.00,18.99,1.0,1.90000000,false
21,4/6/26 8:25 PM,White Wine,,,,NA Beverage,13.99,0.00,13.99,1.0,0E-8,false
28,4/6/26 8:27 PM,Kulfi,,Cold,Desserts,Desserts,3.99,0.00,3.99,1.0,0.40000000,false
28,4/6/26 8:27 PM,Kulfi,,Cold,Desserts,Desserts,3.99,0.00,3.99,1.0,0.40000000,false
24,4/6/26 8:30 PM,Butter Chicken,,Non-Veg Curries,Entrée,Food,15.99,0.00,15.99,1.0,1.60000000,true
24,4/6/26 8:32 PM,Red Wine,,,,NA Beverage,22.00,0.00,22.00,2.0,0E-8,false
24,4/6/26 8:38 PM,Tiramisu,,,,Food,11.98,0.00,11.98,2.0,0E-8,false
29,4/6/26 8:52 PM,Momos Veg,,Appetizer,Indo-Chines,,11.99,0.00,11.99,1.0,1.20000000,false
29,4/6/26 8:52 PM,Maysur Masala Dosa,,Dosa,Bread,Food,13.99,0.00,13.99,1.0,1.40000000,false
29,4/6/26 8:52 PM,Mozzarella Sticks,,Kids,Kids,,6.99,0.00,6.99,1.0,0.70000000,false
29,4/6/26 8:52 PM,Chole Bhature,,Chole Bhature,Appetizer,Appetizer,12.99,0.00,12.99,1.0,1.30000000,false
29,4/6/26 8:52 PM,Veg Biryani,,Veg,Biryani,Biryani,16.99,0.00,16.99,1.0,1.70000000,false
3,4/8/26 12:35 PM,Garlic Naan,,Naan,Bread,Food,6.49,0.00,6.49,1.0,0.65000000,false
3,4/8/26 12:35 PM,Butter Chicken,,Non-Veg Curries,Entrée,Food,20.79,0.00,20.79,1.0,2.07000000,false
4,4/8/26 5:00 PM,Saag Paneer,,Saag,Entrée,Food,16.99,0.00,16.99,1.0,1.70000000,false
4,4/8/26 5:00 PM,Kadhai,,Kadhai,Entrée,Food,15.99,0.00,15.99,1.0,1.60000000,false
5,4/8/26 5:22 PM,Rogan Josh,,Non-Veg Curries,Entrée,Food,19.99,0.00,19.99,1.0,2.00000000,false
5,4/8/26 5:22 PM,Lamb Tikka Masala,,Tikka Masala Curry,Entrée,Food,18.99,0.00,18.99,1.0,1.90000000,false
5,4/8/26 5:22 PM,Chicken Tikka Masala,,Tikka Masala Curry,Entrée,Food,15.99,0.00,15.99,1.0,1.60000000,false
5,4/8/26 5:22 PM,Chicken Tikka Masala,,Tikka Masala Curry,Entrée,Food,15.99,0.00,15.99,1.0,1.60000000,false
5,4/8/26 5:22 PM,Chicken Samosa,,Samosa,Appetizer,Appetizer,6.99,0.00,6.99,1.0,0.70000000,false
5,4/8/26 5:22 PM,Butter Naan,,Naan,Bread,Food,3.99,0.00,3.99,1.0,0.40000000,false
6,4/8/26 5:34 PM,Veg Manchurian,,Appetizer,Indo-Chines,,11.99,0.00,11.99,1.0,1.20000000,false
6,4/8/26 5:34 PM,Mix Veg,Vegan,Veg Curries,Entrée,Food,13.99,0.00,13.99,1.0,1.40000000,false
6,4/8/26 5:34 PM,Kadhai,,Kadhai,Entrée,Food,15.99,0.00,15.99,1.0,1.60000000,false
6,4/8/26 5:34 PM,Garlic Naan,,Naan,Bread,Food,4.99,0.00,4.99,1.0,0.50000000,false
7,4/8/26 5:37 PM,Papad,,Papad,Appetizer,Appetizer,3.99,0.00,3.99,1.0,0.40000000,false
7,4/8/26 5:37 PM,Spring Roll,,Others,Appetizer,Appetizer,5.99,0.00,5.99,1.0,0.60000000,false
7,4/8/26 5:37 PM,Amul Cheese Garlic Palak,,Veg Curries,Entrée,Food,18.99,0.00,18.99,1.0,1.90000000,false
7,4/8/26 5:37 PM,Kadhai Paneer,,Veg Curries,Entrée,Food,15.99,0.00,15.99,1.0,1.60000000,false
7,4/8/26 5:37 PM,Garlic Naan,,Naan,Bread,Food,14.97,0.00,14.97,3.0,1.50000000,false
7,4/8/26 5:37 PM,Maysur Masala Dosa,,Dosa,Bread,Food,13.99,0.00,13.99,1.0,1.40000000,false
7,4/8/26 5:38 PM,Mango Lassi,,Lassi & Tea,Beverage,NA Beverage,4.99,0.00,4.99,1.0,0.50000000,false
7,4/8/26 5:38 PM,Sprite,,Soda & Water,Beverage,NA Beverage,1.99,0.00,1.99,1.0,0.20000000,false
7,4/8/26 5:52 PM,Hara Bhara Kabab,,Hara Bhara Kabab,Appetizer,Appetizer,10.99,0.00,10.99,1.0,1.10000000,false
11,4/8/26 6:45 PM,Rogan Josh,,Non-Veg Curries,Entrée,Food,25.99,0.00,25.99,1.0,2.60000000,false
11,4/8/26 6:45 PM,Butter Chicken,,Non-Veg Curries,Entrée,Food,20.79,0.00,20.79,1.0,2.08000000,false
8,4/8/26 6:24 PM,Veg Manchurian,,Appetizer,Indo-Chines,,11.99,0.00,11.99,1.0,1.20000000,false
8,4/8/26 6:24 PM,Hara Bhara Kabab,,Hara Bhara Kabab,Appetizer,Appetizer,10.99,0.00,10.99,1.0,1.10000000,false
8,4/8/26 6:24 PM,Samosa Chana Chaat,,,,Food,7.99,0.00,7.99,1.0,0E-8,false
9,4/8/26 6:27 PM,Hot & Sour Soup,,Soup,Soup & Salad,,6.99,0.00,6.99,1.0,0.70000000,false
9,4/8/26 6:27 PM,Half Chicken Tandoori,,Tandoori,Appetizer,Appetizer,12.99,0.00,12.99,1.0,1.30000000,false
9,4/8/26 6:27 PM,Garlic Naan,,Naan,Bread,Food,9.98,0.00,9.98,2.0,1.00000000,false
9,4/8/26 6:27 PM,Chicken Tikka Masala,,Tikka Masala Curry,Entrée,Food,15.99,0.00,15.99,1.0,1.60000000,false
9,4/8/26 6:27 PM,Kulcha,,Others,Bread,Food,5.99,0.00,5.99,1.0,0.60000000,false
10,4/8/26 6:32 PM,Chicken Curry,,Non-Veg Curries,Entrée,Food,15.99,0.00,15.99,1.0,1.60000000,false
10,4/8/26 6:32 PM,Cheese Naan,,Naan,Bread,Food,5.99,0.00,5.99,1.0,0.60000000,false
10,4/8/26 6:32 PM,Raita,,Sides,Sides,Sides,4.99,0.00,4.99,1.0,0.50000000,false
7,4/8/26 6:33 PM,Sprite,,Soda & Water,Beverage,NA Beverage,1.99,0.00,1.99,1.0,0.20000000,false
8,4/8/26 6:40 PM,Lamb Pepper Fry,,Pepper Fry,Appetizer,Appetizer,15.99,0.00,15.99,1.0,1.60000000,false
8,4/8/26 6:40 PM,Kadhai,,Kadhai,Entrée,Food,18.99,0.00,18.99,1.0,1.90000000,false
8,4/8/26 6:40 PM,Garlic Naan,,Naan,Bread,Food,4.99,0.00,4.99,1.0,0.50000000,false
8,4/8/26 6:40 PM,Cheese Naan,,Naan,Bread,Food,5.99,0.00,5.99,1.0,0.60000000,false
8,4/8/26 6:40 PM,Highway Chicken,,Non-Veg Curries,Entrée,Food,15.99,0.00,15.99,1.0,1.60000000,false
8,4/8/26 6:40 PM,Chicken Tikka Masala,,Tikka Masala Curry,Entrée,Food,15.99,0.00,15.99,1.0,1.60000000,false
8,4/8/26 6:40 PM,Kadhai,,Kadhai,Entrée,Food,15.99,0.00,15.99,1.0,1.60000000,false
8,4/8/26 6:40 PM,Garlic Naan,,Naan,Bread,Food,4.99,0.00,4.99,1.0,0.50000000,false
9,4/8/26 6:41 PM,Hot & Sour Soup,,Soup,Soup & Salad,,6.99,0.00,6.99,1.0,0.70000000,false
11,4/8/26 6:45 PM,Plain,,Naan,Bread,Food,5.19,0.00,5.19,1.0,0.52000000,false
11,4/8/26 6:45 PM,Veg Samosa,,Samosa,Appetizer,Appetizer,7.79,0.00,7.79,1.0,0.78000000,false
9,4/8/26 6:49 PM,Plain Dosa,,Dosa,Bread,Food,11.99,0.00,11.99,1.0,1.20000000,false
9,4/8/26 6:49 PM,Plain Dosa,,Dosa,Bread,Food,23.98,0.00,23.98,2.0,2.40000000,false
13,4/8/26 6:50 PM,Butter Chicken,,Non-Veg Curries,Entrée,Food,15.99,0.00,15.99,1.0,1.60000000,false
13,4/8/26 6:50 PM,Chicken Curry,,Non-Veg Curries,Entrée,Food,15.99,0.00,15.99,1.0,1.60000000,false
13,4/8/26 6:50 PM,Butter Naan,,Naan,Bread,Food,3.99,0.00,3.99,1.0,0.40000000,false
13,4/8/26 6:50 PM,Butter Naan,,Naan,Bread,Food,3.99,0.00,3.99,1.0,0.40000000,false
14,4/8/26 7:17 PM,Chicken Tikka,Tikka,Tandoori,Appetizer,Appetizer,19.49,0.00,19.49,1.0,1.11000000,false
14,4/8/26 7:17 PM,Cheese Naan,,Naan,Bread,Food,7.79,0.00,7.79,1.0,0.45000000,false
14,4/8/26 7:17 PM,Veg Samosa,,Samosa,Appetizer,Appetizer,7.79,0.00,7.79,1.0,0.45000000,false
9,4/8/26 7:05 PM,Highway Chicken,,Non-Veg Curries,Entrée,Food,15.99,0.00,15.99,1.0,1.60000000,false
8,4/8/26 7:09 PM,Butter Chicken,,Non-Veg Curries,Entrée,Food,15.99,0.00,15.99,1.0,1.60000000,false
8,4/8/26 7:09 PM,Garlic Naan,,Naan,Bread,Food,4.99,0.00,4.99,1.0,0.50000000,false
9,4/8/26 7:11 PM,Plain Dosa,,Dosa,Bread,Food,11.99,0.00,11.99,1.0,1.20000000,false
15,4/8/26 7:23 PM,Full Chicken Tandoori,,Tandoori,Appetizer,Appetizer,18.99,0.00,18.99,1.0,1.90000000,false
15,4/8/26 7:23 PM,Chicken Biryani,,Nonveg,Biryani,Biryani,16.99,0.00,16.99,1.0,1.70000000,false
15,4/8/26 7:23 PM,Mango Lassi,,Lassi & Tea,Beverage,NA Beverage,9.98,0.00,9.98,2.0,1.00000000,false
15,4/8/26 7:23 PM,Amul Cheese Butter Masala,,,,Food,18.99,0.00,18.99,1.0,0E-8,false
8,4/8/26 7:33 PM,Butter Chicken,,Non-Veg Curries,Entrée,Food,15.99,0.00,15.99,1.0,1.60000000,false
16,4/8/26 7:45 PM,Kulfi,,Cold,Desserts,Desserts,3.99,0.00,3.99,1.0,0.40000000,false
22,4/8/26 8:18 PM,Chole Bhature,,Chole Bhature,Appetizer,Appetizer,16.89,0.00,16.89,1.0,1.69000000,false
23,4/8/26 8:26 PM,Chicken 65,,65,Appetizer,Appetizer,12.99,0.00,12.99,1.0,1.30000000,false
23,4/8/26 8:26 PM,Chicken Tikka Masala,,Tikka Masala Curry,Entrée,Food,15.99,0.00,15.99,1.0,1.60000000,false
23,4/8/26 8:26 PM,Garlic Naan,,Naan,Bread,Food,4.99,0.00,4.99,1.0,0.50000000,false
23,4/8/26 8:26 PM,Cheese Naan,,Naan,Bread,Food,5.99,0.00,5.99,1.0,0.60000000,false
23,4/8/26 8:26 PM,Hakka Noodles,,Entrees,Indo-Chines,,12.99,0.00,12.99,1.0,1.30000000,false
24,4/8/26 8:33 PM,Kulfi,,Cold,Desserts,Desserts,5.98,0.00,5.98,1.5,0.60000000,true
24,4/8/26 8:33 PM,Kulfi,,Cold,Desserts,Desserts,5.98,0.00,5.98,1.5,0.60000000,true
25,4/8/26 8:36 PM,Kulfi,,Cold,Desserts,Desserts,3.99,0.00,3.99,1.0,0.40000000,false
26,4/8/26 8:37 PM,Kulfi,,,,Food,1.99,0.00,1.99,1.0,0E-8,false
27,4/8/26 8:40 PM,Maysur Masala Dosa,,Dosa,Bread,Food,13.99,0.00,13.99,1.0,1.40000000,false
27,4/8/26 8:40 PM,Paneer Masala Dosa,,Dosa,Bread,Food,13.99,0.00,13.99,1.0,1.40000000,false
27,4/8/26 8:40 PM,Mix Veg,Vegan,Veg Curries,Entrée,Food,13.99,0.00,13.99,1.0,1.40000000,false
27,4/8/26 8:40 PM,Dal Makhani,,Veg Curries,Entrée,Food,14.99,0.00,14.99,1.0,1.50000000,false
27,4/8/26 8:40 PM,Saag Paneer,,Saag,Entrée,Food,16.99,0.00,16.99,1.0,1.70000000,false
27,4/8/26 8:40 PM,Garlic Naan,,Naan,Bread,Food,4.99,0.00,4.99,1.0,0.50000000,false
28,4/8/26 9:02 PM,Chicken Tikka Masala,,Tikka Masala Curry,Entrée,Food,20.79,0.00,20.79,1.0,2.09000000,false
29,4/8/26 9:12 PM,Okra Masala,Vegan,Veg Curries,Entrée,Food,13.99,0.00,13.99,1.0,1.40000000,false
29,4/8/26 9:12 PM,Dal Tadka,Vegan,Veg Curries,Entrée,Food,12.99,0.00,12.99,1.0,1.30000000,false
29,4/8/26 9:12 PM,Chicken Tikka Masala,,Tikka Masala Curry,Entrée,Food,15.99,0.00,15.99,1.0,1.60000000,false
29,4/8/26 9:12 PM,Garlic Naan,,Naan,Bread,Food,9.98,0.00,9.98,2.0,1.00000000,false
30,4/8/26 9:15 PM,Paneer Kathi Roll,,Kathi Roll,Appetizer,Appetizer,35.97,0.00,35.97,3.0,3.60000000,false
30,4/8/26 9:15 PM,Papri Chaat,,,,Food,7.99,0.00,7.99,1.0,0E-8,false
31,4/8/26 9:18 PM,Butter Chicken,,Non-Veg Curries,Entrée,Food,15.99,0.00,15.99,1.0,1.60000000,false
31,4/8/26 9:18 PM,Garlic Naan,,Naan,Bread,Food,9.98,0.00,9.98,2.0,1.00000000,false
31,4/8/26 9:18 PM,Mango Lassi,,Lassi & Tea,Beverage,NA Beverage,4.99,0.00,4.99,1.0,0.50000000,false
31,4/8/26 9:18 PM,Chicken 65,,65,Appetizer,Appetizer,12.99,0.00,12.99,1.0,1.30000000,false
29,4/8/26 9:22 PM,Masala Papad,,Papad,Appetizer,Appetizer,6.99,0.00,6.99,1.0,0.70000000,false
29,4/8/26 9:22 PM,Mango Lassi,,Lassi & Tea,Beverage,NA Beverage,4.99,0.00,4.99,1.0,0.50000000,false
29,4/8/26 9:23 PM,Chicken Tikka Masala,,Tikka Masala Curry,Entrée,Food,15.99,0.00,15.99,1.0,1.60000000,false
29,4/8/26 9:26 PM,Corona Extra,,Beer,Beverage,NA Beverage,5.99,0.00,5.99,1.0,0.60000000,false
27,4/8/26 9:29 PM,Duckhorn Cab,,Wine,Beverage,NA Beverage,48.00,0.00,48.00,1.0,4.80000000,false
29,4/8/26 9:31 PM,Corona Extra,,Beer,Beverage,NA Beverage,5.99,0.00,5.99,1.0,0.60000000,false
32,4/9/26 11:06 AM,Coconut Curry,,Coconut,Entrée,Food,19.99,0.00,17.99,1.0,1.80000000,false
2,4/9/26 11:42 AM,Chole Bhature,,Chole Bhature,Appetizer,Appetizer,25.98,0.00,23.38,2.0,2.33000000,false
32,4/9/26 11:49 AM,Kulfi,,Cold,Desserts,Desserts,3.99,0.00,3.59,1.0,0.37000000,false
2,4/9/26 11:59 AM,Plain Yogurt,,Sides,Sides,Sides,3.99,0.00,3.59,1.0,0.37000000,false
4,4/9/26 12:40 PM,Full Chicken Tandoori,,Tandoori,Appetizer,Appetizer,18.99,0.00,18.99,1.0,1.90000000,false
4,4/9/26 12:40 PM,Veg Samosa,,Samosa,Appetizer,Appetizer,5.99,0.00,5.99,1.0,0.60000000,false
4,4/9/26 12:40 PM,Chole Bhature,,Chole Bhature,Appetizer,Appetizer,12.99,0.00,12.99,1.0,1.30000000,false
4,4/9/26 12:40 PM,Mango Lassi,,Lassi & Tea,Beverage,NA Beverage,4.99,0.00,4.99,1.0,0.50000000,false
5,4/9/26 12:55 PM,Aloo Subji,,,,Food,12.99,0.00,12.99,1.0,0E-8,false
5,4/9/26 12:55 PM,Butter Naan,,Naan,Bread,Food,3.99,0.00,3.99,1.0,0.40000000,false
6,4/9/26 1:13 PM,Mulligatawny Soup,,Soup,Soup & Salad,,5.99,0.00,5.99,1.0,0.60000000,false
6,4/9/26 1:13 PM,Mix Veg Pakora,,Mix Veg Pakora,Appetizer,Appetizer,7.99,0.00,7.99,1.0,0.80000000,false
6,4/9/26 1:13 PM,Mango Lassi,,Lassi & Tea,Beverage,NA Beverage,4.99,0.00,4.99,1.0,0.50000000,false
7,4/9/26 1:16 PM,Aloo Tikki,,Chaat,Appetizer,Appetizer,8.99,0.00,8.99,1.0,0.90000000,false
7,4/9/26 1:16 PM,Malai Kofta,,Veg Curries,Entrée,Food,13.99,0.00,13.99,1.0,1.40000000,false
7,4/9/26 1:16 PM,Cheese Naan,,Naan,Bread,Food,5.99,0.00,5.99,1.0,0.60000000,false
7,4/9/26 1:16 PM,Aloo Gobi Matar,Vegan,Veg Curries,Entrée,Food,12.99,0.00,12.99,1.0,1.30000000,false
7,4/9/26 1:16 PM,Mango Lassi,,Lassi & Tea,Beverage,NA Beverage,4.99,0.00,4.99,1.0,0.50000000,false
5,4/9/26 1:19 PM,Kulcha,,Others,Bread,Food,5.99,0.00,5.99,1.0,0.60000000,false
8,4/9/26 1:49 PM,Veg Manchurian,,Appetizer,Indo-Chines,,11.99,0.00,11.99,1.0,1.20000000,false
8,4/9/26 1:49 PM,Saag Paneer,,Saag,Entrée,Food,16.99,0.00,16.99,1.0,1.70000000,false
8,4/9/26 1:49 PM,Butter Tandoori Roti,,Roti,Bread,Food,3.99,0.00,3.99,1.0,0.40000000,false
8,4/9/26 1:49 PM,Kachumber Salad,,Salad,Soup & Salad,,6.99,0.00,6.99,1.0,0.70000000,false
8,4/9/26 1:49 PM,Chili Garlic Naan,,Naan,Bread,Food,5.99,0.00,5.99,1.0,0.60000000,false
9,4/9/26 2:03 PM,Full Chicken Tandoori,,Tandoori,Appetizer,Appetizer,18.99,0.00,18.99,1.0,1.90000000,false
9,4/9/26 2:03 PM,Garlic Naan,,Naan,Bread,Food,4.99,0.00,4.99,1.0,0.50000000,false
10,4/9/26 5:21 PM,Chicken Curry,,Non-Veg Curries,Entrée,Food,15.99,0.00,15.99,1.0,1.60000000,false
10,4/9/26 5:21 PM,Garlic Naan,,Naan,Bread,Food,4.99,0.00,4.99,1.0,0.50000000,false
12,4/9/26 5:52 PM,Garlic Naan,,Naan,Bread,Food,6.49,0.00,6.49,1.0,0.65000000,false
12,4/9/26 5:52 PM,Cheese Naan,,Naan,Bread,Food,15.58,0.00,15.58,2.0,1.56000000,false
12,4/9/26 5:52 PM,Butter Tandoori Roti,,Roti,Bread,Food,10.38,0.00,10.38,2.0,1.04000000,false
12,4/9/26 5:52 PM,Chicken 65,,65,Appetizer,Appetizer,16.89,0.00,16.89,1.0,1.69000000,false
12,4/9/26 5:52 PM,Chicken Tikka Masala,,Tikka Masala Curry,Entrée,Food,20.79,0.00,20.79,1.0,2.08000000,false
12,4/9/26 5:52 PM,Paneer Tikka Masala,,Tikka Masala Curry,Entrée,Food,20.79,0.00,20.79,1.0,2.06000000,false
13,4/9/26 6:03 PM,Chicken Curry,,Non-Veg Curries,Entrée,Food,15.99,0.00,15.99,1.0,1.60000000,false
13,4/9/26 6:03 PM,Garlic Naan,,Naan,Bread,Food,4.99,0.00,4.99,1.0,0.50000000,false
13,4/9/26 6:03 PM,Butter Naan,,Naan,Bread,Food,3.99,0.00,3.99,1.0,0.40000000,false
13,4/9/26 6:03 PM,Chicken Nuggets,,Kids,Kids,,6.99,0.00,6.99,1.0,0.70000000,false
13,4/9/26 6:03 PM,Mix Veg Pakora,,Mix Veg Pakora,Appetizer,Appetizer,7.99,0.00,7.99,1.0,0.80000000,false
13,4/9/26 6:03 PM,Kadhai Paneer,,Veg Curries,Entrée,Food,15.99,0.00,15.99,1.0,1.60000000,false
14,4/9/26 6:09 PM,Butter Chicken,,Non-Veg Curries,Entrée,Food,15.99,0.00,15.99,1.0,1.60000000,false
14,4/9/26 6:09 PM,Garlic Naan,,Naan,Bread,Food,4.99,0.00,4.99,1.0,0.50000000,false
14,4/9/26 6:09 PM,Cheese Naan,,Naan,Bread,Food,5.99,0.00,5.99,1.0,0.60000000,false
15,4/9/26 6:32 PM,Kaju Curry,,Veg Curries,Entrée,Food,16.99,0.00,16.99,1.0,1.70000000,false
15,4/9/26 6:32 PM,Chili Paneer,,Appetizer,Indo-Chines,,12.99,0.00,12.99,1.0,1.30000000,false
15,4/9/26 6:32 PM,Garlic Naan,,Naan,Bread,Food,4.99,0.00,4.99,1.0,0.50000000,false
15,4/9/26 6:32 PM,Chili Garlic Naan,,Naan,Bread,Food,5.99,0.00,5.99,1.0,0.60000000,false
16,4/9/26 6:34 PM,Lamb Curry,,Non-Veg Curries,Entrée,Food,17.99,0.00,17.99,1.0,1.80000000,false
17,4/9/26 6:41 PM,Masala Dosa,,,,Food,13.99,0.00,13.99,1.0,0E-8,false
17,4/9/26 6:41 PM,Paneer Masala Dosa,,Dosa,Bread,Food,13.99,0.00,13.99,1.0,1.40000000,false
17,4/9/26 6:41 PM,Papad,,Papad,Appetizer,Appetizer,3.99,0.00,3.99,1.0,0.40000000,false
18,4/9/26 6:45 PM,Coconut Curry,,Coconut,Entrée,Food,15.99,0.00,15.99,1.0,1.60000000,false
18,4/9/26 6:45 PM,Butter Chicken,,Non-Veg Curries,Entrée,Food,15.99,0.00,15.99,1.0,1.60000000,false
18,4/9/26 6:45 PM,Saag Paneer,,Saag,Entrée,Food,16.99,0.00,16.99,1.0,1.70000000,false
18,4/9/26 6:45 PM,Garlic Naan,,Naan,Bread,Food,9.98,0.00,9.98,2.0,1.00000000,false
20,4/9/26 7:09 PM,Garlic Naan,,Naan,Bread,Food,6.49,0.00,6.49,1.0,0.65000000,false
20,4/9/26 7:09 PM,Butter Chicken,,Non-Veg Curries,Entrée,Food,20.79,0.00,20.79,1.0,2.07000000,false
22,4/9/26 7:34 PM,Mushroom Salt n Pepper,,Mushroom Salt n Pepper,Appetizer,Appetizer,10.99,0.00,10.99,1.0,1.10000000,false
22,4/9/26 7:37 PM,Garlic Naan,,Naan,Bread,Food,4.99,0.00,4.99,1.0,0.50000000,false
22,4/9/26 7:37 PM,Chicken Tikka Masala,,Tikka Masala Curry,Entrée,Food,15.99,0.00,15.99,1.0,1.60000000,false
24,4/9/26 7:46 PM,Cheese Naan,,Naan,Bread,Food,7.79,0.00,7.79,1.0,0.78000000,false
24,4/9/26 7:46 PM,Chicken Tikka Masala,,Tikka Masala Curry,Entrée,Food,20.79,0.00,20.79,1.0,2.08000000,false
23,4/9/26 7:46 PM,Veg Biryani,,Veg,Biryani,Biryani,16.99,0.00,16.99,1.0,1.70000000,false
23,4/9/26 7:46 PM,Saag Plain,,Saag,Entrée,Food,15.99,0.00,15.99,1.0,1.60000000,false
23,4/9/26 7:46 PM,Dal Tadka,Vegan,Veg Curries,Entrée,Food,12.99,0.00,12.99,1.0,1.30000000,false
23,4/9/26 7:46 PM,Veg Samosa,,Samosa,Appetizer,Appetizer,5.99,0.00,5.99,1.0,0.60000000,false
22,4/9/26 7:47 PM,Fried Rice,,Entrees,Indo-Chines,,14.99,0.00,14.99,1.0,1.50000000,false
25,4/9/26 8:09 PM,Sweet Tea,,Lassi & Tea,Beverage,NA Beverage,2.99,0.00,2.99,1.0,0.30000000,false
25,4/9/26 8:09 PM,Sweet Tea,,Lassi & Tea,Beverage,NA Beverage,2.99,0.00,2.99,1.0,0.30000000,false
25,4/9/26 8:09 PM,Butter Chicken,,Non-Veg Curries,Entrée,Food,15.99,0.00,15.99,1.0,1.60000000,false
25,4/9/26 8:09 PM,Butter Chicken,,Non-Veg Curries,Entrée,Food,15.99,0.00,15.99,1.0,1.60000000,false
25,4/9/26 8:09 PM,Garlic Naan,,Naan,Bread,Food,4.99,0.00,4.99,1.0,0.50000000,false
25,4/9/26 8:09 PM,Garlic Naan,,Naan,Bread,Food,4.99,0.00,4.99,1.0,0.50000000,false
26,4/9/26 8:34 PM,Butter Chicken,,Non-Veg Curries,Entrée,Food,15.99,0.00,14.39,1.0,1.43000000,false
26,4/9/26 8:34 PM,Hakka Noodles,,Entrees,Indo-Chines,,12.99,0.00,11.69,1.0,1.17000000,false
27,4/9/26 8:59 PM,Malai Kofta,,Veg Curries,Entrée,Food,13.99,0.00,13.99,1.0,1.40000000,false
27,4/9/26 8:59 PM,Chole Bhature,,Chole Bhature,Appetizer,Appetizer,12.99,0.00,12.99,1.0,1.30000000,false
27,4/9/26 8:59 PM,Tandoori Roti Plain,,Roti,Bread,Food,3.99,0.00,3.99,1.0,0.40000000,false
27,4/9/26 8:59 PM,Butter Tandoori Roti,,Roti,Bread,Food,7.98,0.00,7.98,2.0,0.80000000,false
27,4/9/26 9:25 PM,Gulabjamun,,Hot,Desserts,Desserts,4.99,0.00,4.99,1.0,0.50000000,false
4,4/10/26 12:41 PM,Lamb Sheekh Kabab,,Sheekh Kabab,Appetizer,Appetizer,20.79,0.00,20.79,1.0,2.08000000,false
4,4/10/26 12:41 PM,Chicken Tikka Masala,,Tikka Masala Curry,Entrée,Food,20.79,0.00,20.79,1.0,2.08000000,false
4,4/10/26 12:41 PM,Paneer Masala Dosa,,Dosa,Bread,Food,18.19,0.00,18.19,1.0,1.83000000,false
4,4/10/26 12:41 PM,Hara Bhara Kabab,,Hara Bhara Kabab,Appetizer,Appetizer,14.29,0.00,14.29,1.0,1.43000000,false
4,4/10/26 12:41 PM,Plain,,Naan,Bread,Food,10.38,0.00,10.38,2.0,1.04000000,false
4,4/10/26 12:41 PM,Cheese Naan,,Naan,Bread,Food,7.79,0.00,7.79,1.0,0.78000000,false
1,4/10/26 12:20 PM,Chicken Curry,,Non-Veg Curries,Entrée,Food,15.99,0.00,15.99,1.0,1.60000000,false
2,4/10/26 12:30 PM,Mushroom Salt n Pepper,,Mushroom Salt n Pepper,Appetizer,Appetizer,10.99,0.00,10.99,1.0,1.10000000,false
2,4/10/26 12:30 PM,Half Chicken Tandoori,,Tandoori,Appetizer,Appetizer,12.99,0.00,12.99,1.0,1.30000000,false
2,4/10/26 12:30 PM,Vindaloo Curry,,Vindaloo,Entrée,Food,18.99,0.00,18.99,1.0,1.90000000,false
2,4/10/26 12:30 PM,Garlic Naan,,Naan,Bread,Food,4.99,0.00,4.99,1.0,0.50000000,false
2,4/10/26 12:30 PM,Chili Garlic Naan,,Naan,Bread,Food,5.99,0.00,5.99,1.0,0.60000000,false
5,4/10/26 12:51 PM,Butter Naan,,Naan,Bread,Food,7.98,0.00,7.98,2.0,0.80000000,false
5,4/10/26 12:51 PM,Butter Chicken,,Non-Veg Curries,Entrée,Food,15.99,0.00,15.99,1.0,1.60000000,false
5,4/10/26 12:51 PM,Maysur Masala Dosa,,Dosa,Bread,Food,27.98,0.00,27.98,2.0,2.80000000,false
6,4/10/26 1:01 PM,Hot & Sour Soup,,Soup,Soup & Salad,,15.98,0.00,15.98,2.0,1.60000000,false
6,4/10/26 1:01 PM,Paneer Masala Dosa,,Dosa,Bread,Food,13.99,0.00,13.99,1.0,1.40000000,false
6,4/10/26 1:01 PM,Mango Lassi,,Lassi & Tea,Beverage,NA Beverage,4.99,0.00,4.99,1.0,0.50000000,false
6,4/10/26 1:01 PM,Garlic Naan,,Naan,Bread,Food,4.99,0.00,4.99,1.0,0.50000000,false
6,4/10/26 1:01 PM,Vindaloo Curry,,Vindaloo,Entrée,Food,15.99,0.00,15.99,1.0,1.60000000,false
7,4/10/26 2:26 PM,Saag Lamb,,Saag,Entrée,Food,18.99,0.00,18.99,1.0,1.90000000,false
7,4/10/26 2:26 PM,Lamb Curry,,Non-Veg Curries,Entrée,Food,17.99,0.00,17.99,1.0,1.80000000,false
7,4/10/26 2:26 PM,Kadhai,,Kadhai,Entrée,Food,18.99,0.00,18.99,1.0,1.90000000,false
7,4/10/26 2:26 PM,Lamb Curry,,Non-Veg Curries,Entrée,Food,17.99,0.00,17.99,1.0,1.80000000,false
7,4/10/26 2:26 PM,Mix Veg Pakora,,Mix Veg Pakora,Appetizer,Appetizer,7.99,0.00,7.99,1.0,0.80000000,false
7,4/10/26 2:26 PM,Mix Veg,Vegan,Veg Curries,Entrée,Food,13.99,0.00,13.99,1.0,1.40000000,false
7,4/10/26 2:26 PM,Malai Kofta,,Veg Curries,Entrée,Food,13.99,0.00,13.99,1.0,1.40000000,false
8,4/10/26 2:46 PM,Kadhai,,Kadhai,Entrée,Food,18.99,0.00,18.99,1.0,1.90000000,false
8,4/10/26 2:46 PM,Garlic Naan,,Naan,Bread,Food,4.99,0.00,4.99,1.0,0.50000000,false
9,4/10/26 4:56 PM,Dal Tadka,Vegan,Veg Curries,Entrée,Food,12.99,0.00,12.99,1.0,1.30000000,false
9,4/10/26 4:56 PM,Veg Manchurian,,Appetizer,Indo-Chines,,11.99,0.00,11.99,1.0,1.20000000,false
9,4/10/26 4:56 PM,Garlic Naan,,Naan,Bread,Food,4.99,0.00,4.99,1.0,0.50000000,false
10,4/10/26 5:05 PM,Chicken 65,,65,Appetizer,Appetizer,12.99,0.00,12.99,1.0,1.30000000,false
10,4/10/26 5:05 PM,Raita,,Sides,Sides,Sides,4.99,0.00,4.99,1.0,0.50000000,false
11,4/10/26 5:16 PM,Malai Kofta,,Veg Curries,Entrée,Food,13.99,0.00,13.99,1.0,1.40000000,false
11,4/10/26 5:16 PM,Amul Cheese Butter Masala,,,,Food,18.99,0.00,18.99,1.0,0E-8,false
11,4/10/26 5:16 PM,Highway Chicken,,Non-Veg Curries,Entrée,Food,15.99,0.00,15.99,1.0,1.60000000,false
12,4/10/26 5:18 PM,Butter Chicken,,Non-Veg Curries,Entrée,Food,15.99,0.00,15.99,1.0,1.60000000,false
12,4/10/26 5:18 PM,Chicken Tikka Masala,,Tikka Masala Curry,Entrée,Food,15.99,0.00,15.99,1.0,1.60000000,false
12,4/10/26 5:18 PM,Garlic Naan,,Naan,Bread,Food,4.99,0.00,4.99,1.0,0.50000000,false
12,4/10/26 5:18 PM,Lamb Curry,,Non-Veg Curries,Entrée,Food,17.99,0.00,17.99,1.0,1.80000000,false
13,4/10/26 5:26 PM,Channa Masala,Vegan,Veg Curries,Entrée,Food,12.99,0.00,12.99,1.0,1.30000000,false
13,4/10/26 5:26 PM,Butter Tandoori Roti,,Roti,Bread,Food,3.99,0.00,3.99,1.0,0.40000000,false
13,4/10/26 5:26 PM,Coconut Curry,,Coconut,Entrée,Food,15.99,0.00,15.99,1.0,1.60000000,false
13,4/10/26 5:26 PM,Butter Naan,,Naan,Bread,Food,3.99,0.00,3.99,1.0,0.40000000,false
13,4/10/26 5:26 PM,Coconut Curry,,Coconut,Entrée,Food,15.99,0.00,15.99,1.0,1.60000000,false
14,4/10/26 5:47 PM,Saag Plain,,Saag,Entrée,Food,15.99,0.00,15.99,1.0,1.60000000,false
14,4/10/26 5:47 PM,Butter Chicken,,Non-Veg Curries,Entrée,Food,15.99,0.00,15.99,1.0,1.60000000,false
14,4/10/26 5:47 PM,Tandoori Roti Plain,,Roti,Bread,Food,3.99,0.00,3.99,1.0,0.40000000,false
14,4/10/26 5:47 PM,Chapati Plain,,,,Food,4.99,0.00,4.99,1.0,0E-8,false
14,4/10/26 5:47 PM,Kulcha,,Others,Bread,Food,5.99,0.00,5.99,1.0,0.60000000,false
14,4/10/26 5:47 PM,Raita,,Sides,Sides,Sides,4.99,0.00,4.99,1.0,0.50000000,false
14,4/10/26 5:47 PM,Chutney,,Sides,Sides,Sides,3.99,0.00,3.99,1.0,0.40000000,false
16,4/10/26 6:47 PM,Pickle,,Sides,Sides,Sides,3.89,0.00,3.89,1.0,0.39000000,false
16,4/10/26 6:47 PM,Gobi 65,,65,Appetizer,Appetizer,14.29,0.00,14.29,1.0,1.42000000,false
16,4/10/26 6:47 PM,Rogan Josh,,Non-Veg Curries,Entrée,Food,25.99,0.00,25.99,1.0,2.60000000,false
16,4/10/26 6:47 PM,Garlic Naan,,Naan,Bread,Food,6.49,0.00,6.49,1.0,0.65000000,false
15,4/10/26 6:47 PM,Paneer Kathi Roll,,Kathi Roll,Appetizer,Appetizer,11.99,0.00,11.99,1.0,1.20000000,false
15,4/10/26 6:47 PM,Veg Samosa,,Samosa,Appetizer,Appetizer,5.99,0.00,5.99,1.0,0.60000000,false
15,4/10/26 6:48 PM,Adolph Miller,,Wine,Beverage,NA Beverage,14.00,0.00,14.00,1.0,1.40000000,false
15,4/10/26 6:48 PM,Stella,,Beer,Beverage,NA Beverage,5.99,0.00,5.99,1.0,0.60000000,false
15,4/10/26 6:48 PM,Stella,,Beer,Beverage,NA Beverage,5.99,0.00,5.99,1.0,0.60000000,false
15,4/10/26 7:00 PM,Aloo Gobi Matar,Vegan,Veg Curries,Entrée,Food,12.99,0.00,12.99,1.0,1.30000000,false
15,4/10/26 7:00 PM,Saag Paneer,,Saag,Entrée,Food,16.99,0.00,16.99,1.0,1.70000000,false
15,4/10/26 7:00 PM,Paratha,,Others,Bread,Food,5.99,0.00,5.99,1.0,0.60000000,false
15,4/10/26 7:00 PM,Vindaloo Curry,,Vindaloo,Entrée,Food,19.99,0.00,19.99,1.0,2.00000000,false
15,4/10/26 7:00 PM,Garlic Naan,,Naan,Bread,Food,4.99,0.00,4.99,1.0,0.50000000,false
17,4/10/26 7:06 PM,Salmon Tandoori,,Tandoori,Appetizer,Appetizer,18.99,0.00,18.99,1.0,1.90000000,false
18,4/10/26 7:07 PM,Masala Chai,,Lassi & Tea,Beverage,NA Beverage,11.97,0.00,10.77,3.0,1.09000000,false
19,4/10/26 7:10 PM,Lamb Biryani,,Nonveg,Biryani,Biryani,18.99,0.00,18.99,1.0,1.90000000,false
19,4/10/26 7:10 PM,Paneer Tikka Masala,,Tikka Masala Curry,Entrée,Food,15.99,0.00,15.99,1.0,1.60000000,false
19,4/10/26 7:10 PM,Garlic Naan,,Naan,Bread,Food,4.99,0.00,4.99,1.0,0.50000000,false
19,4/10/26 7:10 PM,Momos Chicken,,Appetizer,Indo-Chines,,12.99,0.00,12.99,1.0,1.30000000,false
19,4/10/26 7:10 PM,Gulabjamun,,Hot,Desserts,Desserts,4.99,0.00,4.99,1.0,0.50000000,false
19,4/10/26 7:10 PM,Diet Coke,,Soda & Water,Beverage,NA Beverage,1.99,0.00,1.99,1.0,0.20000000,false
22,4/10/26 7:37 PM,Veg Biryani,,Veg,Biryani,Biryani,22.09,0.00,22.09,1.0,2.21000000,false
20,4/10/26 7:29 PM,Chili Paneer,,Appetizer,Indo-Chines,,12.99,0.00,12.99,1.0,1.30000000,false
20,4/10/26 7:29 PM,Coke,,Soda & Water,Beverage,NA Beverage,1.99,0.00,1.99,1.0,0.20000000,false
21,4/10/26 7:34 PM,Appetizer Sampler,,Platter,Appetizer,Appetizer,19.99,0.00,19.99,1.0,2.00000000,false
21,4/10/26 7:37 PM,Salmon Tandoori,,Tandoori,Appetizer,Appetizer,18.99,0.00,18.99,1.0,1.90000000,false
21,4/10/26 7:37 PM,Garlic Naan,,Naan,Bread,Food,4.99,0.00,4.99,1.0,0.50000000,false
21,4/10/26 7:37 PM,Shrimp Tikka Masala,,Tikka Masala Curry,Entrée,Food,18.99,0.00,18.99,1.0,1.90000000,false
21,4/10/26 7:37 PM,Kadhai,,Kadhai,Entrée,Food,18.99,0.00,18.99,1.0,1.90000000,false
21,4/10/26 7:37 PM,Tandoori Roti Plain,,Roti,Bread,Food,3.99,0.00,3.99,1.0,0.40000000,false
21,4/10/26 7:37 PM,Coconut Curry,,Coconut,Entrée,Food,15.99,0.00,15.99,1.0,1.60000000,false
21,4/10/26 7:37 PM,Paneer Tikka Masala,,Tikka Masala Curry,Entrée,Food,19.98,0.00,19.98,1.0,2.00000000,false
15,4/10/26 7:49 PM,Kim Crawford,,Wine,Beverage,NA Beverage,14.00,0.00,14.00,1.0,1.40000000,false
23,4/10/26 7:54 PM,Paratha,,Others,Bread,Food,7.79,0.00,7.79,1.0,0.78000000,false
23,4/10/26 7:54 PM,Plain,,Naan,Bread,Food,10.38,0.00,10.38,2.0,1.03000000,false
23,4/10/26 7:54 PM,Paneer Tikka Masala,,Tikka Masala Curry,Entrée,Food,20.79,0.00,20.79,1.0,2.08000000,false
24,4/10/26 8:10 PM,Half Chicken Tandoori,,Tandoori,Appetizer,Appetizer,12.99,0.00,11.69,1.0,1.17000000,false
24,4/10/26 8:10 PM,Highway Chicken,,Non-Veg Curries,Entrée,Food,15.99,0.00,14.39,1.0,1.43000000,false
24,4/10/26 8:10 PM,Chili Garlic Naan,,Naan,Bread,Food,5.99,0.00,5.39,1.0,0.53000000,false
24,4/10/26 8:15 PM,Chili Garlic Naan,,Naan,Bread,Food,11.98,0.00,10.78,2.0,1.09000000,false
25,4/10/26 8:23 PM,Samosa,,Chaat,Appetizer,Appetizer,8.99,0.00,8.99,1.0,0.90000000,false
25,4/10/26 8:32 PM,Saag Paneer,,Saag,Entrée,Food,16.99,0.00,16.99,1.0,1.70000000,false
25,4/10/26 8:32 PM,Tandoori Chicken Masala,,Non-Veg Curries,Entrée,Food,15.99,0.00,15.99,1.0,1.60000000,false
25,4/10/26 8:32 PM,Garlic Naan,,Naan,Bread,Food,4.99,0.00,4.99,1.0,0.50000000,false
25,4/10/26 8:32 PM,Chili Garlic Naan,,Naan,Bread,Food,5.99,0.00,5.99,1.0,0.60000000,false
26,4/10/26 8:34 PM,Lamb Biryani,,Nonveg,Biryani,Biryani,18.99,0.00,18.99,1.0,1.90000000,false
26,4/10/26 8:34 PM,Butter Chicken,,Non-Veg Curries,Entrée,Food,15.99,0.00,15.99,1.0,1.60000000,false
27,4/10/26 8:37 PM,Chicken Tikka Masala,,Tikka Masala Curry,Entrée,Food,15.99,0.00,15.99,1.0,1.60000000,false
28,4/10/26 8:42 PM,Masala Papad,,Papad,Appetizer,Appetizer,6.99,0.00,6.99,1.0,0.70000000,false
25,4/10/26 8:44 PM,Stella,,Beer,Beverage,NA Beverage,5.99,0.00,5.99,1.0,0.60000000,false
28,4/10/26 8:49 PM,Heineken,,Beer,Beverage,NA Beverage,5.99,0.00,5.99,1.0,0.60000000,false
28,4/10/26 8:49 PM,Chili Paneer,,Appetizer,Indo-Chines,,25.98,0.00,25.98,2.0,2.60000000,false
28,4/10/26 8:49 PM,Maysur Masala Dosa,,Dosa,Bread,Food,13.99,0.00,13.99,1.0,1.40000000,false
28,4/10/26 8:49 PM,Highway Chicken,,Non-Veg Curries,Entrée,Food,15.99,0.00,15.99,1.0,1.60000000,false
28,4/10/26 8:49 PM,Paneer Tikka Masala,,Tikka Masala Curry,Entrée,Food,15.99,0.00,15.99,1.0,1.60000000,false
28,4/10/26 8:49 PM,Garlic Naan,,Naan,Bread,Food,9.98,0.00,9.98,2.0,1.00000000,false
28,4/10/26 8:54 PM,Masala Papad,,Papad,Appetizer,Appetizer,6.99,0.00,6.99,1.0,0.70000000,false
28,4/10/26 8:54 PM,Heineken,,Beer,Beverage,NA Beverage,5.99,0.00,5.99,1.0,0.60000000,false
28,4/10/26 9:03 PM,Onion and Chili,,Sides,Sides,Sides,2.99,0.00,2.99,1.0,0.30000000,false
25,4/10/26 9:07 PM,Kulfi,,Cold,Desserts,Desserts,3.99,0.00,3.99,1.0,0.40000000,false
28,4/10/26 9:26 PM,Garlic Naan,,Naan,Bread,Food,9.98,0.00,9.98,2.0,1.00000000,false
1,4/11/26 11:29 AM,Appetizer Sampler,,Platter,Appetizer,Appetizer,19.99,0.00,19.99,1.0,2.00000000,false
1,4/11/26 11:29 AM,Saag Plain,,Saag,Entrée,Food,15.99,0.00,15.99,1.0,1.60000000,false
2,4/11/26 11:48 AM,Weekend Buffet,,Buffet,Sides,Sides,17.99,0.00,17.99,1.0,1.80000000,false
2,4/11/26 11:48 AM,Weekend Buffet,,Buffet,Sides,Sides,17.99,0.00,17.99,1.0,1.80000000,false
3,4/11/26 11:50 AM,Weekend Buffet,,Buffet,Sides,Sides,17.99,0.00,17.99,1.0,1.80000000,false
3,4/11/26 11:50 AM,Weekend Buffet,,Buffet,Sides,Sides,17.99,0.00,17.99,1.0,1.80000000,false
3,4/11/26 11:50 AM,Weekend Buffet,,Buffet,Sides,Sides,17.99,0.00,17.99,1.0,1.80000000,false
3,4/11/26 11:50 AM,Sprite,,Soda & Water,Beverage,NA Beverage,1.99,0.00,1.99,1.0,0.20000000,false
3,4/11/26 11:50 AM,Dr pepper,,Soda & Water,Beverage,NA Beverage,1.99,0.00,1.99,1.0,0.20000000,false
4,4/11/26 12:03 PM,Weekend Buffet,,Buffet,Sides,Sides,17.99,0.00,17.99,1.0,1.80000000,false
3,4/11/26 12:03 PM,Sprite,,Soda & Water,Beverage,NA Beverage,1.99,0.00,1.99,1.0,0.20000000,false
3,4/11/26 12:03 PM,Sprite,,Soda & Water,Beverage,NA Beverage,1.99,0.00,1.99,1.0,0.20000000,false
3,4/11/26 12:03 PM,Coke Zero,,Soda & Water,Beverage,NA Beverage,1.99,0.00,1.99,1.0,0.20000000,false
5,4/11/26 12:08 PM,Chicken Biryani,,Nonveg,Biryani,Biryani,16.99,0.00,16.99,1.0,1.70000000,false
5,4/11/26 12:08 PM,Butter Naan,,Naan,Bread,Food,3.99,0.00,3.99,1.0,0.40000000,false
6,4/11/26 12:17 PM,Weekend Buffet,,Buffet,Sides,Sides,17.99,0.00,17.99,1.0,1.80000000,false
6,4/11/26 12:17 PM,Weekend Buffet,,Buffet,Sides,Sides,17.99,0.00,17.99,1.0,1.80000000,false
6,4/11/26 12:17 PM,Weekend Buffet,,Buffet,Sides,Sides,17.99,0.00,17.99,1.0,1.80000000,false
6,4/11/26 12:17 PM,Weekend Buffet Kids,,Buffet,Sides,Sides,8.99,0.00,8.99,1.0,0.90000000,false
6,4/11/26 12:19 PM,Veg Manchurian,,Appetizer,Indo-Chines,,11.99,0.00,11.99,1.0,1.20000000,false
7,4/11/26 12:21 PM,Weekend Buffet Kids,,Buffet,Sides,Sides,8.99,0.00,8.99,1.0,0.90000000,false
7,4/11/26 12:21 PM,Weekend Buffet,,Buffet,Sides,Sides,17.99,0.00,17.99,1.0,1.80000000,false
7,4/11/26 12:21 PM,Weekend Buffet,,Buffet,Sides,Sides,17.99,0.00,17.99,1.0,1.80000000,true
8,4/11/26 12:34 PM,Mango Lassi,,Lassi & Tea,Beverage,NA Beverage,4.99,0.00,4.49,1.0,0.44000000,false
8,4/11/26 12:34 PM,Weekend Buffet,,Buffet,Sides,Sides,17.99,0.00,16.19,1.0,1.61000000,false
8,4/11/26 12:34 PM,Weekend Buffet,,Buffet,Sides,Sides,17.99,0.00,16.19,1.0,1.61000000,false
7,4/11/26 12:44 PM,Weekend Buffet Kids,,Buffet,Sides,Sides,8.99,0.00,8.99,1.0,0.90000000,false
5,4/11/26 12:58 PM,Butter Naan,,Naan,Bread,Food,3.99,0.00,3.99,1.0,0.40000000,false
9,4/11/26 1:14 PM,Weekend Buffet,,Buffet,Sides,Sides,17.99,0.00,17.99,1.0,1.80000000,false
9,4/11/26 1:14 PM,Weekend Buffet,,Buffet,Sides,Sides,17.99,0.00,17.99,1.0,1.80000000,false
10,4/11/26 1:26 PM,Mix Veg Pakora,,Mix Veg Pakora,Appetizer,Appetizer,7.99,0.00,7.99,1.0,0.80000000,false
10,4/11/26 1:26 PM,Saag Paneer,,Saag,Entrée,Food,16.99,0.00,16.99,1.0,1.70000000,false
11,4/11/26 1:28 PM,Weekend Buffet,,Buffet,Sides,Sides,17.99,0.00,17.99,1.0,1.80000000,false
12,4/11/26 1:32 PM,Appetizer Sampler,,Platter,Appetizer,Appetizer,19.99,0.00,19.99,1.0,2.00000000,false
12,4/11/26 1:32 PM,Chicken Kathi Roll,,Kathi Roll,Appetizer,Appetizer,12.99,0.00,12.99,1.0,1.30000000,false
13,4/11/26 1:38 PM,Weekend Buffet,,Buffet,Sides,Sides,17.99,0.00,17.99,1.0,1.80000000,false
14,4/11/26 1:43 PM,Chili Paneer,,Appetizer,Indo-Chines,,12.99,0.00,12.99,1.0,1.30000000,false
14,4/11/26 1:43 PM,Veg Manchurian,,Appetizer,Indo-Chines,,11.99,0.00,11.99,1.0,1.20000000,false
14,4/11/26 1:43 PM,Fried Rice,,Entrees,Indo-Chines,,25.98,0.00,25.98,2.0,2.60000000,false
14,4/11/26 1:43 PM,Hakka Noodles,,Entrees,Indo-Chines,,25.98,0.00,25.98,2.0,2.60000000,false
14,4/11/26 1:43 PM,Veg Manchurian,,Appetizer,Indo-Chines,,11.99,0.00,11.99,1.0,1.20000000,false
15,4/11/26 1:50 PM,Weekend Buffet,,Buffet,Sides,Sides,17.99,0.00,17.99,1.0,1.80000000,false
15,4/11/26 1:50 PM,Weekend Buffet,,Buffet,Sides,Sides,17.99,0.00,17.99,1.0,1.80000000,false
16,4/11/26 1:55 PM,Lamb Chops,,Tandoori,Appetizer,Appetizer,25.99,0.00,25.99,1.0,2.60000000,false
17,4/11/26 2:17 PM,Weekend Buffet,,Buffet,Sides,Sides,17.99,0.00,17.99,1.0,1.80000000,false
16,4/11/26 2:44 PM,Weekend Buffet,,Buffet,Sides,Sides,17.99,0.00,17.99,1.0,1.80000000,false
18,4/11/26 5:12 PM,Butter Chicken,,Non-Veg Curries,Entrée,Food,15.99,0.00,15.99,1.0,1.60000000,false
18,4/11/26 5:12 PM,Butter Naan,,Naan,Bread,Food,3.99,0.00,3.99,1.0,0.40000000,false
18,4/11/26 5:12 PM,Coke,,Soda & Water,Beverage,NA Beverage,1.99,0.00,1.99,1.0,0.20000000,false
19,4/11/26 5:47 PM,Spring Roll,,Others,Appetizer,Appetizer,5.99,0.00,5.99,1.0,0.60000000,false
19,4/11/26 5:56 PM,Coconut Curry,,Coconut,Entrée,Food,15.99,0.00,15.99,1.0,1.60000000,false
19,4/11/26 5:56 PM,Garlic Naan,,Naan,Bread,Food,4.99,0.00,4.99,1.0,0.50000000,false
19,4/11/26 6:14 PM,Garlic Naan,,Naan,Bread,Food,4.99,0.00,4.99,1.0,0.50000000,false
19,4/11/26 6:38 PM,Buffet,,,,Food,24.99,0.00,24.99,1.0,0E-8,false
19,4/11/26 6:38 PM,Buffet,,,,Food,24.99,0.00,24.99,1.0,0E-8,false
20,4/11/26 6:43 PM,Veg Manchurian,,Appetizer,Indo-Chines,,11.99,0.00,11.99,1.0,1.20000000,false
20,4/11/26 6:43 PM,Garlic Naan,,Naan,Bread,Food,4.99,0.00,4.99,1.0,0.50000000,false
20,4/11/26 6:43 PM,Kashmiri Naan,,Naan,Bread,Food,6.99,0.00,6.99,1.0,0.70000000,false
20,4/11/26 6:43 PM,Malai Kofta,,Veg Curries,Entrée,Food,13.99,0.00,13.99,1.0,1.40000000,false
21,4/11/26 6:47 PM,Goat Curry,,Non-Veg Curries,Entrée,Food,18.99,0.00,18.99,1.0,1.90000000,false
21,4/11/26 6:47 PM,Garlic Naan,,Naan,Bread,Food,4.99,0.00,4.99,1.0,0.50000000,false
21,4/11/26 6:47 PM,Butter Chicken,,Non-Veg Curries,Entrée,Food,15.99,0.00,15.99,1.0,1.60000000,false
21,4/11/26 6:47 PM,Butter Naan,,Naan,Bread,Food,3.99,0.00,3.99,1.0,0.40000000,false
22,4/11/26 6:54 PM,Chicken Tikka Masala,,Tikka Masala Curry,Entrée,Food,15.99,0.00,15.99,1.0,1.60000000,false
22,4/11/26 6:54 PM,Garlic Naan,,Naan,Bread,Food,4.99,0.00,4.99,1.0,0.50000000,false
22,4/11/26 6:54 PM,Kulcha,,Others,Bread,Food,5.99,0.00,5.99,1.0,0.60000000,false
21,4/11/26 6:55 PM,Sprite,,Soda & Water,Beverage,NA Beverage,1.99,0.00,1.99,1.0,0.20000000,false
22,4/11/26 7:07 PM,House Garden Salad,,Salad,Soup & Salad,,6.99,0.00,6.99,1.0,0.70000000,true
22,4/11/26 7:09 PM,Onion and Chili,,Sides,Sides,Sides,2.99,0.00,2.99,1.0,0.30000000,false
24,4/11/26 7:19 PM,Mix Veg Pakora,,Mix Veg Pakora,Appetizer,Appetizer,7.99,0.00,7.99,1.0,0.80000000,false
24,4/11/26 7:19 PM,Chicken Biryani,,Nonveg,Biryani,Biryani,16.99,0.00,16.99,1.0,1.70000000,false
24,4/11/26 7:19 PM,Coconut Curry,,Coconut,Entrée,Food,15.99,0.00,15.99,1.0,1.60000000,false
24,4/11/26 7:19 PM,Garlic Naan,,Naan,Bread,Food,9.98,0.00,9.98,2.0,1.00000000,false
24,4/11/26 7:19 PM,Mulligatawny Soup,,Soup,Soup & Salad,,5.99,0.00,5.99,1.0,0.60000000,false
25,4/11/26 7:21 PM,Lamb Tikka Masala,,Tikka Masala Curry,Entrée,Food,18.99,0.00,18.99,1.0,1.90000000,false
25,4/11/26 7:21 PM,Lamb Biryani,,Nonveg,Biryani,Biryani,18.99,0.00,18.99,1.0,1.90000000,false
25,4/11/26 7:21 PM,Coconut Curry,,Coconut,Entrée,Food,15.99,0.00,15.99,1.0,1.60000000,false
25,4/11/26 7:21 PM,Chicken Tikka Masala,,Tikka Masala Curry,Entrée,Food,15.99,0.00,15.99,1.0,1.60000000,false
25,4/11/26 7:21 PM,Garlic Naan,,Naan,Bread,Food,14.97,0.00,14.97,3.0,1.50000000,false
26,4/11/26 7:26 PM,Paneer 65 Biryani,,Veg,Biryani,Biryani,16.99,0.00,16.99,1.0,1.70000000,true
26,4/11/26 7:26 PM,Paneer 65 Biryani,,Veg,Biryani,Biryani,16.99,0.00,16.99,1.0,1.70000000,true
26,4/11/26 7:26 PM,Garlic Naan,,Naan,Bread,Food,4.99,0.00,4.99,1.0,0.50000000,false
26,4/11/26 7:26 PM,Garlic Naan,,Naan,Bread,Food,4.99,0.00,4.99,1.0,0.50000000,false
26,4/11/26 7:26 PM,Fried Rice,,Entrees,Indo-Chines,,15.99,0.00,15.99,1.0,1.60000000,false
27,4/11/26 7:34 PM,Chicken Biryani,,Nonveg,Biryani,Biryani,33.98,0.00,33.98,2.0,3.40000000,false
27,4/11/26 7:34 PM,Full Chicken Tandoori,,Tandoori,Appetizer,Appetizer,18.99,0.00,18.99,1.0,1.90000000,false
28,4/11/26 7:47 PM,Goat Biryani,,Nonveg,Biryani,Biryani,18.99,0.00,18.99,1.0,1.90000000,false
28,4/11/26 7:47 PM,Goat Biryani,,Nonveg,Biryani,Biryani,18.99,0.00,18.99,1.0,1.90000000,false
29,4/11/26 7:50 PM,Papad,,Papad,Appetizer,Appetizer,3.99,0.00,3.99,1.0,0.40000000,false
29,4/11/26 7:50 PM,Onion and Chili,,Sides,Sides,Sides,2.99,0.00,2.99,1.0,0.30000000,false
29,4/11/26 7:50 PM,Maysur Masala Dosa,,Dosa,Bread,Food,13.99,0.00,13.99,1.0,1.40000000,false
29,4/11/26 7:50 PM,Malai Kofta,,Veg Curries,Entrée,Food,13.99,0.00,13.99,1.0,1.40000000,false
29,4/11/26 7:50 PM,Butter Chicken,,Non-Veg Curries,Entrée,Food,31.98,0.00,31.98,2.0,3.20000000,false
29,4/11/26 7:50 PM,Garlic Naan,,Naan,Bread,Food,19.96,0.00,19.96,4.0,2.00000000,false
29,4/11/26 7:50 PM,Butter Naan,,Naan,Bread,Food,7.98,0.00,7.98,2.0,0.80000000,false
29,4/11/26 7:50 PM,Chili Garlic Naan,,Naan,Bread,Food,5.99,0.00,5.99,1.0,0.60000000,false
30,4/11/26 7:53 PM,Momos Chicken,,Appetizer,Indo-Chines,,12.99,0.00,12.99,1.0,1.30000000,false
30,4/11/26 7:53 PM,Butter Chicken,,Non-Veg Curries,Entrée,Food,15.99,0.00,15.99,1.0,1.60000000,false
30,4/11/26 7:53 PM,Garlic Naan,,Naan,Bread,Food,4.99,0.00,4.99,1.0,0.50000000,false
30,4/11/26 7:53 PM,Amul Cheese Butter Masala,,,,Food,18.99,0.00,18.99,1.0,0E-8,false
30,4/11/26 7:53 PM,Chili Garlic Naan,,Naan,Bread,Food,5.99,0.00,5.99,1.0,0.60000000,false
31,4/11/26 7:56 PM,Chicken Tikka Masala,,Tikka Masala Curry,Entrée,Food,15.99,0.00,15.99,1.0,1.60000000,false
31,4/11/26 7:56 PM,Garlic Naan,,Naan,Bread,Food,9.98,0.00,9.98,2.0,1.00000000,false
32,4/11/26 8:02 PM,Chicken Tikka Masala,,Tikka Masala Curry,Entrée,Food,15.99,0.00,15.99,1.0,1.60000000,false
32,4/11/26 8:02 PM,Garlic Naan,,Naan,Bread,Food,9.98,0.00,9.98,2.0,1.00000000,false
32,4/11/26 8:02 PM,Sprite,,Soda & Water,Beverage,NA Beverage,1.99,0.00,1.99,1.0,0.20000000,false
25,4/11/26 8:04 PM,Sprite,,Soda & Water,Beverage,NA Beverage,1.99,0.00,1.99,1.0,0.20000000,false
25,4/11/26 8:04 PM,Sprite,,Soda & Water,Beverage,NA Beverage,1.99,0.00,1.99,1.0,0.20000000,false
33,4/11/26 8:16 PM,Mushroom Salt n Pepper,,Mushroom Salt n Pepper,Appetizer,Appetizer,10.99,0.00,10.99,1.0,1.10000000,false
33,4/11/26 8:16 PM,Chicken Tikka Masala,,Tikka Masala Curry,Entrée,Food,15.99,0.00,15.99,1.0,1.60000000,false
33,4/11/26 8:16 PM,Garlic Naan,,Naan,Bread,Food,4.99,0.00,4.99,1.0,0.50000000,false
34,4/11/26 8:20 PM,Chicken Curry,,Non-Veg Curries,Entrée,Food,15.99,0.00,15.99,1.0,1.60000000,false
34,4/11/26 8:20 PM,Kadhai,,Kadhai,Entrée,Food,15.99,0.00,15.99,1.0,1.60000000,false
34,4/11/26 8:20 PM,Garlic Naan,,Naan,Bread,Food,4.99,0.00,4.99,1.0,0.50000000,false
26,4/11/26 8:25 PM,Paneer Tikka Masala,,Tikka Masala Curry,Entrée,Food,31.98,0.00,31.98,2.0,3.20000000,false
26,4/11/26 8:26 PM,Kulfi,,Cold,Desserts,Desserts,15.96,0.00,15.96,4.0,1.60000000,false
35,4/11/26 8:29 PM,Chicken Tikka Masala,,Tikka Masala Curry,Entrée,Food,15.99,0.00,15.99,1.0,1.60000000,false
35,4/11/26 8:29 PM,Garlic Naan,,Naan,Bread,Food,19.96,0.00,19.96,4.0,2.00000000,false
35,4/11/26 8:29 PM,Butter Naan,,Naan,Bread,Food,7.98,0.00,7.98,2.0,0.80000000,false
35,4/11/26 8:29 PM,Rogan Josh,,Non-Veg Curries,Entrée,Food,19.99,0.00,19.99,1.0,2.00000000,false
35,4/11/26 8:29 PM,Vindaloo Curry,,Vindaloo,Entrée,Food,15.99,0.00,15.99,1.0,1.60000000,false
36,4/11/26 8:30 PM,Sweet Tea,,Lassi & Tea,Beverage,NA Beverage,2.99,0.00,2.99,1.0,0.30000000,false
36,4/11/26 8:30 PM,Sweet Tea,,Lassi & Tea,Beverage,NA Beverage,2.99,0.00,2.99,1.0,0.30000000,false
36,4/11/26 8:30 PM,Lamb Biryani,,Nonveg,Biryani,Biryani,18.99,0.00,18.99,1.0,1.90000000,false
36,4/11/26 8:30 PM,Chicken 65,,65,Appetizer,Appetizer,12.99,0.00,12.99,1.0,1.30000000,false
37,4/11/26 8:34 PM,Spring Roll,,Others,Appetizer,Appetizer,5.99,0.00,5.99,1.0,0.60000000,false
37,4/11/26 8:34 PM,Chili Paneer,,Appetizer,Indo-Chines,,12.99,0.00,12.99,1.0,1.30000000,false
37,4/11/26 8:34 PM,Masala Papad,,Papad,Appetizer,Appetizer,6.99,0.00,6.99,1.0,0.70000000,false
37,4/11/26 8:34 PM,Papad,,Papad,Appetizer,Appetizer,11.97,0.00,11.97,3.0,1.20000000,false
37,4/11/26 8:34 PM,Kaju Curry,,Veg Curries,Entrée,Food,16.99,0.00,16.99,1.0,1.70000000,false
37,4/11/26 8:34 PM,Butter Tandoori Roti,,Roti,Bread,Food,7.98,0.00,7.98,2.0,0.80000000,false
37,4/11/26 8:34 PM,Butter Naan,,Naan,Bread,Food,3.99,0.00,3.99,1.0,0.40000000,false
29,4/11/26 8:35 PM,Highway Chicken,,Non-Veg Curries,Entrée,Food,15.99,0.00,15.99,1.0,1.60000000,false
38,4/11/26 8:41 PM,Kulfi,,Cold,Desserts,Desserts,15.96,0.00,15.96,4.0,1.60000000,false
40,4/11/26 9:03 PM,Butter Chicken,,Non-Veg Curries,Entrée,Food,20.79,0.00,20.79,1.0,2.09000000,false
37,4/11/26 8:59 PM,Butter Tandoori Roti,,Roti,Bread,Food,3.99,0.00,3.99,1.0,0.40000000,false
37,4/11/26 8:59 PM,Onion and Chili,,Sides,Sides,Sides,2.99,0.00,2.99,1.0,0.30000000,false
39,4/11/26 9:07 PM,Coconut Curry,,Coconut,Entrée,Food,19.99,0.00,19.99,1.0,2.00000000,false
39,4/11/26 9:07 PM,Veg Manchurian,,Appetizer,Indo-Chines,,11.99,0.00,11.99,1.0,1.20000000,false
39,4/11/26 9:07 PM,Lamb Chops,,Tandoori,Appetizer,Appetizer,25.99,0.00,25.99,1.0,2.60000000,false
39,4/11/26 9:07 PM,Kadhai,,Kadhai,Entrée,Food,18.99,0.00,18.99,1.0,1.90000000,false
39,4/11/26 9:07 PM,Mushroom Salt n Pepper,,Mushroom Salt n Pepper,Appetizer,Appetizer,10.99,0.00,10.99,1.0,1.10000000,false
39,4/11/26 9:07 PM,Okra Masala,Vegan,Veg Curries,Entrée,Food,13.99,0.00,13.99,1.0,1.40000000,false
39,4/11/26 9:07 PM,Samosa Chana Chaat,,,,Food,7.99,0.00,7.99,1.0,0E-8,false
41,4/11/26 9:33 PM,Mango Lassi,,Lassi & Tea,Beverage,NA Beverage,4.99,0.00,4.99,1.0,0.50000000,false
41,4/11/26 9:33 PM,Chicken Tikka Masala,,Tikka Masala Curry,Entrée,Food,15.99,0.00,15.99,1.0,1.60000000,false
41,4/11/26 9:33 PM,Butter Chicken,,Non-Veg Curries,Entrée,Food,15.99,0.00,15.99,1.0,1.60000000,false
41,4/11/26 9:33 PM,Garlic Naan,,Naan,Bread,Food,4.99,0.00,4.99,1.0,0.50000000,false
41,4/11/26 9:33 PM,Cheese Naan,,Naan,Bread,Food,5.99,0.00,5.99,1.0,0.60000000,false
1,4/12/26 11:05 AM,Weekend Buffet,,Buffet,Sides,Sides,17.99,0.00,17.99,1.0,1.80000000,false
2,4/12/26 11:07 AM,Weekend Buffet,,Buffet,Sides,Sides,17.99,0.00,17.99,1.0,1.80000000,false
2,4/12/26 11:07 AM,Diet Coke,,Soda & Water,Beverage,NA Beverage,1.99,0.00,1.99,1.0,0.20000000,false
2,4/12/26 11:46 AM,Diet Coke,,Soda & Water,Beverage,NA Beverage,1.99,0.00,1.99,1.0,0.20000000,false
4,4/12/26 12:29 PM,Saag Paneer,,Saag,Entrée,Food,16.99,0.00,16.99,1.0,1.70000000,true
4,4/12/26 12:29 PM,Navratna Shahi Korma,,Veg Curries,Entrée,Food,15.99,0.00,15.99,1.0,1.60000000,true
4,4/12/26 12:29 PM,Paneer Tikka Masala,,Tikka Masala Curry,Entrée,Food,31.98,0.00,31.98,2.0,3.20000000,true
4,4/12/26 12:29 PM,Navratna Shahi Korma,,Veg Curries,Entrée,Food,15.99,0.00,15.99,1.0,1.60000000,true
4,4/12/26 12:29 PM,Kadhai Paneer,,Veg Curries,Entrée,Food,15.99,0.00,15.99,1.0,1.60000000,true
4,4/12/26 12:29 PM,Malai Kofta,,Veg Curries,Entrée,Food,13.99,0.00,13.99,1.0,1.40000000,true
4,4/12/26 12:29 PM,Veg Manchurian,,Appetizer,Indo-Chines,,35.97,0.00,35.97,3.0,3.60000000,true
4,4/12/26 12:29 PM,Chili Paneer,,Appetizer,Indo-Chines,,25.98,0.00,25.98,2.0,2.60000000,true
4,4/12/26 12:29 PM,Onion and Chili,,Sides,Sides,Sides,2.99,0.00,2.99,1.0,0.30000000,true
5,4/12/26 1:00 PM,Weekend Buffet,,Buffet,Sides,Sides,17.99,0.00,17.99,1.0,1.80000000,false
5,4/12/26 1:00 PM,Weekend Buffet,,Buffet,Sides,Sides,17.99,0.00,17.99,1.0,1.80000000,false
5,4/12/26 1:00 PM,Ginger Ale,,Soda & Water,Beverage,NA Beverage,1.99,0.00,1.99,1.0,0.20000000,false
6,4/12/26 1:01 PM,Weekend Buffet,,Buffet,Sides,Sides,17.99,0.00,17.99,1.0,1.80000000,false
6,4/12/26 1:01 PM,Weekend Buffet,,Buffet,Sides,Sides,17.99,0.00,17.99,1.0,1.80000000,false
6,4/12/26 1:01 PM,Weekend Buffet,,Buffet,Sides,Sides,17.99,0.00,17.99,1.0,1.80000000,false
6,4/12/26 1:01 PM,Dr pepper,,Soda & Water,Beverage,NA Beverage,1.99,0.00,1.99,1.0,0.20000000,false
6,4/12/26 1:01 PM,Dr pepper,,Soda & Water,Beverage,NA Beverage,1.99,0.00,1.99,1.0,0.20000000,false
7,4/12/26 1:01 PM,Weekend Buffet,,Buffet,Sides,Sides,17.99,0.00,17.99,1.0,1.80000000,false
7,4/12/26 1:01 PM,Weekend Buffet,,Buffet,Sides,Sides,17.99,0.00,17.99,1.0,1.80000000,false
7,4/12/26 1:01 PM,Weekend Buffet,,Buffet,Sides,Sides,17.99,0.00,17.99,1.0,1.80000000,false
8,4/12/26 1:01 PM,Weekend Buffet,,Buffet,Sides,Sides,17.99,0.00,17.99,1.0,1.80000000,false
8,4/12/26 1:01 PM,Weekend Buffet,,Buffet,Sides,Sides,17.99,0.00,17.99,1.0,1.80000000,false
9,4/12/26 1:01 PM,Weekend Buffet,,Buffet,Sides,Sides,17.99,0.00,17.99,1.0,1.80000000,false
10,4/12/26 1:02 PM,Weekend Buffet,,Buffet,Sides,Sides,17.99,0.00,17.99,1.0,1.80000000,false
11,4/12/26 1:03 PM,Weekend Buffet,,Buffet,Sides,Sides,17.99,0.00,17.99,1.0,1.80000000,false
11,4/12/26 1:03 PM,Weekend Buffet,,Buffet,Sides,Sides,17.99,0.00,17.99,1.0,1.80000000,false
11,4/12/26 1:03 PM,Weekend Buffet,,Buffet,Sides,Sides,17.99,0.00,17.99,1.0,1.80000000,false
11,4/12/26 1:03 PM,Weekend Buffet,,Buffet,Sides,Sides,17.99,0.00,17.99,1.0,1.80000000,false
11,4/12/26 1:03 PM,Weekend Buffet,,Buffet,Sides,Sides,17.99,0.00,17.99,1.0,1.80000000,false
11,4/12/26 1:03 PM,Mango Lassi,,Lassi & Tea,Beverage,NA Beverage,4.99,0.00,4.99,1.0,0.50000000,false
11,4/12/26 1:03 PM,Mango Lassi,,Lassi & Tea,Beverage,NA Beverage,4.99,0.00,4.99,1.0,0.50000000,false
11,4/12/26 1:03 PM,Weekend Buffet Kids,,Buffet,Sides,Sides,8.99,0.00,8.99,1.0,0.90000000,false
13,4/12/26 1:26 PM,Chicken Curry,,Non-Veg Curries,Entrée,Food,15.99,0.00,15.99,1.0,1.60000000,false
13,4/12/26 1:26 PM,Chicken Biryani,,Nonveg,Biryani,Biryani,16.99,0.00,16.99,1.0,1.70000000,false
13,4/12/26 1:26 PM,Garlic Naan,,Naan,Bread,Food,4.99,0.00,4.99,1.0,0.50000000,false
13,4/12/26 1:26 PM,Garlic Naan,,Naan,Bread,Food,4.99,0.00,4.99,1.0,0.50000000,false
13,4/12/26 1:26 PM,Mulligatawny Soup,,Soup,Soup & Salad,,5.99,0.00,5.99,1.0,0.60000000,false
13,4/12/26 1:27 PM,Coke,,Soda & Water,Beverage,NA Beverage,1.99,0.00,1.99,1.0,0.20000000,false
13,4/12/26 1:27 PM,Coke,,Soda & Water,Beverage,NA Beverage,1.99,0.00,1.99,1.0,0.20000000,false
14,4/12/26 1:39 PM,Salmon Tandoori,,Tandoori,Appetizer,Appetizer,18.99,0.00,18.99,1.0,1.90000000,false
15,4/12/26 2:09 PM,Weekend Buffet,,Buffet,Sides,Sides,17.99,0.00,17.99,1.0,1.80000000,false
16,4/12/26 2:10 PM,Weekend Buffet,,Buffet,Sides,Sides,17.99,0.00,17.99,1.0,1.80000000,false
16,4/12/26 2:10 PM,Weekend Buffet,,Buffet,Sides,Sides,17.99,0.00,17.99,1.0,1.80000000,false
17,4/12/26 2:15 PM,Weekend Buffet,,Buffet,Sides,Sides,17.99,0.00,17.99,1.0,1.80000000,false
17,4/12/26 2:15 PM,Weekend Buffet,,Buffet,Sides,Sides,17.99,0.00,17.99,1.0,1.80000000,false
18,4/12/26 2:34 PM,Weekend Buffet,,Buffet,Sides,Sides,17.99,0.00,17.99,1.0,1.80000000,false
18,4/12/26 2:34 PM,Weekend Buffet,,Buffet,Sides,Sides,17.99,0.00,17.99,1.0,1.80000000,false
18,4/12/26 2:34 PM,Weekend Buffet Kids,,Buffet,Sides,Sides,8.99,0.00,8.99,1.0,0.90000000,false
18,4/12/26 2:34 PM,Weekend Buffet Kids,,Buffet,Sides,Sides,8.99,0.00,8.99,1.0,0.90000000,false
20,4/12/26 5:32 PM,Chicken Biryani,,Nonveg,Biryani,Biryani,22.09,0.00,22.09,1.0,2.21000000,false
19,4/12/26 5:25 PM,Saag Goat,,Saag,Entrée,Food,24.69,0.00,24.69,1.0,2.47000000,false
21,4/12/26 5:47 PM,Paneer Tikka Masala,,Tikka Masala Curry,Entrée,Food,15.99,0.00,15.99,1.0,1.60000000,false
21,4/12/26 5:47 PM,Veg Manchurian,,Appetizer,Indo-Chines,,11.99,0.00,11.99,1.0,1.20000000,false
22,4/12/26 5:52 PM,Chicken Tikka Masala,,Tikka Masala Curry,Entrée,Food,15.99,0.00,15.99,1.0,1.60000000,false
22,4/12/26 5:52 PM,Garlic Naan,,Naan,Bread,Food,4.99,0.00,4.99,1.0,0.50000000,false
22,4/12/26 5:52 PM,Vindaloo Curry,,Vindaloo,Entrée,Food,18.99,0.00,18.99,1.0,1.90000000,false
22,4/12/26 5:52 PM,Papad,,Papad,Appetizer,Appetizer,3.99,0.00,3.99,1.0,0.40000000,false
22,4/12/26 5:52 PM,Coconut Curry,,Coconut,Entrée,Food,15.99,0.00,15.99,1.0,1.60000000,false
22,4/12/26 5:52 PM,Cheese Masala Dosa,,Dosa,Bread,Food,13.99,0.00,13.99,1.0,1.40000000,false
22,4/12/26 5:53 PM,Diet Coke,,Soda & Water,Beverage,NA Beverage,1.99,0.00,1.99,1.0,0.20000000,false
23,4/12/26 5:53 PM,Mango Lassi,,Lassi & Tea,Beverage,NA Beverage,4.99,0.00,4.99,1.0,0.50000000,false
23,4/12/26 5:53 PM,Mango Lassi,,Lassi & Tea,Beverage,NA Beverage,4.99,0.00,4.99,1.0,0.50000000,false
23,4/12/26 5:56 PM,Paneer 65,,65,Appetizer,Appetizer,12.99,0.00,12.99,1.0,1.30000000,false
23,4/12/26 5:56 PM,Coconut Curry,,Coconut,Entrée,Food,15.99,0.00,15.99,1.0,1.60000000,false
23,4/12/26 5:56 PM,Butter Chicken,,Non-Veg Curries,Entrée,Food,15.99,0.00,15.99,1.0,1.60000000,false
23,4/12/26 5:56 PM,Cheese Naan,,Naan,Bread,Food,5.99,0.00,5.99,1.0,0.60000000,false
23,4/12/26 5:56 PM,Garlic Naan,,Naan,Bread,Food,4.99,0.00,4.99,1.0,0.50000000,false
24,4/12/26 6:04 PM,Garlic Naan,,Naan,Bread,Food,6.49,0.00,6.49,1.0,0.65000000,false
24,4/12/26 6:04 PM,Chicken Tikka Masala,,Tikka Masala Curry,Entrée,Food,20.79,0.00,20.79,1.0,2.07000000,false
22,4/12/26 6:29 PM,Mango Lassi,,Lassi & Tea,Beverage,NA Beverage,9.98,0.00,9.98,2.0,1.00000000,false
26,4/12/26 6:41 PM,Chicken Tikka,Tikka,Others,Appetizer,Appetizer,12.99,0.00,12.99,1.0,1.30000000,false
26,4/12/26 6:41 PM,Channa Masala,Vegan,Veg Curries,Entrée,Food,12.99,0.00,12.99,1.0,1.30000000,false
26,4/12/26 6:41 PM,Kadhai,,Kadhai,Entrée,Food,15.99,0.00,15.99,1.0,1.60000000,false
26,4/12/26 6:41 PM,Kadhai,,Kadhai,Entrée,Food,15.99,0.00,15.99,1.0,1.60000000,false
26,4/12/26 6:41 PM,Butter Naan,,Naan,Bread,Food,19.95,0.00,19.95,5.0,2.00000000,false
26,4/12/26 6:41 PM,Tandoori Roti Plain,,Roti,Bread,Food,7.98,0.00,7.98,2.0,0.80000000,false
27,4/12/26 6:44 PM,Fried Rice,,Entrees,Indo-Chines,,12.99,0.00,12.99,1.0,1.30000000,false
28,4/12/26 7:09 PM,Chicken 65,,65,Appetizer,Appetizer,12.99,0.00,12.99,1.0,1.30000000,false
28,4/12/26 7:09 PM,Chicken Biryani,,Nonveg,Biryani,Biryani,16.99,0.00,16.99,1.0,1.70000000,false
29,4/12/26 7:40 PM,Chili Paneer,,Appetizer,Indo-Chines,,38.97,0.00,38.97,3.0,3.90000000,false
29,4/12/26 7:40 PM,Masala Papad,,Papad,Appetizer,Appetizer,34.95,0.00,34.95,5.0,3.50000000,false
29,4/12/26 7:40 PM,Papad,,Papad,Appetizer,Appetizer,19.95,0.00,19.95,5.0,2.00000000,false
29,4/12/26 7:40 PM,Veg Manchurian,,Appetizer,Indo-Chines,,11.99,0.00,11.99,1.0,1.20000000,false
29,4/12/26 7:40 PM,Butter Milk,,Lassi & Tea,Beverage,NA Beverage,3.99,0.00,3.99,1.0,0.40000000,false
29,4/12/26 7:40 PM,Butter Milk,,Lassi & Tea,Beverage,NA Beverage,3.99,0.00,3.99,1.0,0.40000000,false
29,4/12/26 7:40 PM,Butter Milk,,Lassi & Tea,Beverage,NA Beverage,3.99,0.00,3.99,1.0,0.40000000,false
29,4/12/26 7:40 PM,Butter Milk,,Lassi & Tea,Beverage,NA Beverage,3.99,0.00,3.99,1.0,0.40000000,false
29,4/12/26 7:40 PM,Butter Milk,,Lassi & Tea,Beverage,NA Beverage,3.99,0.00,3.99,1.0,0.40000000,false
29,4/12/26 7:40 PM,Coke,,Soda & Water,Beverage,NA Beverage,1.99,0.00,1.99,1.0,0.20000000,true
29,4/12/26 7:40 PM,Coke,,Soda & Water,Beverage,NA Beverage,1.99,0.00,1.99,1.0,0.20000000,true
29,4/12/26 7:40 PM,Coke,,Soda & Water,Beverage,NA Beverage,1.99,0.00,1.99,1.0,0.20000000,true
29,4/12/26 7:47 PM,Amul cheese butter masala,,Veg Curries,Entrée,Food,37.98,0.00,37.98,2.0,3.80000000,false
29,4/12/26 7:47 PM,Amul cheese butter masala,,Veg Curries,Entrée,Food,18.99,0.00,18.99,1.0,1.90000000,false
29,4/12/26 7:47 PM,Paneer Tikka Masala,,Tikka Masala Curry,Entrée,Food,31.98,0.00,31.98,2.0,3.20000000,false
29,4/12/26 7:47 PM,Butter Naan,,Naan,Bread,Food,19.95,0.00,19.95,5.0,2.00000000,false
29,4/12/26 7:47 PM,Bullet Naan,,Naan,Bread,Food,4.99,0.00,4.99,1.0,0.50000000,false
30,4/12/26 8:00 PM,Masala Chai,,Lassi & Tea,Beverage,NA Beverage,3.99,0.00,3.99,1.0,0.40000000,false
30,4/12/26 8:00 PM,Mix Veg Pakora,,Mix Veg Pakora,Appetizer,Appetizer,7.99,0.00,7.99,1.0,0.80000000,false
30,4/12/26 8:00 PM,Kulfi,,Cold,Desserts,Desserts,3.99,0.00,3.99,1.0,0.40000000,false
30,4/12/26 8:00 PM,Hot & Sour Soup,,Soup,Soup & Salad,,5.99,0.00,5.99,1.0,0.60000000,false
32,4/12/26 8:11 PM,Butter Chicken,,Non-Veg Curries,Entrée,Food,20.79,0.00,20.79,1.0,2.07000000,false
32,4/12/26 8:11 PM,Garlic Naan,,Naan,Bread,Food,6.49,0.00,6.49,1.0,0.65000000,false
32,4/12/26 8:11 PM,Paneer Tikka Masala,,Tikka Masala Curry,Entrée,Food,20.79,0.00,20.79,1.0,2.07000000,false
32,4/12/26 8:11 PM,Momos Veg,,Appetizer,Indo-Chines,,15.59,0.00,15.59,1.0,1.57000000,false
31,4/12/26 8:08 PM,Diet Coke,,Soda & Water,Beverage,NA Beverage,1.99,0.00,1.99,1.0,0.20000000,false
31,4/12/26 8:08 PM,Dr pepper,,Soda & Water,Beverage,NA Beverage,1.99,0.00,1.99,1.0,0.20000000,false
31,4/12/26 8:08 PM,Butter Chicken,,Non-Veg Curries,Entrée,Food,15.99,0.00,15.99,1.0,1.60000000,false
31,4/12/26 8:08 PM,Chicken Curry,,Non-Veg Curries,Entrée,Food,15.99,0.00,15.99,1.0,1.60000000,false
31,4/12/26 8:08 PM,Garlic Naan,,Naan,Bread,Food,4.99,0.00,4.99,1.0,0.50000000,false
31,4/12/26 8:08 PM,Garlic Naan,,Naan,Bread,Food,4.99,0.00,4.99,1.0,0.50000000,false
29,4/12/26 8:24 PM,Butter Milk,,Lassi & Tea,Beverage,NA Beverage,3.99,0.00,3.99,1.0,0.40000000,false
30,4/12/26 8:30 PM,Coconut Curry,,Coconut,Entrée,Food,15.99,0.00,15.99,1.0,1.60000000,false
33,4/12/26 8:44 PM,Chicken 65,,65,Appetizer,Appetizer,12.99,0.00,12.99,1.0,1.30000000,false
33,4/12/26 8:44 PM,Lamb Sheekh Kabab,,Sheekh Kabab,Appetizer,Appetizer,15.99,0.00,15.99,1.0,1.60000000,false
33,4/12/26 8:44 PM,Coconut Curry,,Coconut,Entrée,Food,15.99,0.00,15.99,1.0,1.60000000,false
33,4/12/26 8:44 PM,Butter Naan,,Naan,Bread,Food,3.99,0.00,3.99,1.0,0.40000000,false
33,4/12/26 8:44 PM,Butter Naan,,Naan,Bread,Food,3.99,0.00,3.99,1.0,0.40000000,false
33,4/12/26 8:44 PM,Garlic Naan,,Naan,Bread,Food,4.99,0.00,4.99,1.0,0.50000000,false
33,4/12/26 8:45 PM,Sweet Tea,,Lassi & Tea,Beverage,NA Beverage,2.99,0.00,2.99,1.0,0.30000000,false
33,4/12/26 8:45 PM,Sweet Tea,,Lassi & Tea,Beverage,NA Beverage,2.99,0.00,2.99,1.0,0.30000000,false
29,4/12/26 8:47 PM,Kulfi,,Cold,Desserts,Desserts,3.99,0.00,3.99,1.0,0.40000000,true
29,4/12/26 8:47 PM,Kulfi,,Cold,Desserts,Desserts,3.99,0.00,3.99,1.0,0.40000000,true
35,4/13/26 11:08 AM,Coconut Curry,,Coconut,Entrée,Food,18.99,0.00,18.99,1.0,1.90000000,false
35,4/13/26 11:08 AM,Garlic Naan,,Naan,Bread,Food,4.99,0.00,4.99,1.0,0.50000000,false
1,4/13/26 11:14 AM,Chicken 65 Biryani,,Nonveg,Biryani,Biryani,16.99,0.00,16.99,1.0,1.70000000,false
1,4/13/26 11:14 AM,Chicken Biryani,,Nonveg,Biryani,Biryani,16.99,0.00,16.99,1.0,1.70000000,false
1,4/13/26 11:14 AM,Garlic Naan,,Naan,Bread,Food,4.99,0.00,4.99,1.0,0.50000000,false
1,4/13/26 11:14 AM,Tawa Roti,,Roti,Bread,Food,4.99,0.00,4.99,1.0,0.50000000,false
3,4/13/26 11:41 AM,Full Chicken Tandoori,,Tandoori,Appetizer,Appetizer,18.99,0.00,18.99,1.0,1.90000000,false
3,4/13/26 11:41 AM,Plain,,Naan,Bread,Food,7.98,0.00,7.98,2.0,0.80000000,false
4,4/13/26 12:43 PM,Veg Manchurian,,Appetizer,Indo-Chines,,13.19,0.00,13.19,1.0,1.31000000,false
5,4/13/26 12:46 PM,Coconut Curry,,Coconut,Entrée,Food,15.99,0.00,15.99,1.0,1.60000000,false
5,4/13/26 12:46 PM,Garlic Naan,,Naan,Bread,Food,4.99,0.00,4.99,1.0,0.50000000,false
8,4/13/26 1:19 PM,Garlic Naan,,Naan,Bread,Food,5.49,0.00,5.49,1.0,0.55000000,false
8,4/13/26 1:19 PM,Butter Chicken,,Non-Veg Curries,Entrée,Food,17.59,0.00,17.59,1.0,1.76000000,false
6,4/13/26 12:56 PM,Chicken Tikka Masala,,Tikka Masala Curry,Entrée,Food,15.99,0.00,15.99,1.0,1.60000000,false
6,4/13/26 12:56 PM,Garlic Naan,,Naan,Bread,Food,4.99,0.00,4.99,1.0,0.50000000,false
6,4/13/26 1:00 PM,Coke,,Soda & Water,Beverage,NA Beverage,1.99,0.00,1.99,1.0,0.20000000,false
9,4/13/26 1:25 PM,Saag Lamb,,Saag,Entrée,Food,18.99,0.00,18.99,1.0,1.90000000,false
9,4/13/26 1:25 PM,Korma Shrimp,,,,Food,18.99,0.00,18.99,1.0,0E-8,false
10,4/13/26 5:23 PM,Mix Veg,Vegan,Veg Curries,Entrée,Food,13.99,0.00,13.99,1.0,1.40000000,false
10,4/13/26 5:23 PM,Kebab Platter,,Platter,Appetizer,Appetizer,28.99,0.00,28.99,1.0,2.90000000,false
10,4/13/26 5:23 PM,Bread Basket,,Others,Bread,Food,14.99,0.00,14.99,1.0,1.50000000,false
10,4/13/26 5:23 PM,Coconut Curry,,Coconut,Entrée,Food,19.99,0.00,19.99,1.0,2.00000000,false
10,4/13/26 5:23 PM,Full Chicken Tandoori,,Tandoori,Appetizer,Appetizer,18.99,0.00,18.99,1.0,1.90000000,false
11,4/13/26 5:36 PM,Spring Roll,,Others,Appetizer,Appetizer,5.99,0.00,5.99,1.0,0.60000000,false
14,4/13/26 6:06 PM,Malai Kofta,,Veg Curries,Entrée,Food,15.39,0.00,15.39,1.0,1.39000000,false
14,4/13/26 6:06 PM,Butter Tandoori Roti,,Roti,Bread,Food,8.78,0.00,8.78,2.0,0.80000000,false
14,4/13/26 6:06 PM,Aloo Gobi Matar,Vegan,Veg Curries,Entrée,Food,14.29,0.00,14.29,1.0,1.29000000,false
14,4/13/26 6:06 PM,Raita,,Sides,Sides,Sides,5.49,0.00,5.49,1.0,0.49000000,false
12,4/13/26 5:42 PM,Bread Basket,,Others,Bread,Food,14.99,0.00,14.99,1.0,1.50000000,false
12,4/13/26 5:42 PM,Mix Veg Pakora,,Mix Veg Pakora,Appetizer,Appetizer,7.99,0.00,7.99,1.0,0.80000000,false
12,4/13/26 5:42 PM,Butter Chicken,,Non-Veg Curries,Entrée,Food,15.99,0.00,15.99,1.0,1.60000000,false
17,4/13/26 6:23 PM,Veg Samosa,,Samosa,Appetizer,Appetizer,6.59,0.00,6.59,1.0,0.66000000,false
17,4/13/26 6:23 PM,Hot & Sour Soup,,Soup,Soup & Salad,,6.59,0.00,6.59,1.0,0.66000000,false
17,4/13/26 6:23 PM,Butter Chicken,,Non-Veg Curries,Entrée,Food,17.59,0.00,17.59,1.0,1.76000000,false
17,4/13/26 6:23 PM,Vindaloo Curry,,Vindaloo,Entrée,Food,17.49,0.00,17.49,1.0,1.75000000,false
17,4/13/26 6:23 PM,Garlic Naan,,Naan,Bread,Food,5.49,0.00,5.49,1.0,0.54000000,false
13,4/13/26 5:55 PM,Ginger Ale,,Soda & Water,Beverage,NA Beverage,2.19,0.00,2.19,1.0,0.22000000,false
13,4/13/26 5:55 PM,Garlic Naan,,Naan,Bread,Food,5.49,0.00,5.49,1.0,0.55000000,false
13,4/13/26 5:55 PM,Shrimp Kathi Roll,,Kathi Roll,Appetizer,Appetizer,14.29,0.00,14.29,1.0,1.43000000,false
11,4/13/26 6:00 PM,Paneer Tikka Masala,,Tikka Masala Curry,Entrée,Food,15.99,0.00,15.99,1.0,1.60000000,false
11,4/13/26 6:00 PM,Garlic Naan,,Naan,Bread,Food,4.99,0.00,4.99,1.0,0.50000000,false
15,4/13/26 6:12 PM,Aloo Gobi Matar,Vegan,Veg Curries,Entrée,Food,25.98,0.00,23.38,2.0,2.33000000,false
15,4/13/26 6:12 PM,Channa Masala,Vegan,Veg Curries,Entrée,Food,25.98,0.00,23.38,2.0,2.33000000,false
15,4/13/26 6:12 PM,Goat Curry,,Non-Veg Curries,Entrée,Food,37.98,0.00,34.19,2.0,3.41000000,false
12,4/13/26 6:34 PM,Kulfi,,Cold,Desserts,Desserts,3.99,0.00,3.99,1.0,0.40000000,false
11,4/13/26 6:44 PM,Mix Veg Pakora,,Mix Veg Pakora,Appetizer,Appetizer,7.99,0.00,7.99,1.0,0.80000000,false
11,4/13/26 6:44 PM,Mango Lassi,,Lassi & Tea,Beverage,NA Beverage,4.99,0.00,4.99,1.0,0.50000000,false
18,4/13/26 6:44 PM,Mango Lassi,,Lassi & Tea,Beverage,NA Beverage,4.99,0.00,4.99,1.0,0.50000000,false
18,4/13/26 6:48 PM,Mix Veg Pakora,,Mix Veg Pakora,Appetizer,Appetizer,7.99,0.00,7.99,1.0,0.80000000,false
18,4/13/26 6:48 PM,Kebab Platter,,Platter,Appetizer,Appetizer,28.99,0.00,28.99,1.0,2.90000000,false
18,4/13/26 6:48 PM,Kadhai,,Kadhai,Entrée,Food,15.99,0.00,15.99,1.0,1.60000000,false
18,4/13/26 6:48 PM,Garlic Naan,,Naan,Bread,Food,4.99,0.00,4.99,1.0,0.50000000,false
19,4/13/26 7:37 PM,Chicken Tikka Masala,,Tikka Masala Curry,Entrée,Food,15.99,0.00,15.99,1.0,1.60000000,false
19,4/13/26 7:37 PM,Vindaloo Curry,,Vindaloo,Entrée,Food,18.99,0.00,18.99,1.0,1.90000000,false
19,4/13/26 7:37 PM,Garlic Naan,,Naan,Bread,Food,4.99,0.00,4.99,1.0,0.50000000,false
25,4/13/26 8:09 PM,Chicken 65,,65,Appetizer,Appetizer,14.29,0.00,14.29,1.0,1.43000000,false
25,4/13/26 8:09 PM,Cheese Naan,,Naan,Bread,Food,6.59,0.00,6.59,1.0,0.66000000,false
20,4/13/26 7:43 PM,Tandoori Chicken Masala,,Non-Veg Curries,Entrée,Food,15.99,0.00,15.99,1.0,1.60000000,false
20,4/13/26 7:43 PM,Butter Naan,,Naan,Bread,Food,3.99,0.00,3.99,1.0,0.40000000,false
20,4/13/26 7:43 PM,Full Chicken Tandoori,,Tandoori,Appetizer,Appetizer,18.99,0.00,18.99,1.0,1.90000000,false
21,4/13/26 7:51 PM,Channa Masala,Vegan,Veg Curries,Entrée,Food,12.99,0.00,12.99,1.0,1.30000000,false
21,4/13/26 7:51 PM,Spring Roll,,Others,Appetizer,Appetizer,5.99,0.00,5.99,1.0,0.60000000,false
22,4/13/26 7:55 PM,Mix Veg Pakora,,Others,Appetizer,Appetizer,7.99,0.00,7.99,1.0,0.80000000,false
22,4/13/26 7:55 PM,Samosa Chana Chaat,,,,Food,7.99,0.00,7.99,1.0,0E-8,false
22,4/13/26 7:55 PM,Cheese Naan,,Naan,Bread,Food,5.99,0.00,5.99,1.0,0.60000000,false
22,4/13/26 7:55 PM,Cheese Masala Dosa,,Dosa,Bread,Food,13.99,0.00,13.99,1.0,1.40000000,false
22,4/13/26 7:55 PM,Veg Manchurian,,Appetizer,Indo-Chines,,11.99,0.00,11.99,1.0,1.20000000,false
22,4/13/26 7:59 PM,Taj Mahal,,Beer,Beverage,NA Beverage,15.98,0.00,15.98,2.0,1.60000000,false
22,4/13/26 7:59 PM,Lemonade,,Lassi & Tea,Beverage,NA Beverage,2.99,0.00,2.99,1.0,0.30000000,false
23,4/13/26 8:02 PM,Malai Kofta,,Veg Curries,Entrée,Food,13.99,0.00,13.99,1.0,1.40000000,false
23,4/13/26 8:02 PM,Goat Tikka Masala,,Tikka Masala Curry,Entrée,Food,18.99,0.00,18.99,1.0,1.90000000,false
23,4/13/26 8:02 PM,Garlic Naan,,Naan,Bread,Food,4.99,0.00,4.99,1.0,0.50000000,false
23,4/13/26 8:02 PM,Mango Lassi,,Lassi & Tea,Beverage,NA Beverage,4.99,0.00,4.99,1.0,0.50000000,false
23,4/13/26 8:02 PM,Sprite,,Soda & Water,Beverage,NA Beverage,1.99,0.00,1.99,1.0,0.20000000,false
24,4/13/26 8:05 PM,Malai Kofta,,Veg Curries,Entrée,Food,13.99,0.00,13.99,1.0,1.40000000,false
24,4/13/26 8:05 PM,Chicken 65,,65,Appetizer,Appetizer,12.99,0.00,12.99,1.0,1.30000000,false
24,4/13/26 8:05 PM,Chicken Curry,,Non-Veg Curries,Entrée,Food,15.99,0.00,15.99,1.0,1.60000000,false
24,4/13/26 8:05 PM,Butter Naan,,Naan,Bread,Food,3.99,0.00,3.99,1.0,0.40000000,false
24,4/13/26 8:05 PM,Kheer,,Cold,Desserts,Desserts,5.49,0.00,5.49,1.0,0.54000000,false
22,4/13/26 8:09 PM,Veg Samosa,,Samosa,Appetizer,Appetizer,5.99,0.00,5.99,1.0,0.60000000,false
22,4/13/26 8:09 PM,Kadhai,,Kadhai,Entrée,Food,15.99,0.00,15.99,1.0,1.60000000,false
22,4/13/26 8:09 PM,Masala Fries,,Kids,Kids,,4.99,0.00,4.99,1.0,0.50000000,false
22,4/13/26 8:09 PM,Lamb Sheekh Kabab,,Sheekh Kabab,Appetizer,Appetizer,15.99,0.00,15.99,1.0,1.60000000,false
22,4/13/26 8:09 PM,Amul cheese butter masala,,Veg Curries,Entrée,Food,18.99,0.00,18.99,1.0,1.90000000,false
22,4/13/26 8:09 PM,Garlic Naan,,Naan,Bread,Food,4.99,0.00,4.99,1.0,0.50000000,false
24,4/13/26 8:30 PM,Mango Lassi,,Lassi & Tea,Beverage,NA Beverage,4.99,0.00,4.99,1.0,0.50000000,false
23,4/13/26 8:44 PM,Diet Coke,,Soda & Water,Beverage,NA Beverage,1.99,0.00,1.99,1.0,0.20000000,false
23,4/13/26 8:49 PM,Diet Coke,,Soda & Water,Beverage,NA Beverage,1.99,0.00,1.99,1.0,0.20000000,false
22,4/13/26 9:00 PM,Mix Veg Pakora,,Mix Veg Pakora,Appetizer,Appetizer,7.99,0.00,7.99,1.0,0.80000000,false
1,4/15/26 11:15 AM,Aloo Tikki,,Chaat,Appetizer,Appetizer,8.99,0.00,8.99,1.0,0.90000000,false
1,4/15/26 11:15 AM,Paneer Tikka Masala,,Tikka Masala Curry,Entrée,Food,15.99,0.00,15.99,1.0,1.60000000,false
3,4/15/26 11:17 AM,Kabob Platter,,,,Food,28.99,0.00,26.09,1.0,0E-8,false
3,4/15/26 11:17 AM,Mango Lassi,,Lassi & Tea,Beverage,NA Beverage,4.99,0.00,4.49,1.0,0.44000000,false
3,4/15/26 11:17 AM,Kulfi,,Cold,Desserts,Desserts,3.99,0.00,3.59,1.0,0.37000000,false
5,4/15/26 11:37 AM,Butter Chicken,,Non-Veg Curries,Entrée,Food,52.77,0.00,52.77,3.0,5.27000000,false
5,4/15/26 11:37 AM,Garlic Naan,,Naan,Bread,Food,5.49,0.00,5.49,1.0,0.55000000,false
5,4/15/26 11:37 AM,Kashmiri Naan,,Naan,Bread,Food,15.38,0.00,15.38,2.0,1.54000000,false
4,4/15/26 11:37 AM,Maysur Masala Dosa,,Dosa,Bread,Food,13.99,0.00,13.99,1.0,1.40000000,false
4,4/15/26 11:37 AM,Malai Kofta,,Veg Curries,Entrée,Food,13.99,0.00,13.99,1.0,1.40000000,false
4,4/15/26 11:37 AM,Mango Lassi,,Lassi & Tea,Beverage,NA Beverage,4.99,0.00,4.99,1.0,0.50000000,false
6,4/15/26 11:41 AM,Malai Kofta,,Veg Curries,Entrée,Food,13.99,0.00,13.99,1.0,1.40000000,false
6,4/15/26 11:41 AM,Garlic Naan,,Naan,Bread,Food,4.99,0.00,4.99,1.0,0.50000000,false
7,4/15/26 11:57 AM,Chole Bhature,,Chole Bhature,Appetizer,Appetizer,12.99,0.00,12.99,1.0,1.30000000,false
7,4/15/26 11:57 AM,Malai Tikka,Tikka,Tandoori,Appetizer,Appetizer,14.99,0.00,14.99,1.0,1.50000000,false
7,4/15/26 11:57 AM,Garlic Naan,,Naan,Bread,Food,4.99,0.00,4.99,1.0,0.50000000,false
7,4/15/26 11:57 AM,Mango Lassi,,Lassi & Tea,Beverage,NA Beverage,4.99,0.00,4.99,1.0,0.50000000,false
8,4/15/26 11:59 AM,Chicken Tikka Masala,,Tikka Masala Curry,Entrée,Food,31.98,0.00,31.98,2.0,3.20000000,false
8,4/15/26 11:59 AM,Garlic Naan,,Naan,Bread,Food,4.99,0.00,4.99,1.0,0.50000000,false
6,4/15/26 12:08 PM,Mango Lassi,,Lassi & Tea,Beverage,NA Beverage,4.99,0.00,4.99,1.0,0.50000000,false
9,4/15/26 12:18 PM,Lamb Chops,,Tandoori,Appetizer,Appetizer,25.99,0.00,25.99,1.0,2.60000000,false
9,4/15/26 12:18 PM,Goat Biryani,,Nonveg,Biryani,Biryani,18.99,0.00,18.99,1.0,1.90000000,false
9,4/15/26 12:18 PM,Schezwan Fried Rice,,Entrees,Indo-Chines,,14.99,0.00,14.99,1.0,1.50000000,false
10,4/15/26 12:23 PM,Aloo Gobi Matar,Vegan,Veg Curries,Entrée,Food,12.99,0.00,12.99,1.0,1.30000000,false
10,4/15/26 12:23 PM,Garlic Naan,,Naan,Bread,Food,4.99,0.00,4.99,1.0,0.50000000,false
10,4/15/26 12:23 PM,Mango Lassi,,Lassi & Tea,Beverage,NA Beverage,4.99,0.00,4.99,1.0,0.50000000,false
9,4/15/26 12:55 PM,Chili Paneer,,Appetizer,Indo-Chines,,12.99,0.00,12.99,1.0,1.30000000,false
9,4/15/26 12:55 PM,Kadhai Paneer,,Veg Curries,Entrée,Food,31.98,0.00,31.98,2.0,3.20000000,false
9,4/15/26 12:55 PM,Garlic Naan,,Naan,Bread,Food,4.99,0.00,4.99,1.0,0.50000000,false
9,4/15/26 12:55 PM,Garlic Naan,,Naan,Bread,Food,4.99,0.00,4.99,1.0,0.50000000,false
9,4/15/26 12:55 PM,Mango Lassi,,Lassi & Tea,Beverage,NA Beverage,4.99,0.00,4.99,1.0,0.50000000,false
9,4/15/26 12:57 PM,Veg Biryani,,Veg,Biryani,Biryani,16.99,0.00,16.99,1.0,1.70000000,false
11,4/15/26 1:13 PM,Garlic Naan,,Naan,Bread,Food,5.49,0.00,5.49,1.0,0.55000000,false
11,4/15/26 1:13 PM,Coconut Curry,,Coconut,Entrée,Food,17.49,0.00,17.49,1.0,1.75000000,false
15,4/15/26 1:28 PM,Mung Dal Halwa,,Hot,Desserts,Desserts,6.59,0.00,6.59,1.0,0.59000000,false
15,4/15/26 1:28 PM,Paneer Kathi Roll,,Kathi Roll,Appetizer,Appetizer,13.19,0.00,13.19,1.0,1.20000000,false
12,4/15/26 1:25 PM,Samosa,,Chaat,Appetizer,Appetizer,8.99,0.00,8.99,1.0,0.90000000,false
13,4/15/26 1:28 PM,Mango Lassi,,Lassi & Tea,Beverage,NA Beverage,4.99,0.00,4.99,1.0,0.50000000,false
13,4/15/26 1:28 PM,Chicken Curry,,Non-Veg Curries,Entrée,Food,15.99,0.00,15.99,1.0,1.60000000,true
13,4/15/26 1:28 PM,Chicken Biryani,,Nonveg,Biryani,Biryani,16.99,0.00,16.99,1.0,1.70000000,false
13,4/15/26 1:28 PM,Lamb Biryani,,Nonveg,Biryani,Biryani,18.99,0.00,18.99,1.0,1.90000000,false
13,4/15/26 1:28 PM,Gulabjamun,,Hot,Desserts,Desserts,4.99,0.00,4.99,1.0,0.50000000,false
13,4/15/26 1:45 PM,Butter Chicken,,Non-Veg Curries,Entrée,Food,15.99,0.00,15.99,1.0,1.60000000,false
17,4/15/26 5:07 PM,Veg Samosa,,Samosa,Appetizer,Appetizer,5.99,0.00,5.99,1.0,0.60000000,false
16,4/15/26 5:07 PM,Chicken Tikka Masala,,Tikka Masala Curry,Entrée,Food,15.99,0.00,15.99,1.0,1.60000000,false
16,4/15/26 5:07 PM,Chicken Tikka Masala,,Tikka Masala Curry,Entrée,Food,15.99,0.00,15.99,1.0,1.60000000,false
17,4/15/26 5:11 PM,Taj Mahal,,Beer,Beverage,NA Beverage,7.99,0.00,7.99,1.0,0.80000000,false
17,4/15/26 5:19 PM,Highway Chicken,,Non-Veg Curries,Entrée,Food,15.99,0.00,15.99,1.0,1.60000000,false
17,4/15/26 5:19 PM,Garlic Naan,,Naan,Bread,Food,4.99,0.00,4.99,1.0,0.50000000,false
19,4/15/26 5:30 PM,Kheer,,Cold,Desserts,Desserts,12.08,0.00,12.08,2.0,1.21000000,false
19,4/15/26 5:30 PM,Chicken 65,,65,Appetizer,Appetizer,14.29,0.00,14.29,1.0,1.43000000,false
19,4/15/26 5:30 PM,6 Pieces,Tandoori Chicken Wings,Tandoori,Appetizer,Appetizer,14.29,0.00,14.29,1.0,1.43000000,false
19,4/15/26 5:30 PM,Veg Samosa,,Samosa,Appetizer,Appetizer,6.59,0.00,6.59,1.0,0.66000000,false
19,4/15/26 5:30 PM,Garlic Naan,,Naan,Bread,Food,5.49,0.00,5.49,1.0,0.54000000,false
19,4/15/26 5:30 PM,Butter Chicken,,Non-Veg Curries,Entrée,Food,17.59,0.00,17.59,1.0,1.76000000,false
19,4/15/26 5:30 PM,Paneer 65 Biryani,,Veg,Biryani,Biryani,18.69,0.00,18.69,1.0,1.87000000,false
20,4/15/26 5:59 PM,Garlic Naan,,Naan,Bread,Food,5.49,0.00,5.49,1.0,0.55000000,false
20,4/15/26 5:59 PM,Chicken Tikka Masala,,Tikka Masala Curry,Entrée,Food,17.59,0.00,17.59,1.0,1.76000000,false
22,4/15/26 6:22 PM,Momos Chicken,,Appetizer,Indo-Chines,,14.29,0.00,14.29,1.0,1.42000000,false
22,4/15/26 6:22 PM,Hakka Noodles,,Entrees,Indo-Chines,,14.29,0.00,14.29,1.0,1.44000000,false
22,4/15/26 6:22 PM,Mango Lassi,,Lassi & Tea,Beverage,NA Beverage,5.49,0.00,5.49,1.0,0.55000000,false
23,4/15/26 7:18 PM,Paneer Tikka Masala,,Tikka Masala Curry,Entrée,Food,15.99,0.00,15.99,1.0,1.60000000,false
23,4/15/26 7:18 PM,Garlic Naan,,Naan,Bread,Food,4.99,0.00,4.99,1.0,0.50000000,false
23,4/15/26 7:35 PM,Kulfi,,Cold,Desserts,Desserts,7.98,0.00,7.98,2.0,0.80000000,false
25,4/15/26 7:40 PM,Paneer Tikka Masala,,Tikka Masala Curry,Entrée,Food,15.99,0.00,15.99,1.0,1.60000000,false
25,4/15/26 7:40 PM,Veg Biryani,,Veg,Biryani,Biryani,16.99,0.00,16.99,1.0,1.70000000,false
25,4/15/26 7:40 PM,Chicken 65,,65,Appetizer,Appetizer,12.99,0.00,12.99,1.0,1.30000000,false
26,4/15/26 8:05 PM,Flying Horse,,Beer,Beverage,NA Beverage,12.99,0.00,12.99,1.0,1.30000000,false
26,4/15/26 8:05 PM,Veg Manchurian,,Appetizer,Indo-Chines,,11.99,0.00,11.99,1.0,1.20000000,false
26,4/15/26 8:05 PM,Salmon Tandoori,,Tandoori,Appetizer,Appetizer,18.99,0.00,18.99,1.0,1.90000000,false
27,4/15/26 8:09 PM,Chicken Biryani,,Nonveg,Biryani,Biryani,16.99,0.00,16.99,1.0,1.70000000,false
27,4/15/26 8:09 PM,Butter Chicken,,Non-Veg Curries,Entrée,Food,15.99,0.00,15.99,1.0,1.60000000,false
28,4/15/26 8:14 PM,Fried Rice,,Entrees,Indo-Chines,,12.99,0.00,12.99,1.0,1.30000000,false
28,4/15/26 8:14 PM,Kulfi,,Cold,Desserts,Desserts,11.97,0.00,11.97,3.0,1.20000000,true
26,4/15/26 8:27 PM,Chole Bhature,,Chole Bhature,Appetizer,Appetizer,12.99,0.00,12.99,1.0,1.30000000,false
26,4/15/26 8:27 PM,Goat Pepper Fry,,Pepper Fry,Appetizer,Appetizer,15.99,0.00,15.99,1.0,1.60000000,false
26,4/15/26 8:27 PM,Shrimp Pepper Fry,,,,Food,15.99,0.00,15.99,1.0,0E-8,false
26,4/15/26 8:27 PM,Butter Paneer,,,,Food,15.99,0.00,15.99,1.0,0E-8,false
26,4/15/26 8:27 PM,Garlic Naan,,Naan,Bread,Food,4.99,0.00,4.99,1.0,0.50000000,false
26,4/15/26 8:27 PM,Paratha,,Others,Bread,Food,5.99,0.00,5.99,1.0,0.60000000,false
26,4/15/26 8:27 PM,Chapati,,,,Food,4.99,0.00,4.99,1.0,0E-8,false
30,4/15/26 8:38 PM,Butter Chicken,,Non-Veg Curries,Entrée,Food,18.98,0.00,18.98,1.0,1.90000000,false
30,4/15/26 8:38 PM,Saag Plain,,Saag,Entrée,Food,19.98,0.00,19.98,1.0,2.00000000,false
30,4/15/26 8:38 PM,Fried Rice,,Entrees,Indo-Chines,,15.99,0.00,15.99,1.0,1.60000000,false
30,4/15/26 8:38 PM,Garlic Naan,,Naan,Bread,Food,4.99,0.00,4.99,1.0,0.50000000,false
31,4/15/26 9:06 PM,Garlic Naan,,Naan,Bread,Food,5.49,0.00,5.49,1.0,0.55000000,false
31,4/15/26 9:06 PM,Saag Lamb,,Saag,Entrée,Food,20.89,0.00,20.89,1.0,2.09000000,false
1,4/16/26 11:53 AM,Chole Bhature,,Chole Bhature,Appetizer,Appetizer,25.98,0.00,25.98,2.0,2.60000000,false
1,4/16/26 11:53 AM,Chili Paneer,,Appetizer,Indo-Chines,,12.99,0.00,12.99,1.0,1.30000000,false
1,4/16/26 12:08 PM,Bottle Water,,Soda & Water,Beverage,NA Beverage,0.99,0.00,0.99,1.0,0.10000000,false
1,4/16/26 12:08 PM,Bottle Water,,Soda & Water,Beverage,NA Beverage,0.99,0.00,0.99,1.0,0.10000000,false
2,4/16/26 12:23 PM,Highway Chicken,,Non-Veg Curries,Entrée,Food,15.99,0.00,15.99,1.0,1.60000000,false
2,4/16/26 12:23 PM,Garlic Naan,,Naan,Bread,Food,4.99,0.00,4.99,1.0,0.50000000,false
3,4/16/26 1:36 PM,Chicken Biryani,,Nonveg,Biryani,Biryani,16.99,0.00,15.29,1.0,1.53000000,false
3,4/16/26 1:36 PM,Butter Chicken,,Non-Veg Curries,Entrée,Food,15.99,0.00,14.39,1.0,1.43000000,false
5,4/16/26 2:10 PM,Chicken 65 Biryani,,Nonveg,Biryani,Biryani,18.69,0.00,18.69,1.0,1.69000000,false
6,4/16/26 5:12 PM,Chicken Sheekh Kabab,,Sheekh Kabab,Appetizer,Appetizer,13.99,0.00,13.99,1.0,1.40000000,false
6,4/16/26 5:12 PM,Butter Chicken,,Non-Veg Curries,Entrée,Food,15.99,0.00,15.99,1.0,1.60000000,false
6,4/16/26 5:12 PM,Chicken Tikka Masala,,Tikka Masala Curry,Entrée,Food,15.99,0.00,15.99,1.0,1.60000000,false
6,4/16/26 5:12 PM,Garlic Naan,,Naan,Bread,Food,4.99,0.00,4.99,1.0,0.50000000,false
6,4/16/26 5:12 PM,Cheese Naan,,Naan,Bread,Food,5.99,0.00,5.99,1.0,0.60000000,false
7,4/16/26 5:38 PM,Chicken Biryani,,Nonveg,Biryani,Biryani,16.99,0.00,16.99,1.0,1.70000000,false
8,4/16/26 5:47 PM,Aloo Tikki,,Chaat,Appetizer,Appetizer,8.99,0.00,8.99,1.0,0.90000000,false
8,4/16/26 5:47 PM,Mix Veg Pakora,,Mix Veg Pakora,Appetizer,Appetizer,7.99,0.00,7.99,1.0,0.80000000,false
8,4/16/26 5:47 PM,Hot & Sour Soup,,Soup,Soup & Salad,,5.99,0.00,5.99,1.0,0.60000000,false
8,4/16/26 5:47 PM,Chicken Tikka Masala,,Tikka Masala Curry,Entrée,Food,15.99,0.00,15.99,1.0,1.60000000,false
8,4/16/26 5:47 PM,Garlic Naan,,Naan,Bread,Food,4.99,0.00,4.99,1.0,0.50000000,false
6,4/16/26 6:02 PM,Gulabjamun,,Hot,Desserts,Desserts,4.99,0.00,4.99,1.0,0.50000000,false
6,4/16/26 6:11 PM,Corona Extra,,Beer,Beverage,NA Beverage,5.99,0.00,5.99,1.0,0.60000000,false
9,4/16/26 6:18 PM,Masala Chai,,Lassi & Tea,Beverage,NA Beverage,3.99,0.00,3.99,1.0,0.40000000,false
9,4/16/26 6:18 PM,Sprite,,Soda & Water,Beverage,NA Beverage,1.99,0.00,1.99,1.0,0.20000000,false
10,4/16/26 6:24 PM,Lamb Pepper Fry,,Pepper Fry,Appetizer,Appetizer,15.99,0.00,15.99,1.0,1.60000000,false
10,4/16/26 6:24 PM,Malai Tikka,Tikka,Tandoori,Appetizer,Appetizer,14.99,0.00,14.99,1.0,1.50000000,false
9,4/16/26 6:26 PM,Butter Chicken,,Non-Veg Curries,Entrée,Food,15.99,0.00,15.99,1.0,1.60000000,false
9,4/16/26 6:26 PM,Garlic Naan,,Naan,Bread,Food,4.99,0.00,4.99,1.0,0.50000000,false
9,4/16/26 6:26 PM,Saag Lamb,,Saag,Entrée,Food,18.99,0.00,18.99,1.0,1.90000000,false
9,4/16/26 6:26 PM,Samosa,,Chaat,Appetizer,Appetizer,8.99,0.00,8.99,1.0,0.90000000,false
11,4/16/26 6:34 PM,Masala Chai,,Lassi & Tea,Beverage,NA Beverage,3.99,0.00,3.99,1.0,0.40000000,false
11,4/16/26 6:34 PM,Chole Bhature,,Chole Bhature,Appetizer,Appetizer,12.99,0.00,12.99,1.0,1.30000000,false
12,4/16/26 6:36 PM,Coconut Curry,,Coconut,Entrée,Food,15.99,0.00,15.99,1.0,1.60000000,false
12,4/16/26 6:36 PM,Butter Chicken,,Non-Veg Curries,Entrée,Food,15.99,0.00,15.99,1.0,1.60000000,false
12,4/16/26 6:36 PM,Saag Paneer,,Saag,Entrée,Food,16.99,0.00,16.99,1.0,1.70000000,false
12,4/16/26 6:36 PM,Garlic Naan,,Naan,Bread,Food,9.98,0.00,9.98,2.0,1.00000000,false
8,4/16/26 6:38 PM,Mango Lassi,,Lassi & Tea,Beverage,NA Beverage,9.98,0.00,9.98,2.0,1.00000000,false
10,4/16/26 6:45 PM,Adolph Miller,,Wine,Beverage,NA Beverage,14.00,0.00,14.00,1.0,1.40000000,false
10,4/16/26 6:45 PM,Meiomi Pinot Noir,,Wine,Beverage,NA Beverage,14.00,0.00,14.00,1.0,1.40000000,false
11,4/16/26 6:47 PM,Chicken 65,,65,Appetizer,Appetizer,25.98,0.00,25.98,2.0,2.60000000,false
11,4/16/26 6:47 PM,Mix Veg Pakora,,Mix Veg Pakora,Appetizer,Appetizer,15.98,0.00,15.98,2.0,1.60000000,false
11,4/16/26 6:47 PM,Lamb Chops,,Tandoori,Appetizer,Appetizer,25.99,0.00,25.99,1.0,2.60000000,false
11,4/16/26 6:47 PM,Appetizer Sampler,,Platter,Appetizer,Appetizer,19.99,0.00,19.99,1.0,2.00000000,false
13,4/16/26 7:00 PM,Butter Chicken,,Non-Veg Curries,Entrée,Food,15.99,0.00,15.99,1.0,1.60000000,false
13,4/16/26 7:00 PM,Coconut Curry,,Coconut,Entrée,Food,15.99,0.00,15.99,1.0,1.60000000,false
13,4/16/26 7:00 PM,Butter Naan,,Naan,Bread,Food,3.99,0.00,3.99,1.0,0.40000000,false
14,4/16/26 7:14 PM,Hara Bhara Kabab,,Hara Bhara Kabab,Appetizer,Appetizer,10.99,0.00,10.99,1.0,1.10000000,false
14,4/16/26 7:14 PM,Gobi 65,,65,Appetizer,Appetizer,10.99,0.00,10.99,1.0,1.10000000,false
14,4/16/26 7:14 PM,Hakka Noodles,,Entrees,Indo-Chines,,12.99,0.00,12.99,1.0,1.30000000,false
14,4/16/26 7:14 PM,Mango Lassi,,Lassi & Tea,Beverage,NA Beverage,4.99,0.00,4.99,1.0,0.50000000,false
9,4/16/26 7:17 PM,Sprite,,Soda & Water,Beverage,NA Beverage,1.99,0.00,1.99,1.0,0.20000000,false
14,4/16/26 7:24 PM,Mix Veg Pakora,,Mix Veg Pakora,Appetizer,Appetizer,7.99,0.00,7.99,1.0,0.80000000,false
14,4/16/26 7:24 PM,Chole Bhature,,Chole Bhature,Appetizer,Appetizer,12.99,0.00,12.99,1.0,1.30000000,false
14,4/16/26 7:24 PM,Dal Tadka,Vegan,Veg Curries,Entrée,Food,12.99,0.00,12.99,1.0,1.30000000,false
14,4/16/26 7:24 PM,Paneer Tikka Masala,,Tikka Masala Curry,Entrée,Food,15.99,0.00,15.99,1.0,1.60000000,false
14,4/16/26 7:24 PM,Bread Basket,,Others,Bread,Food,14.99,0.00,14.99,1.0,1.50000000,false
15,4/16/26 7:25 PM,Fried Rice,,Entrees,Indo-Chines,,25.98,0.00,25.98,2.0,2.60000000,false
16,4/16/26 7:30 PM,Taco,,Taco,Appetizer,Appetizer,15.99,0.00,15.99,1.0,1.60000000,false
16,4/16/26 7:30 PM,Chicken Tikka Masala,,Tikka Masala Curry,Entrée,Food,15.99,0.00,15.99,1.0,1.60000000,false
16,4/16/26 7:30 PM,Goat Curry,,Non-Veg Curries,Entrée,Food,18.99,0.00,18.99,1.0,1.90000000,false
16,4/16/26 7:30 PM,Shrimp Biryani,,Nonveg,Biryani,Biryani,20.99,0.00,20.99,1.0,2.10000000,false
16,4/16/26 7:30 PM,Chicken Biryani,,Nonveg,Biryani,Biryani,16.99,0.00,16.99,1.0,1.70000000,false
16,4/16/26 7:30 PM,Mushroom Salt n Pepper,,Mushroom Salt n Pepper,Appetizer,Appetizer,10.99,0.00,10.99,1.0,1.10000000,false
16,4/16/26 7:30 PM,Lamb Curry,,Non-Veg Curries,Entrée,Food,17.99,0.00,17.99,1.0,1.80000000,false
16,4/16/26 7:30 PM,Garlic Naan,,Naan,Bread,Food,24.95,0.00,24.95,5.0,2.50000000,false
16,4/16/26 7:30 PM,Cheese Naan,,Naan,Bread,Food,5.99,0.00,5.99,1.0,0.60000000,false
10,4/16/26 7:30 PM,Adolph Miller,,Wine,Beverage,NA Beverage,14.00,0.00,14.00,1.0,1.40000000,false
16,4/16/26 7:35 PM,Coke Zero,,Soda & Water,Beverage,NA Beverage,1.99,0.00,1.99,1.0,0.20000000,false
16,4/16/26 7:35 PM,Ginger Ale,,Soda & Water,Beverage,NA Beverage,1.99,0.00,1.99,1.0,0.20000000,false
16,4/16/26 7:35 PM,Ginger Ale,,Soda & Water,Beverage,NA Beverage,1.99,0.00,1.99,1.0,0.20000000,false
16,4/16/26 7:35 PM,Sprite,,Soda & Water,Beverage,NA Beverage,1.99,0.00,1.99,1.0,0.20000000,false
19,4/16/26 7:55 PM,Gobi 65 Biryani,,Veg,Biryani,Biryani,18.69,0.00,18.69,1.0,1.87000000,false
18,4/16/26 7:57 PM,Mushroom Salt n Pepper,,Mushroom Salt n Pepper,Appetizer,Appetizer,10.99,0.00,10.99,1.0,1.10000000,false
18,4/16/26 7:57 PM,Mushroom Salt n Pepper,,Mushroom Salt n Pepper,Appetizer,Appetizer,10.99,0.00,10.99,1.0,1.10000000,false
18,4/16/26 7:57 PM,Honey Chili Potatoes,,Appetizer,Indo-Chines,,11.99,0.00,11.99,1.0,1.20000000,false
18,4/16/26 7:57 PM,Masala Dosa,,,,Food,13.99,0.00,13.99,1.0,0E-8,false
18,4/16/26 7:57 PM,Side Rice,,,,Food,3.99,0.00,3.99,1.0,0E-8,false
18,4/16/26 7:57 PM,Side Rice,,,,Food,3.99,0.00,3.99,1.0,0E-8,false
20,4/16/26 8:31 PM,Garlic Naan,,Naan,Bread,Food,10.98,0.00,10.98,2.0,1.10000000,false
20,4/16/26 8:31 PM,Butter Chicken,,Non-Veg Curries,Entrée,Food,17.59,0.00,17.59,1.0,1.75000000,false
16,4/16/26 8:18 PM,Coke Zero,,Soda & Water,Beverage,NA Beverage,1.99,0.00,1.99,1.0,0.20000000,false
22,4/16/26 8:39 PM,Kadhai Paneer,,Veg Curries,Entrée,Food,17.59,0.00,17.59,1.0,1.76000000,false
22,4/16/26 8:39 PM,Veg Samosa,,Samosa,Appetizer,Appetizer,6.59,0.00,6.59,1.0,0.66000000,false
21,4/16/26 8:37 PM,Chicken Biryani,,Nonveg,Biryani,Biryani,16.99,0.00,16.99,1.0,1.70000000,false
21,4/16/26 8:37 PM,Vindaloo Curry,,Vindaloo,Entrée,Food,15.99,0.00,15.99,1.0,1.60000000,false
24,4/16/26 9:13 PM,Paneer Tikka Masala,,Tikka Masala Curry,Entrée,Food,15.99,0.00,15.99,1.0,1.60000000,false
24,4/16/26 9:13 PM,Butter Tandoori Roti,,Roti,Bread,Food,3.99,0.00,3.99,1.0,0.40000000,false
24,4/16/26 9:51 PM,Mango Lassi,,Lassi & Tea,Beverage,NA Beverage,4.99,0.00,4.99,1.0,0.50000000,false
1,4/17/26 11:21 AM,Chicken Samosa,,Samosa,Appetizer,Appetizer,6.99,0.00,6.99,1.0,0.70000000,false
1,4/17/26 11:21 AM,Chicken,,KORMA,Entrée,Food,16.99,0.00,16.99,1.0,1.70000000,false
1,4/17/26 11:21 AM,Garlic Naan,,Naan,Bread,Food,4.99,0.00,4.99,1.0,0.50000000,false
1,4/17/26 11:21 AM,Chicken Tikka Masala,,Tikka Masala Curry,Entrée,Food,15.99,0.00,15.99,1.0,1.60000000,false
2,4/17/26 12:47 PM,Cheese Naan,,Naan,Bread,Food,6.59,0.00,6.59,1.0,0.66000000,false
2,4/17/26 12:47 PM,Butter Chicken,,Non-Veg Curries,Entrée,Food,17.59,0.00,17.59,1.0,1.75000000,false
6,4/17/26 12:54 PM,Kheer,,Cold,Desserts,Desserts,6.04,0.00,6.04,1.0,0.60000000,false
6,4/17/26 12:54 PM,Goat Biryani,,Nonveg,Biryani,Biryani,20.89,0.00,20.89,1.0,2.09000000,false
6,4/17/26 12:54 PM,Chole Bhature,,Chole Bhature,Appetizer,Appetizer,14.29,0.00,14.29,1.0,1.43000000,false
6,4/17/26 12:54 PM,Veg Samosa,,Samosa,Appetizer,Appetizer,6.59,0.00,6.59,1.0,0.66000000,false
3,4/17/26 12:50 PM,Full Chicken Tandoori,,Tandoori,Appetizer,Appetizer,18.99,0.00,18.99,1.0,1.90000000,false
3,4/17/26 12:50 PM,Butter Chicken,,Non-Veg Curries,Entrée,Food,15.99,0.00,15.99,1.0,1.60000000,false
5,4/17/26 12:55 PM,Fish Tikka Masala,,Tikka Masala Curry,Entrée,Food,17.99,0.00,17.99,1.0,1.80000000,false
5,4/17/26 12:55 PM,Fish Tikka Masala,,Tikka Masala Curry,Entrée,Food,17.99,0.00,17.99,1.0,1.80000000,false
5,4/17/26 12:55 PM,Cheese Naan,,Naan,Bread,Food,5.99,0.00,5.99,1.0,0.60000000,false
5,4/17/26 12:55 PM,Garlic Naan,,Naan,Bread,Food,4.99,0.00,4.99,1.0,0.50000000,false
5,4/17/26 12:57 PM,Shrimp,,KORMA,Entrée,Food,19.99,0.00,19.99,1.0,2.00000000,false
5,4/17/26 12:57 PM,Shrimp,,KORMA,Entrée,Food,19.99,0.00,19.99,1.0,2.00000000,false
5,4/17/26 1:07 PM,Cheese Naan,,Naan,Bread,Food,5.99,0.00,5.99,1.0,0.60000000,false
3,4/17/26 1:07 PM,Mango Lassi,,Lassi & Tea,Beverage,NA Beverage,4.99,0.00,4.99,1.0,0.50000000,false
7,4/17/26 1:14 PM,Chicken Tikka,Tikka,Others,Appetizer,Appetizer,12.99,0.00,12.99,1.0,1.30000000,false
3,4/17/26 1:15 PM,Butter Naan,,Naan,Bread,Food,3.99,0.00,3.99,1.0,0.40000000,false
3,4/17/26 1:15 PM,Garlic Naan,,Naan,Bread,Food,4.99,0.00,4.99,1.0,0.50000000,false
8,4/17/26 1:25 PM,Chicken Tikka Masala,,Tikka Masala Curry,Entrée,Food,31.98,0.00,31.98,2.0,3.20000000,false
9,4/17/26 1:26 PM,Mushroom Salt n Pepper,,Mushroom Salt n Pepper,Appetizer,Appetizer,10.99,0.00,10.99,1.0,1.10000000,false
10,4/17/26 1:40 PM,Kadhai,,Kadhai,Entrée,Food,15.99,0.00,15.99,1.0,1.60000000,false
10,4/17/26 1:40 PM,Goat,,KORMA,Entrée,Food,18.99,0.00,18.99,1.0,1.90000000,false
10,4/17/26 1:40 PM,Garlic Naan,,Naan,Bread,Food,4.99,0.00,4.99,1.0,0.50000000,false
9,4/17/26 1:45 PM,Chicken Tikka Masala,,Tikka Masala Curry,Entrée,Food,15.99,0.00,15.99,1.0,1.60000000,false
9,4/17/26 1:45 PM,Goat Curry,,Non-Veg Curries,Entrée,Food,18.99,0.00,18.99,1.0,1.90000000,false
9,4/17/26 1:45 PM,Garlic Naan,,Naan,Bread,Food,9.98,0.00,9.98,2.0,1.00000000,false
16,4/17/26 2:07 PM,Mung Dal Halwa,,Hot,Desserts,Desserts,6.59,0.00,6.59,1.0,0.60000000,false
16,4/17/26 2:07 PM,Aloo Tikki,,Chaat,Appetizer,Appetizer,9.89,0.00,9.89,1.0,0.90000000,false
17,4/17/26 2:19 PM,Coconut Shripm Curry,,,,Food,18.99,0.00,18.99,1.0,0E-8,false
17,4/17/26 2:19 PM,Garlic Naan,,Naan,Bread,Food,4.99,0.00,4.99,1.0,0.50000000,false
18,4/17/26 2:22 PM,Goat,,KORMA,Entrée,Food,18.99,0.00,18.99,1.0,1.90000000,true
20,4/17/26 5:07 PM,Chicken,,KORMA,Entrée,Food,16.99,0.00,16.99,1.0,1.70000000,false
20,4/17/26 5:07 PM,Veg Samosa,,Samosa,Appetizer,Appetizer,5.99,0.00,5.99,1.0,0.60000000,false
20,4/17/26 5:07 PM,Garlic Naan,,Naan,Bread,Food,4.99,0.00,4.99,1.0,0.50000000,false
20,4/17/26 5:07 PM,Butter Chicken,,Non-Veg Curries,Entrée,Food,15.99,0.00,15.99,1.0,1.60000000,false
21,4/17/26 5:48 PM,Full Chicken Tandoori,,Tandoori,Appetizer,Appetizer,18.99,0.00,18.99,1.0,1.90000000,false
21,4/17/26 5:48 PM,Butter Chicken,,Non-Veg Curries,Entrée,Food,15.99,0.00,15.99,1.0,1.60000000,false
21,4/17/26 5:48 PM,Goat Biryani,,Nonveg,Biryani,Biryani,18.99,0.00,18.99,1.0,1.90000000,false
22,4/17/26 6:13 PM,Rogan Josh,,Non-Veg Curries,Entrée,Food,19.99,0.00,19.99,1.0,2.00000000,false
22,4/17/26 6:13 PM,Mix Veg,Vegan,Veg Curries,Entrée,Food,13.99,0.00,13.99,1.0,1.40000000,false
22,4/17/26 6:13 PM,Veg Samosa,,Samosa,Appetizer,Appetizer,5.99,0.00,5.99,1.0,0.60000000,false
22,4/17/26 6:13 PM,Garlic Naan,,Naan,Bread,Food,4.99,0.00,4.99,1.0,0.50000000,false
22,4/17/26 6:13 PM,Raita,,Sides,Sides,Sides,4.99,0.00,4.99,1.0,0.50000000,false
23,4/17/26 6:22 PM,Full Chicken Tandoori,,Tandoori,Appetizer,Appetizer,18.99,0.00,18.99,1.0,1.90000000,false
23,4/17/26 6:22 PM,Butter Chicken,,Non-Veg Curries,Entrée,Food,15.99,0.00,15.99,1.0,1.60000000,false
23,4/17/26 6:22 PM,Goat Curry,,Non-Veg Curries,Entrée,Food,18.99,0.00,18.99,1.0,1.90000000,false
23,4/17/26 6:22 PM,Fried Rice,,Entrees,Indo-Chines,,14.99,0.00,14.99,1.0,1.50000000,false
23,4/17/26 6:22 PM,Plain Naan,,Naan,Bread,Food,7.98,0.00,7.98,2.0,0.80000000,false
23,4/17/26 6:22 PM,Tandoori Roti Plain,,Roti,Bread,Food,3.99,0.00,3.99,1.0,0.40000000,false
26,4/17/26 6:43 PM,Plain Naan,,Naan,Bread,Food,4.39,0.00,4.39,1.0,0.44000000,false
26,4/17/26 6:43 PM,Garlic Naan,,Naan,Bread,Food,5.49,0.00,5.49,1.0,0.55000000,false
26,4/17/26 6:43 PM,Chicken 65 Biryani,,Nonveg,Biryani,Biryani,18.69,0.00,18.69,1.0,1.86000000,false
24,4/17/26 6:39 PM,Butter Tandoori Roti,,Roti,Bread,Food,4.39,0.00,4.39,1.0,0.44000000,false
24,4/17/26 6:39 PM,Chicken Tikka Masala,,Tikka Masala Curry,Entrée,Food,17.59,0.00,17.59,1.0,1.76000000,false
24,4/17/26 6:39 PM,Plain Naan,,Naan,Bread,Food,4.39,0.00,4.39,1.0,0.44000000,false
27,4/17/26 6:54 PM,Chicken 65,,65,Appetizer,Appetizer,14.29,0.00,14.29,1.0,1.43000000,false
25,4/17/26 6:43 PM,Chicken Tikka Masala,,Tikka Masala Curry,Entrée,Food,15.99,0.00,15.99,1.0,1.60000000,false
25,4/17/26 6:43 PM,Aloo Gobi Matar,Vegan,Veg Curries,Entrée,Food,12.99,0.00,12.99,1.0,1.30000000,false
25,4/17/26 6:43 PM,Butter Naan,,Naan,Bread,Food,3.99,0.00,3.99,1.0,0.40000000,false
25,4/17/26 6:43 PM,Cheese Naan,,Naan,Bread,Food,5.99,0.00,5.99,1.0,0.60000000,false
29,4/17/26 7:15 PM,6 Pieces,Tandoori Chicken Wings,Tandoori,Appetizer,Appetizer,14.29,0.00,14.29,1.0,1.43000000,false
29,4/17/26 7:15 PM,Plain Naan,,Naan,Bread,Food,4.39,0.00,4.39,1.0,0.44000000,false
29,4/17/26 7:15 PM,Garlic Naan,,Naan,Bread,Food,5.49,0.00,5.49,1.0,0.55000000,false
29,4/17/26 7:15 PM,Chicken Tikka Masala,,Tikka Masala Curry,Entrée,Food,17.59,0.00,17.59,1.0,1.76000000,false
28,4/17/26 7:14 PM,Goat Pepper Fry,,Pepper Fry,Appetizer,Appetizer,15.99,0.00,15.99,1.0,1.60000000,false
28,4/17/26 7:14 PM,Chicken Biryani,,Nonveg,Biryani,Biryani,16.99,0.00,16.99,1.0,1.70000000,false
28,4/17/26 7:19 PM,Goat Curry,,Non-Veg Curries,Entrée,Food,18.99,0.00,18.99,1.0,1.90000000,false
32,4/17/26 7:39 PM,Veg Samosa,,Samosa,Appetizer,Appetizer,6.59,0.00,6.59,1.0,0.66000000,false
32,4/17/26 7:39 PM,Plain Naan,,Naan,Bread,Food,4.39,0.00,4.39,1.0,0.44000000,false
30,4/17/26 7:31 PM,Kadhai,,Kadhai,Entrée,Food,18.99,0.00,18.99,1.0,1.90000000,false
30,4/17/26 7:31 PM,Butter Naan,,Naan,Bread,Food,3.99,0.00,3.99,1.0,0.40000000,false
31,4/17/26 7:36 PM,Samosa,,Chaat,Appetizer,Appetizer,8.99,0.00,8.99,1.0,0.90000000,false
31,4/17/26 7:36 PM,Saag Paneer,,Saag,Entrée,Food,16.99,0.00,16.99,1.0,1.70000000,false
31,4/17/26 7:36 PM,Chapati,,,,Food,4.99,0.00,4.99,1.0,0E-8,false
32,4/17/26 7:39 PM,Saag Lamb,,Saag,Entrée,Food,20.89,0.00,20.89,1.0,2.09000000,false
33,4/17/26 7:42 PM,Mushroom Salt n Pepper,,Mushroom Salt n Pepper,Appetizer,Appetizer,10.99,0.00,10.99,1.0,1.10000000,false
33,4/17/26 7:42 PM,Garlic Naan,,Naan,Bread,Food,4.99,0.00,4.99,1.0,0.50000000,false
33,4/17/26 7:42 PM,Bullet Naan,,Naan,Bread,Food,4.99,0.00,4.99,1.0,0.50000000,false
33,4/17/26 7:42 PM,Chicken Tikka Masala,,Tikka Masala Curry,Entrée,Food,15.99,0.00,15.99,1.0,1.60000000,false
33,4/17/26 7:42 PM,Dal Makhani,,Veg Curries,Entrée,Food,14.99,0.00,14.99,1.0,1.50000000,false
33,4/17/26 8:01 PM,Coke,,Soda & Water,Beverage,NA Beverage,1.99,0.00,1.99,1.0,0.20000000,false
33,4/17/26 8:01 PM,Diet Coke,,Soda & Water,Beverage,NA Beverage,1.99,0.00,1.99,1.0,0.20000000,false
33,4/17/26 8:01 PM,Mango Lassi,,Lassi & Tea,Beverage,NA Beverage,4.99,0.00,4.99,1.0,0.50000000,false
33,4/17/26 8:01 PM,Mango Lassi,,Lassi & Tea,Beverage,NA Beverage,4.99,0.00,4.99,1.0,0.50000000,false
30,4/17/26 8:04 PM,Kulfi,,Cold,Desserts,Desserts,3.99,0.00,3.99,1.0,0.40000000,false
34,4/17/26 8:19 PM,Butter Chicken,,Non-Veg Curries,Entrée,Food,17.59,0.00,17.59,1.0,1.76000000,false
34,4/17/26 8:19 PM,Butter Naan,,Naan,Bread,Food,4.39,0.00,4.39,1.0,0.44000000,false
34,4/17/26 8:19 PM,Saag Paneer,,Saag,Entrée,Food,18.69,0.00,18.69,1.0,1.87000000,false
35,4/17/26 8:26 PM,Kulfi,,Cold,Desserts,Desserts,3.99,0.00,3.99,1.0,0.40000000,false
36,4/17/26 8:34 PM,Mushroom Salt n Pepper,,Mushroom Salt n Pepper,Appetizer,Appetizer,10.99,0.00,10.99,1.0,1.10000000,false
36,4/17/26 8:34 PM,Veg Manchurian,,Appetizer,Indo-Chines,,11.99,0.00,11.99,1.0,1.20000000,false
36,4/17/26 8:34 PM,Gobi 65,,65,Appetizer,Appetizer,10.99,0.00,10.99,1.0,1.10000000,false
36,4/17/26 8:34 PM,Maysur Masala Dosa,,Dosa,Bread,Food,13.99,0.00,13.99,1.0,1.40000000,false
36,4/17/26 8:34 PM,Lemon Rice,,,,Food,8.99,0.00,8.99,1.0,0E-8,false
36,4/17/26 8:34 PM,Okra Masala,Vegan,Veg Curries,Entrée,Food,13.99,0.00,13.99,1.0,1.40000000,false
36,4/17/26 8:34 PM,Butter Chicken,,Non-Veg Curries,Entrée,Food,15.99,0.00,15.99,1.0,1.60000000,false
36,4/17/26 8:34 PM,Kadhai,,Kadhai,Entrée,Food,18.99,0.00,18.99,1.0,1.90000000,false
36,4/17/26 8:34 PM,Bread Basket,,Others,Bread,Food,14.99,0.00,14.99,1.0,1.50000000,false
36,4/17/26 8:34 PM,Honey Chili Potatoes,,Appetizer,Indo-Chines,,11.99,0.00,11.99,1.0,1.20000000,false
36,4/17/26 8:35 PM,Unsweetened Tea,,Lassi & Tea,Beverage,NA Beverage,2.99,0.00,2.99,1.0,0.30000000,false
37,4/17/26 8:56 PM,Appetizer Sampler,,Platter,Appetizer,Appetizer,19.99,0.00,19.99,1.0,2.00000000,false
37,4/17/26 9:09 PM,Garlic Naan,,Naan,Bread,Food,4.99,0.00,4.99,1.0,0.50000000,false
37,4/17/26 9:09 PM,Butter Chicken,,Non-Veg Curries,Entrée,Food,15.99,0.00,15.99,1.0,1.60000000,false
37,4/17/26 9:09 PM,Chicken Tikka Masala,,Tikka Masala Curry,Entrée,Food,20.98,0.00,20.98,1.0,2.10000000,false
37,4/17/26 9:09 PM,Kadhai,,Kadhai,Entrée,Food,18.99,0.00,18.99,1.0,1.90000000,false
38,4/17/26 9:11 PM,Kids Butter Chicken,,,,Food,8.99,0.00,8.99,1.0,0E-8,false
38,4/17/26 9:11 PM,Chicken Tikka Masala,,Tikka Masala Curry,Entrée,Food,15.99,0.00,15.99,1.0,1.60000000,false
38,4/17/26 9:11 PM,Sweet Corn Soup,,Soup,Soup & Salad,,5.99,0.00,5.99,1.0,0.60000000,false
36,4/17/26 9:27 PM,Mango Lassi,,Lassi & Tea,Beverage,NA Beverage,4.99,0.00,4.99,1.0,0.50000000,false
1,4/18/26 11:34 AM,Bread Basket,,Others,Bread,Food,16.49,0.00,16.49,1.0,1.48000000,false
1,4/18/26 11:34 AM,Rasmalaee,,Cold,Desserts,Desserts,6.59,0.00,6.59,1.0,0.59000000,false
1,4/18/26 11:34 AM,Navratna Shahi Korma,,Veg Curries,Entrée,Food,17.59,0.00,17.59,1.0,1.59000000,false
1,4/18/26 11:34 AM,Mix Veg Pakora,,Others,Appetizer,Appetizer,8.79,0.00,8.79,1.0,0.80000000,false
2,4/18/26 11:38 AM,Weekend Buffet,,Buffet,Sides,Sides,17.99,0.00,17.99,1.0,1.80000000,false
2,4/18/26 11:38 AM,Weekend Buffet,,Buffet,Sides,Sides,17.99,0.00,17.99,1.0,1.80000000,false
2,4/18/26 11:38 AM,Weekend Buffet,,Buffet,Sides,Sides,17.99,0.00,17.99,1.0,1.80000000,false
2,4/18/26 11:38 AM,Coke Zero,,Soda & Water,Beverage,NA Beverage,1.99,0.00,1.99,1.0,0.20000000,false
2,4/18/26 11:38 AM,Weekend Buffet Kids,,Buffet,Sides,Sides,8.99,0.00,8.99,1.0,0.90000000,false
2,4/18/26 11:44 AM,Mango Lassi,,Lassi & Tea,Beverage,NA Beverage,4.99,0.00,4.99,1.0,0.50000000,false
3,4/18/26 11:48 AM,Weekend Buffet,,Buffet,Sides,Sides,17.99,0.00,17.99,1.0,1.80000000,false
3,4/18/26 11:48 AM,Weekend Buffet,,Buffet,Sides,Sides,17.99,0.00,17.99,1.0,1.80000000,false
3,4/18/26 11:48 AM,Coke,,Soda & Water,Beverage,NA Beverage,1.99,0.00,1.99,1.0,0.20000000,false
4,4/18/26 11:54 AM,Mushroom Salt n Pepper,,Mushroom Salt n Pepper,Appetizer,Appetizer,10.99,0.00,10.99,1.0,1.10000000,false
4,4/18/26 11:54 AM,Channa Masala,Vegan,Veg Curries,Entrée,Food,12.99,0.00,12.99,1.0,1.30000000,false
5,4/18/26 11:56 AM,Weekend Buffet,,Buffet,Sides,Sides,17.99,0.00,17.99,1.0,1.80000000,false
5,4/18/26 11:56 AM,Unsweetened Tea,,Lassi & Tea,Beverage,NA Beverage,2.99,0.00,2.99,1.0,0.30000000,false
3,4/18/26 12:15 PM,Kulfi,,Cold,Desserts,Desserts,3.99,0.00,3.99,1.0,0.40000000,false
6,4/18/26 12:38 PM,Weekend Buffet,,Buffet,Sides,Sides,17.99,0.00,17.99,1.0,1.80000000,false
7,4/18/26 12:48 PM,Weekend Buffet,,Buffet,Sides,Sides,17.99,0.00,17.99,1.0,1.80000000,false
7,4/18/26 12:48 PM,Weekend Buffet,,Buffet,Sides,Sides,17.99,0.00,17.99,1.0,1.80000000,false
7,4/18/26 12:48 PM,Coke Zero,,Soda & Water,Beverage,NA Beverage,1.99,0.00,1.99,1.0,0.20000000,false
7,4/18/26 12:48 PM,Coke Zero,,Soda & Water,Beverage,NA Beverage,1.99,0.00,1.99,1.0,0.20000000,false
8,4/18/26 12:48 PM,Weekend Buffet,,Buffet,Sides,Sides,17.99,0.00,17.99,1.0,1.80000000,false
8,4/18/26 12:48 PM,Weekend Buffet,,Buffet,Sides,Sides,17.99,0.00,17.99,1.0,1.80000000,false
9,4/18/26 12:56 PM,Weekend Buffet,,Buffet,Sides,Sides,17.99,0.00,17.99,1.0,1.80000000,false
9,4/18/26 12:56 PM,Weekend Buffet,,Buffet,Sides,Sides,17.99,0.00,17.99,1.0,1.80000000,false
9,4/18/26 12:56 PM,Weekend Buffet Kids,,Buffet,Sides,Sides,8.99,0.00,8.99,1.0,0.90000000,false
10,4/18/26 1:03 PM,Weekend Buffet,,Buffet,Sides,Sides,17.99,0.00,17.99,1.0,1.80000000,false
10,4/18/26 1:03 PM,Weekend Buffet,,Buffet,Sides,Sides,17.99,0.00,17.99,1.0,1.80000000,false
10,4/18/26 1:03 PM,Weekend Buffet,,Buffet,Sides,Sides,17.99,0.00,17.99,1.0,1.80000000,false
10,4/18/26 1:03 PM,Weekend Buffet,,Buffet,Sides,Sides,17.99,0.00,17.99,1.0,1.80000000,false
10,4/18/26 1:03 PM,Diet Coke,,Soda & Water,Beverage,NA Beverage,1.99,0.00,1.99,1.0,0.20000000,false
11,4/18/26 1:12 PM,Chicken Tenders,,Kids,Kids,,6.99,0.00,6.99,1.0,0.70000000,false
11,4/18/26 1:12 PM,Weekend Buffet,,Buffet,Sides,Sides,17.99,0.00,17.99,1.0,1.80000000,false
11,4/18/26 1:12 PM,Weekend Buffet,,Buffet,Sides,Sides,17.99,0.00,17.99,1.0,1.80000000,false
11,4/18/26 1:12 PM,Weekend Buffet,,Buffet,Sides,Sides,17.99,0.00,17.99,1.0,1.80000000,false
12,4/18/26 1:12 PM,Weekend Buffet,,Buffet,Sides,Sides,17.99,0.00,17.99,1.0,1.80000000,false
12,4/18/26 1:12 PM,Weekend Buffet,,Buffet,Sides,Sides,17.99,0.00,17.99,1.0,1.80000000,false
11,4/18/26 1:30 PM,Sweet Tea,,Lassi & Tea,Beverage,NA Beverage,2.99,0.00,2.99,1.0,0.30000000,false
13,4/18/26 1:31 PM,Weekend Buffet,,Buffet,Sides,Sides,17.99,0.00,17.99,1.0,1.80000000,false
13,4/18/26 1:31 PM,Weekend Buffet,,Buffet,Sides,Sides,17.99,0.00,17.99,1.0,1.80000000,false
13,4/18/26 1:31 PM,Weekend Buffet,,Buffet,Sides,Sides,17.99,0.00,17.99,1.0,1.80000000,false
13,4/18/26 1:31 PM,Weekend Buffet Kids,,Buffet,Sides,Sides,8.99,0.00,8.99,1.0,0.90000000,true
9,4/18/26 1:31 PM,Mango Lassi,,Lassi & Tea,Beverage,NA Beverage,4.99,0.00,4.99,1.0,0.50000000,false
14,4/18/26 1:59 PM,Weekend Buffet,,Buffet,Sides,Sides,17.99,0.00,17.99,1.0,1.80000000,false
14,4/18/26 1:59 PM,Weekend Buffet,,Buffet,Sides,Sides,17.99,0.00,17.99,1.0,1.80000000,false
15,4/18/26 1:59 PM,Weekend Buffet,,Buffet,Sides,Sides,17.99,0.00,17.99,1.0,1.80000000,false
16,4/18/26 2:15 PM,Weekend Buffet,,Buffet,Sides,Sides,17.99,0.00,17.99,1.0,1.80000000,false
16,4/18/26 2:15 PM,Coke,,Soda & Water,Beverage,NA Beverage,1.99,0.00,1.99,1.0,0.20000000,false
17,4/18/26 2:19 PM,Weekend Buffet,,Buffet,Sides,Sides,17.99,0.00,17.99,1.0,1.80000000,false
17,4/18/26 2:19 PM,Weekend Buffet,,Buffet,Sides,Sides,17.99,0.00,17.99,1.0,1.80000000,false
18,4/18/26 2:22 PM,Weekend Buffet,,Buffet,Sides,Sides,17.99,0.00,17.99,1.0,1.80000000,false
18,4/18/26 2:22 PM,Weekend Buffet,,Buffet,Sides,Sides,17.99,0.00,17.99,1.0,1.80000000,false
18,4/18/26 2:22 PM,Weekend Buffet,,Buffet,Sides,Sides,17.99,0.00,17.99,1.0,1.80000000,false
18,4/18/26 2:22 PM,Weekend Buffet,,Buffet,Sides,Sides,17.99,0.00,17.99,1.0,1.80000000,false
18,4/18/26 2:22 PM,Weekend Buffet,,Buffet,Sides,Sides,17.99,0.00,17.99,1.0,1.80000000,false
18,4/18/26 2:22 PM,Weekend Buffet,,Buffet,Sides,Sides,17.99,0.00,17.99,1.0,1.80000000,false
18,4/18/26 2:22 PM,Weekend Buffet,,Buffet,Sides,Sides,17.99,0.00,17.99,1.0,1.80000000,false
18,4/18/26 2:22 PM,Heineken,,Beer,Beverage,NA Beverage,5.99,0.00,5.99,1.0,0.60000000,false
11,4/18/26 2:23 PM,Unsweetened Tea,,Lassi & Tea,Beverage,NA Beverage,2.99,0.00,2.99,1.0,0.30000000,false
13,4/18/26 2:27 PM,Weekend Buffet,,Buffet,Sides,Sides,17.99,0.00,17.99,1.0,1.80000000,false
18,4/18/26 2:41 PM,Kulfi,,Cold,Desserts,Desserts,3.99,0.00,3.99,1.0,0.40000000,false
18,4/18/26 2:42 PM,Kulfi,,Cold,Desserts,Desserts,3.99,0.00,3.99,1.0,0.40000000,false
25,4/18/26 2:47 PM,Vindaloo Curry,,Vindaloo,Entrée,Food,15.99,0.00,15.99,1.0,1.60000000,false
25,4/18/26 2:47 PM,Saag Goat,,Saag,Entrée,Food,18.99,0.00,18.99,1.0,1.90000000,false
25,4/18/26 2:53 PM,Diet Coke,,Soda & Water,Beverage,NA Beverage,1.99,0.00,1.99,1.0,0.20000000,false
27,4/18/26 5:07 PM,Coconut Curry,,Coconut,Entrée,Food,17.49,0.00,17.49,1.0,1.75000000,false
27,4/18/26 5:07 PM,Samosa,,Chaat,Appetizer,Appetizer,9.89,0.00,9.89,1.0,0.99000000,false
27,4/18/26 5:07 PM,Plain Naan,,Naan,Bread,Food,13.17,0.00,13.17,3.0,1.31000000,false
27,4/18/26 5:07 PM,Chicken Tikka Masala,,Tikka Masala Curry,Entrée,Food,17.59,0.00,17.59,1.0,1.76000000,false
28,4/18/26 5:19 PM,Chicken,,KORMA,Entrée,Food,18.69,0.00,18.69,1.0,1.87000000,false
28,4/18/26 5:19 PM,Plain Naan,,Naan,Bread,Food,13.17,0.00,13.17,3.0,1.31000000,false
28,4/18/26 5:19 PM,Chicken Tikka Masala,,Tikka Masala Curry,Entrée,Food,17.59,0.00,17.59,1.0,1.76000000,false
28,4/18/26 5:19 PM,Butter Chicken,,Non-Veg Curries,Entrée,Food,17.59,0.00,17.59,1.0,1.76000000,false
29,4/18/26 5:26 PM,Veg Samosa,,Samosa,Appetizer,Appetizer,5.99,0.00,5.99,1.0,0.60000000,false
29,4/18/26 5:26 PM,Kadhai Paneer,,Veg Curries,Entrée,Food,15.99,0.00,15.99,1.0,1.60000000,false
29,4/18/26 5:26 PM,Okra Masala,Vegan,Veg Curries,Entrée,Food,13.99,0.00,13.99,1.0,1.40000000,false
29,4/18/26 5:26 PM,Diet Coke,,Soda & Water,Beverage,NA Beverage,1.99,0.00,1.99,1.0,0.20000000,false
30,4/18/26 5:47 PM,Cheese Masala Dosa,,Dosa,Bread,Food,13.99,0.00,13.99,1.0,1.40000000,false
30,4/18/26 5:47 PM,Goat Biryani,,Nonveg,Biryani,Biryani,18.99,0.00,18.99,1.0,1.90000000,false
31,4/18/26 6:11 PM,Goat Biryani,,Nonveg,Biryani,Biryani,18.99,0.00,18.99,1.0,1.90000000,true
31,4/18/26 6:11 PM,Lemonade,,Lassi & Tea,Beverage,NA Beverage,2.99,0.00,2.99,1.0,0.30000000,true
32,4/18/26 6:26 PM,Chicken Biryani,,Nonveg,Biryani,Biryani,16.99,0.00,16.99,1.0,1.70000000,false
32,4/18/26 6:26 PM,Paneer Tikka Masala,,Tikka Masala Curry,Entrée,Food,15.99,0.00,15.99,1.0,1.60000000,false
32,4/18/26 6:26 PM,Garlic Naan,,Naan,Bread,Food,9.98,0.00,9.98,2.0,1.00000000,false
33,4/18/26 6:27 PM,Samosa Chana Chaat,,,,Food,7.99,0.00,7.99,1.0,0E-8,false
30,4/18/26 6:32 PM,Masala Chai,,Lassi & Tea,Beverage,NA Beverage,3.99,0.00,3.99,1.0,0.40000000,false
31,4/18/26 6:51 PM,Goat Biryani,,Nonveg,Biryani,Biryani,18.99,0.00,18.99,1.0,1.90000000,false
34,4/18/26 6:54 PM,Samosa Chana Chaat,,,,Food,7.99,0.00,7.99,1.0,0E-8,false
34,4/18/26 6:54 PM,Kadhai Paneer,,Veg Curries,Entrée,Food,15.99,0.00,15.99,1.0,1.60000000,false
35,4/18/26 7:10 PM,Mix Veg,Vegan,Veg Curries,Entrée,Food,13.99,0.00,13.99,1.0,1.40000000,false
35,4/18/26 7:10 PM,Veg Manchurian,,Appetizer,Indo-Chines,,11.99,0.00,11.99,1.0,1.20000000,false
35,4/18/26 7:10 PM,Garlic Naan,,Naan,Bread,Food,4.99,0.00,4.99,1.0,0.50000000,false
35,4/18/26 7:10 PM,Chicken Biryani,,Nonveg,Biryani,Biryani,16.99,0.00,16.99,1.0,1.70000000,true
36,4/18/26 7:17 PM,Vindaloo Curry,,Vindaloo,Entrée,Food,47.97,0.00,47.97,3.0,4.80000000,false
36,4/18/26 7:17 PM,Cheese Naan,,Naan,Bread,Food,23.96,0.00,23.96,4.0,2.40000000,false
37,4/18/26 7:21 PM,Kadhai,,Kadhai,Entrée,Food,15.99,0.00,15.99,1.0,1.60000000,false
37,4/18/26 7:21 PM,Butter Chicken,,Non-Veg Curries,Entrée,Food,15.99,0.00,15.99,1.0,1.60000000,false
37,4/18/26 7:21 PM,Garlic Naan,,Naan,Bread,Food,4.99,0.00,4.99,1.0,0.50000000,false
35,4/18/26 7:32 PM,Kadhai,,Kadhai,Entrée,Food,15.99,0.00,15.99,1.0,1.60000000,false
38,4/18/26 7:39 PM,Paneer 65,,65,Appetizer,Appetizer,12.99,0.00,12.99,1.0,1.30000000,false
39,4/18/26 7:45 PM,Highway Chicken,,Non-Veg Curries,Entrée,Food,15.99,0.00,14.39,1.0,1.43000000,false
39,4/18/26 7:45 PM,Half Chicken Tandoori,,Tandoori,Appetizer,Appetizer,12.99,0.00,11.69,1.0,1.17000000,false
39,4/18/26 7:45 PM,Chili Garlic Naan,,Naan,Bread,Food,17.97,0.00,16.17,3.0,1.61000000,false
40,4/18/26 8:08 PM,Butter Chicken,,Non-Veg Curries,Entrée,Food,15.99,0.00,15.99,1.0,1.60000000,false
40,4/18/26 8:08 PM,Chicken Tikka Masala,,Tikka Masala Curry,Entrée,Food,15.99,0.00,15.99,1.0,1.60000000,false
40,4/18/26 8:08 PM,Garlic Naan,,Naan,Bread,Food,4.99,0.00,4.99,1.0,0.50000000,false
40,4/18/26 8:08 PM,Veg Samosa,,Samosa,Appetizer,Appetizer,5.99,0.00,5.99,1.0,0.60000000,false
42,4/18/26 8:16 PM,Veg Samosa,,Samosa,Appetizer,Appetizer,5.99,0.00,5.99,1.0,0.60000000,false
42,4/18/26 8:16 PM,Kadhai,,Kadhai,Entrée,Food,15.99,0.00,15.99,1.0,1.60000000,false
42,4/18/26 8:17 PM,Budweiser,,Beer,Beverage,NA Beverage,5.99,0.00,5.99,1.0,0.60000000,false
43,4/18/26 8:37 PM,Full Chicken Tandoori,,Tandoori,Appetizer,Appetizer,18.99,0.00,18.99,1.0,1.90000000,false
43,4/18/26 8:47 PM,Chicken Curry,,Non-Veg Curries,Entrée,Food,15.99,0.00,15.99,1.0,1.60000000,false
43,4/18/26 8:47 PM,Vindaloo Curry,,Vindaloo,Entrée,Food,18.99,0.00,18.99,1.0,1.90000000,false
43,4/18/26 8:47 PM,Chicken 65,,65,Appetizer,Appetizer,12.99,0.00,12.99,1.0,1.30000000,false
43,4/18/26 8:47 PM,Masala Fries,,Kids,Kids,,4.99,0.00,4.99,1.0,0.50000000,false
43,4/18/26 8:47 PM,Coke,,Soda & Water,Beverage,NA Beverage,1.99,0.00,1.99,1.0,0.20000000,false
43,4/18/26 8:47 PM,Sprite,,Soda & Water,Beverage,NA Beverage,1.99,0.00,1.99,1.0,0.20000000,false
43,4/18/26 8:58 PM,Garlic Naan,,Naan,Bread,Food,9.98,0.00,9.98,2.0,1.00000000,false
43,4/18/26 8:58 PM,Butter Naan,,Naan,Bread,Food,7.98,0.00,7.98,2.0,0.80000000,false
44,4/18/26 9:07 PM,Spring Roll,,Others,Appetizer,Appetizer,5.99,0.00,5.99,1.0,0.60000000,false
44,4/18/26 9:07 PM,Butter Chicken,,Non-Veg Curries,Entrée,Food,15.99,0.00,15.99,1.0,1.60000000,false
44,4/18/26 9:07 PM,Garlic Naan,,Naan,Bread,Food,4.99,0.00,4.99,1.0,0.50000000,false
44,4/18/26 9:07 PM,Chicken Tikka Masala,,Tikka Masala Curry,Entrée,Food,15.99,0.00,15.99,1.0,1.60000000,false
44,4/18/26 9:07 PM,Cheese Naan,,Naan,Bread,Food,5.99,0.00,5.99,1.0,0.60000000,false
1,4/19/26 11:10 AM,Garlic Naan,,Naan,Bread,Food,10.98,0.00,10.98,2.0,1.10000000,false
1,4/19/26 11:10 AM,Veg Samosa,,Samosa,Appetizer,Appetizer,6.59,0.00,6.59,1.0,0.66000000,false
1,4/19/26 11:10 AM,Malai Kofta,,Veg Curries,Entrée,Food,15.39,0.00,15.39,1.0,1.54000000,false
1,4/19/26 11:10 AM,Paneer Masala Dosa,,Dosa,Bread,Food,15.39,0.00,15.39,1.0,1.54000000,false
2,4/19/26 11:21 AM,Weekend Buffet,,Buffet,Sides,Sides,17.99,0.00,17.99,1.0,1.80000000,false
2,4/19/26 11:21 AM,Weekend Buffet,,Buffet,Sides,Sides,17.99,0.00,17.99,1.0,1.80000000,false
2,4/19/26 11:21 AM,Weekend Buffet,,Buffet,Sides,Sides,17.99,0.00,17.99,1.0,1.80000000,false
3,4/19/26 11:44 AM,Weekend Buffet,,Buffet,Sides,Sides,17.99,0.00,17.99,1.0,1.80000000,false
3,4/19/26 11:44 AM,Weekend Buffet,,Buffet,Sides,Sides,17.99,0.00,17.99,1.0,1.80000000,false
3,4/19/26 11:44 AM,Weekend Buffet,,Buffet,Sides,Sides,17.99,0.00,17.99,1.0,1.80000000,false
3,4/19/26 11:44 AM,Weekend Buffet,,Buffet,Sides,Sides,17.99,0.00,17.99,1.0,1.80000000,false
3,4/19/26 11:44 AM,Weekend Buffet,,Buffet,Sides,Sides,17.99,0.00,17.99,1.0,1.80000000,false
3,4/19/26 11:44 AM,Weekend Buffet,,Buffet,Sides,Sides,17.99,0.00,17.99,1.0,1.80000000,false
3,4/19/26 11:44 AM,Diet Coke,,Soda & Water,Beverage,NA Beverage,1.99,0.00,1.99,1.0,0.20000000,false
3,4/19/26 11:44 AM,Dr pepper,,Soda & Water,Beverage,NA Beverage,1.99,0.00,1.99,1.0,0.20000000,false
4,4/19/26 11:48 AM,Veg Samosa,,Samosa,Appetizer,Appetizer,5.99,0.00,5.99,1.0,0.60000000,false
4,4/19/26 11:48 AM,Goat Biryani,,Nonveg,Biryani,Biryani,18.99,0.00,18.99,1.0,1.90000000,false
4,4/19/26 11:48 AM,Garlic Naan,,Naan,Bread,Food,4.99,0.00,4.99,1.0,0.50000000,false
5,4/19/26 11:49 AM,Weekend Buffet,,Buffet,Sides,Sides,17.99,0.00,17.99,1.0,1.80000000,false
5,4/19/26 11:49 AM,Weekend Buffet,,Buffet,Sides,Sides,17.99,0.00,17.99,1.0,1.80000000,false
3,4/19/26 11:49 AM,Masala Chai,,Lassi & Tea,Beverage,NA Beverage,3.99,0.00,3.99,1.0,0.40000000,false
6,4/19/26 11:54 AM,Fried Rice,,Entrees,Indo-Chines,,12.99,0.00,12.99,1.0,1.30000000,false
7,4/19/26 12:09 PM,Mix Veg Pakora,,Mix Veg Pakora,Appetizer,Appetizer,7.99,0.00,7.99,1.0,0.80000000,false
7,4/19/26 12:09 PM,Saag Paneer,,Saag,Entrée,Food,16.99,0.00,16.99,1.0,1.70000000,false
7,4/19/26 12:09 PM,Mango Lassi,,Lassi & Tea,Beverage,NA Beverage,4.99,0.00,4.99,1.0,0.50000000,false
4,4/19/26 12:10 PM,Coke,,Soda & Water,Beverage,NA Beverage,1.99,0.00,1.99,1.0,0.20000000,false
4,4/19/26 12:10 PM,Coke,,Soda & Water,Beverage,NA Beverage,1.99,0.00,1.99,1.0,0.20000000,false
8,4/19/26 12:11 PM,Diet Coke,,Soda & Water,Beverage,NA Beverage,1.99,0.00,1.99,1.0,0.20000000,false
8,4/19/26 12:11 PM,Diet Coke,,Soda & Water,Beverage,NA Beverage,1.99,0.00,1.99,1.0,0.20000000,false
8,4/19/26 12:11 PM,Weekend Buffet,,Buffet,Sides,Sides,17.99,0.00,17.99,1.0,1.80000000,false
8,4/19/26 12:11 PM,Weekend Buffet,,Buffet,Sides,Sides,17.99,0.00,17.99,1.0,1.80000000,false
8,4/19/26 12:11 PM,Weekend Buffet,,Buffet,Sides,Sides,17.99,0.00,17.99,1.0,1.80000000,false
8,4/19/26 12:11 PM,Saag Goat,,Saag,Entrée,Food,18.99,0.00,18.99,1.0,1.90000000,false
8,4/19/26 12:11 PM,Veg Samosa,,Samosa,Appetizer,Appetizer,5.99,0.00,5.99,1.0,0.60000000,false
6,4/19/26 12:25 PM,Weekend Buffet,,Buffet,Sides,Sides,17.99,0.00,17.99,1.0,1.80000000,false
8,4/19/26 12:36 PM,Garlic Naan,,Naan,Bread,Food,4.99,0.00,4.99,1.0,0.50000000,false
8,4/19/26 12:36 PM,Garlic Naan,,Naan,Bread,Food,4.99,0.00,4.99,1.0,0.50000000,false
3,4/19/26 12:59 PM,Masala Chai,,Lassi & Tea,Beverage,NA Beverage,3.99,0.00,3.99,1.0,0.40000000,false
12,4/19/26 1:01 PM,Weekend Buffet,,Buffet,Sides,Sides,35.98,0.00,35.98,2.0,3.60000000,false
13,4/19/26 1:04 PM,Weekend Buffet,,Buffet,Sides,Sides,17.99,0.00,17.99,1.0,1.80000000,false
14,4/19/26 1:14 PM,Mix Veg,Vegan,Veg Curries,Entrée,Food,13.99,0.00,13.99,1.0,1.40000000,false
14,4/19/26 1:14 PM,Butter Tandoori Roti,,Roti,Bread,Food,3.99,0.00,3.99,1.0,0.40000000,false
14,4/19/26 1:14 PM,Okra Masala,Vegan,Veg Curries,Entrée,Food,13.99,0.00,13.99,1.0,1.40000000,false
14,4/19/26 1:14 PM,Tandoori Roti Plain,,Roti,Bread,Food,3.99,0.00,3.99,1.0,0.40000000,false
14,4/19/26 1:14 PM,Kaju Curry,,Veg Curries,Entrée,Food,16.99,0.00,16.99,1.0,1.70000000,false
14,4/19/26 1:14 PM,Chapati,,,,Food,4.99,0.00,4.99,1.0,0E-8,false
14,4/19/26 1:14 PM,Saag Paneer,,Saag,Entrée,Food,16.99,0.00,16.99,1.0,1.70000000,false
14,4/19/26 1:14 PM,Channa Masala,Vegan,Veg Curries,Entrée,Food,12.99,0.00,12.99,1.0,1.30000000,false
15,4/19/26 1:16 PM,Paneer 65,,65,Appetizer,Appetizer,12.99,0.00,12.99,1.0,1.30000000,false
15,4/19/26 1:16 PM,Butter Chicken,,Non-Veg Curries,Entrée,Food,15.99,0.00,15.99,1.0,1.60000000,false
15,4/19/26 1:16 PM,Garlic Naan,,Naan,Bread,Food,4.99,0.00,4.99,1.0,0.50000000,false
15,4/19/26 1:16 PM,Garlic Naan,,Naan,Bread,Food,4.99,0.00,4.99,1.0,0.50000000,false
15,4/19/26 1:16 PM,Plain Dosa,,Dosa,Bread,Food,11.99,0.00,11.99,1.0,1.20000000,false
15,4/19/26 1:16 PM,Weekend Buffet,,Buffet,Sides,Sides,17.99,0.00,17.99,1.0,1.80000000,false
16,4/19/26 1:32 PM,Butter Chicken,,Non-Veg Curries,Entrée,Food,15.99,0.00,15.99,1.0,1.60000000,false
16,4/19/26 1:32 PM,Cheese Naan,,Naan,Bread,Food,5.99,0.00,5.99,1.0,0.60000000,false
16,4/19/26 1:32 PM,Veg Samosa,,Samosa,Appetizer,Appetizer,5.99,0.00,5.99,1.0,0.60000000,false
17,4/19/26 1:36 PM,Weekend Buffet,,Buffet,Sides,Sides,35.98,0.00,35.98,2.0,3.60000000,false
17,4/19/26 1:36 PM,Diet Coke,,Soda & Water,Beverage,NA Beverage,1.99,0.00,1.99,1.0,0.20000000,false
18,4/19/26 1:38 PM,Honey Chili Potatoes,,Appetizer,Indo-Chines,,11.99,0.00,11.99,1.0,1.20000000,false
18,4/19/26 1:38 PM,Tandoori Chicken Masala,,Non-Veg Curries,Entrée,Food,15.99,0.00,15.99,1.0,1.60000000,false
18,4/19/26 1:38 PM,Weekend Buffet,,Buffet,Sides,Sides,17.99,0.00,17.99,1.0,1.80000000,false
15,4/19/26 1:39 PM,Onion,,Salad,Soup & Salad,,2.99,0.00,2.99,1.0,0.30000000,false
19,4/19/26 1:53 PM,Weekend Buffet,,Buffet,Sides,Sides,17.99,0.00,17.99,1.0,1.80000000,false
19,4/19/26 1:53 PM,Weekend Buffet,,Buffet,Sides,Sides,17.99,0.00,17.99,1.0,1.80000000,false
19,4/19/26 1:53 PM,Unsweetened Tea,,Lassi & Tea,Beverage,NA Beverage,2.99,0.00,2.99,1.0,0.30000000,false
23,4/19/26 2:30 PM,Fish Tikka Masala,,Tikka Masala Curry,Entrée,Food,17.99,0.00,17.99,1.0,1.80000000,false
23,4/19/26 2:30 PM,Garlic Naan,,Naan,Bread,Food,4.99,0.00,4.99,1.0,0.50000000,false
23,4/19/26 2:30 PM,Arnold Parmer,,Lassi & Tea,Beverage,NA Beverage,2.99,0.00,2.99,1.0,0.30000000,false
24,4/19/26 2:32 PM,6 Pieces,Tandoori Chicken Wings,Tandoori,Appetizer,Appetizer,12.99,0.00,12.99,1.0,1.30000000,false
25,4/19/26 2:37 PM,Weekend Buffet,,Buffet,Sides,Sides,143.92,0.00,143.92,8.0,14.40000000,false
25,4/19/26 2:37 PM,Mango Lassi,,Lassi & Tea,Beverage,NA Beverage,4.99,0.00,4.99,1.0,0.50000000,false
25,4/19/26 2:37 PM,Diet Coke,,Soda & Water,Beverage,NA Beverage,1.99,0.00,1.99,1.0,0.20000000,false
24,4/19/26 2:57 PM,Weekend Buffet,,Buffet,Sides,Sides,17.99,0.00,17.99,1.0,1.80000000,false
24,4/19/26 2:57 PM,Mango Lassi,,Lassi & Tea,Beverage,NA Beverage,4.99,0.00,4.99,1.0,0.50000000,false
24,4/19/26 2:57 PM,Sprite,,Soda & Water,Beverage,NA Beverage,1.99,0.00,1.99,1.0,0.20000000,false
24,4/19/26 2:57 PM,Weekend Buffet,,Buffet,Sides,Sides,17.99,0.00,17.99,1.0,1.80000000,false
23,4/19/26 3:06 PM,Gulabjamun,,Hot,Desserts,Desserts,4.99,0.00,4.99,1.0,0.50000000,false
23,4/19/26 3:06 PM,Kheer,,Cold,Desserts,Desserts,5.49,0.00,5.49,1.0,0.54000000,false
26,4/19/26 5:07 PM,Half Chicken Tandoori,,Tandoori,Appetizer,Appetizer,12.99,0.00,12.99,1.0,1.30000000,false
26,4/19/26 5:07 PM,Garlic Naan,,Naan,Bread,Food,4.99,0.00,4.99,1.0,0.50000000,false
26,4/19/26 5:07 PM,Butter Chicken,,Non-Veg Curries,Entrée,Food,15.99,0.00,15.99,1.0,1.60000000,false
26,4/19/26 5:07 PM,Chicken Biryani,,Nonveg,Biryani,Biryani,16.99,0.00,16.99,1.0,1.70000000,false
27,4/19/26 5:23 PM,Mulligatawny Soup,,Soup,Soup & Salad,,6.59,0.00,6.59,1.0,0.66000000,false
33,4/19/26 5:55 PM,Garlic Naan,,Naan,Bread,Food,5.49,0.00,5.49,1.0,0.55000000,false
33,4/19/26 5:55 PM,Butter Chicken,,Non-Veg Curries,Entrée,Food,17.59,0.00,17.59,1.0,1.76000000,false
28,4/19/26 5:44 PM,Chicken Curry,,Non-Veg Curries,Entrée,Food,17.59,0.00,17.59,1.0,1.76000000,false
28,4/19/26 5:44 PM,Garlic Naan,,Naan,Bread,Food,5.49,0.00,5.49,1.0,0.55000000,false
29,4/19/26 5:48 PM,Salmon Tandoori,,Tandoori,Appetizer,Appetizer,18.99,0.00,18.99,1.0,1.90000000,false
29,4/19/26 5:48 PM,Garlic Naan,,Naan,Bread,Food,4.99,0.00,4.99,1.0,0.50000000,false
31,4/19/26 5:52 PM,Butter Chicken,,Non-Veg Curries,Entrée,Food,15.99,0.00,15.99,1.0,1.60000000,false
31,4/19/26 5:52 PM,Garlic Naan,,Naan,Bread,Food,4.99,0.00,4.99,1.0,0.50000000,false
35,4/19/26 6:05 PM,Butter Chicken,,Non-Veg Curries,Entrée,Food,17.59,0.00,17.59,1.0,1.76000000,false
32,4/19/26 5:54 PM,Butter Naan,,Naan,Bread,Food,3.99,0.00,3.99,1.0,0.40000000,false
32,4/19/26 5:54 PM,Butter Naan,,Naan,Bread,Food,3.99,0.00,3.99,1.0,0.40000000,false
32,4/19/26 5:54 PM,Butter Naan,,Naan,Bread,Food,3.99,0.00,3.99,1.0,0.40000000,false
32,4/19/26 5:54 PM,Kebab Platter,,Platter,Appetizer,Appetizer,28.99,0.00,28.99,1.0,2.90000000,false
32,4/19/26 5:54 PM,Chicken Curry,,Non-Veg Curries,Entrée,Food,15.99,0.00,15.99,1.0,1.60000000,false
30,4/19/26 5:58 PM,Vindaloo Curry,,Vindaloo,Entrée,Food,15.99,0.00,15.99,1.0,1.60000000,false
30,4/19/26 5:58 PM,Goat Tikka Masala,,Tikka Masala Curry,Entrée,Food,18.99,0.00,18.99,1.0,1.90000000,false
30,4/19/26 5:58 PM,Chicken Tenders,,Kids,Kids,,6.99,0.00,6.99,1.0,0.70000000,false
30,4/19/26 5:58 PM,Chicken Tenders,,Kids,Kids,,6.99,0.00,6.99,1.0,0.70000000,false
30,4/19/26 5:58 PM,Highway Chicken,,Non-Veg Curries,Entrée,Food,15.99,0.00,15.99,1.0,1.60000000,false
30,4/19/26 5:58 PM,Saag Goat,,Saag,Entrée,Food,18.99,0.00,18.99,1.0,1.90000000,false
30,4/19/26 5:58 PM,Chicken Tikka Masala,,Tikka Masala Curry,Entrée,Food,15.99,0.00,15.99,1.0,1.60000000,false
30,4/19/26 5:58 PM,Veg Samosa,,Samosa,Appetizer,Appetizer,5.99,0.00,5.99,1.0,0.60000000,false
30,4/19/26 5:58 PM,Plain Naan,,Naan,Bread,Food,3.99,0.00,3.99,1.0,0.40000000,false
32,4/19/26 5:59 PM,Coke Zero,,Soda & Water,Beverage,NA Beverage,1.99,0.00,1.99,1.0,0.20000000,false
32,4/19/26 5:59 PM,Coke,,Soda & Water,Beverage,NA Beverage,1.99,0.00,1.99,1.0,0.20000000,false
32,4/19/26 5:59 PM,Coke,,Soda & Water,Beverage,NA Beverage,1.99,0.00,1.99,1.0,0.20000000,false
34,4/19/26 5:59 PM,Maysur Masala Dosa,,Dosa,Bread,Food,13.99,0.00,13.99,1.0,1.40000000,false
34,4/19/26 5:59 PM,Channa Masala,Vegan,Veg Curries,Entrée,Food,12.99,0.00,12.99,1.0,1.30000000,false
34,4/19/26 5:59 PM,Mix Veg,Vegan,Veg Curries,Entrée,Food,13.99,0.00,13.99,1.0,1.40000000,true
34,4/19/26 6:00 PM,Saag Paneer,,Saag,Entrée,Food,16.99,0.00,16.99,1.0,1.70000000,false
32,4/19/26 6:14 PM,Masala Fries,,Kids,Kids,,4.99,0.00,4.99,1.0,0.50000000,false
36,4/19/26 6:27 PM,Chicken Tenders,,Kids,Kids,,6.99,0.00,6.99,1.0,0.70000000,false
36,4/19/26 6:27 PM,Mozzarella Sticks,,Kids,Kids,,6.99,0.00,6.99,1.0,0.70000000,false
37,4/19/26 6:42 PM,Appetizer Sampler,,Platter,Appetizer,Appetizer,19.99,0.00,19.99,1.0,2.00000000,false
37,4/19/26 6:42 PM,Coconut Curry,,Coconut,Entrée,Food,15.99,0.00,15.99,1.0,1.60000000,false
37,4/19/26 6:42 PM,Diet Coke,,Soda & Water,Beverage,NA Beverage,1.99,0.00,1.99,1.0,0.20000000,false
30,4/19/26 6:55 PM,Mango Lassi,,Lassi & Tea,Beverage,NA Beverage,4.99,0.00,4.99,1.0,0.50000000,false
30,4/19/26 6:55 PM,Mango Lassi,,Lassi & Tea,Beverage,NA Beverage,4.99,0.00,4.99,1.0,0.50000000,false
38,4/19/26 7:04 PM,Veg Samosa,,Samosa,Appetizer,Appetizer,5.99,0.00,5.99,1.0,0.60000000,false
38,4/19/26 7:04 PM,Coconut Curry,,Coconut,Entrée,Food,15.99,0.00,15.99,1.0,1.60000000,false
38,4/19/26 7:04 PM,Garlic Naan,,Naan,Bread,Food,4.99,0.00,4.99,1.0,0.50000000,false
38,4/19/26 7:04 PM,Butter Chicken,,Non-Veg Curries,Entrée,Food,15.99,0.00,15.99,1.0,1.60000000,false
38,4/19/26 7:04 PM,Raita,,Sides,Sides,Sides,4.99,0.00,4.99,1.0,0.50000000,false
38,4/19/26 7:04 PM,Sambar,,,,Food,4.99,0.00,4.99,1.0,0E-8,false
38,4/19/26 7:04 PM,Flying Horse,,Beer,Beverage,NA Beverage,12.99,0.00,12.99,1.0,1.30000000,false
38,4/19/26 7:12 PM,Flying Horse,,Beer,Beverage,NA Beverage,12.99,0.00,12.99,1.0,1.30000000,false
37,4/19/26 7:20 PM,Gulabjamun,,Hot,Desserts,Desserts,4.99,0.00,4.99,1.0,0.50000000,false
39,4/19/26 7:33 PM,Chicken 65,,65,Appetizer,Appetizer,12.99,0.00,12.99,1.0,1.30000000,false
40,4/19/26 7:48 PM,Tandoori Chicken Masala,,Non-Veg Curries,Entrée,Food,15.99,0.00,15.99,1.0,1.60000000,false
40,4/19/26 7:48 PM,Chicken Tikka Masala,,Tikka Masala Curry,Entrée,Food,15.99,0.00,15.99,1.0,1.60000000,false
40,4/19/26 7:48 PM,Cheese Naan,,Naan,Bread,Food,11.98,0.00,11.98,2.0,1.20000000,false
40,4/19/26 7:48 PM,Chapati,,,,Food,4.99,0.00,4.99,1.0,0E-8,false
43,4/19/26 7:54 PM,Mango Lassi,,Lassi & Tea,Beverage,NA Beverage,5.49,0.00,5.49,1.0,0.55000000,false
43,4/19/26 7:54 PM,Plain Naan,,Naan,Bread,Food,4.39,0.00,4.39,1.0,0.44000000,false
43,4/19/26 7:54 PM,Butter Chicken,,Non-Veg Curries,Entrée,Food,17.59,0.00,17.59,1.0,1.76000000,false
41,4/19/26 7:51 PM,Salmon Tandoori,,Tandoori,Appetizer,Appetizer,18.99,0.00,18.99,1.0,1.90000000,false
41,4/19/26 7:51 PM,Cheese Masala Dosa,,Dosa,Bread,Food,13.99,0.00,13.99,1.0,1.40000000,false
41,4/19/26 7:51 PM,Coconut Curry,,Coconut,Entrée,Food,15.99,0.00,15.99,1.0,1.60000000,false
42,4/19/26 7:51 PM,Chicken Samosa,,Samosa,Appetizer,Appetizer,15.38,0.00,15.38,2.0,1.54000000,false
42,4/19/26 7:51 PM,Lamb Samosa,,Samosa,Appetizer,Appetizer,21.98,0.00,21.98,2.0,2.20000000,false
42,4/19/26 7:51 PM,Veg Samosa,,Samosa,Appetizer,Appetizer,13.18,0.00,13.18,2.0,1.31000000,false
44,4/19/26 7:58 PM,Masala Papad,,Papad,Appetizer,Appetizer,6.99,0.00,6.99,1.0,0.70000000,false
44,4/19/26 7:58 PM,Masala Papad,,Papad,Appetizer,Appetizer,6.99,0.00,6.99,1.0,0.70000000,false
44,4/19/26 7:58 PM,Masala Papad,,Papad,Appetizer,Appetizer,6.99,0.00,6.99,1.0,0.70000000,false
44,4/19/26 7:58 PM,Veg Manchurian,,Appetizer,Indo-Chines,,11.99,0.00,11.99,1.0,1.20000000,false
44,4/19/26 7:58 PM,Momos Veg,,Appetizer,Indo-Chines,,11.99,0.00,11.99,1.0,1.20000000,false
44,4/19/26 8:09 PM,Mango Lassi,,Lassi & Tea,Beverage,NA Beverage,4.99,0.00,4.99,1.0,0.50000000,false
44,4/19/26 8:09 PM,Mango Lassi,,Lassi & Tea,Beverage,NA Beverage,4.99,0.00,4.99,1.0,0.50000000,false
44,4/19/26 8:10 PM,Masala Papad,,Papad,Appetizer,Appetizer,13.98,0.00,13.98,2.0,1.40000000,false
44,4/19/26 8:19 PM,Malai Kofta,,Veg Curries,Entrée,Food,13.99,0.00,13.99,1.0,1.40000000,false
44,4/19/26 8:19 PM,Amul cheese butter masala,,Veg Curries,Entrée,Food,18.99,0.00,18.99,1.0,1.90000000,false
44,4/19/26 8:19 PM,Chapati,,,,Food,4.99,0.00,4.99,1.0,0E-8,false
44,4/19/26 8:19 PM,Garlic Naan,,Naan,Bread,Food,4.99,0.00,4.99,1.0,0.50000000,false
44,4/19/26 8:19 PM,Garlic Naan,,Naan,Bread,Food,4.99,0.00,4.99,1.0,0.50000000,false
44,4/19/26 8:19 PM,Garlic Naan,,Naan,Bread,Food,4.99,0.00,4.99,1.0,0.50000000,false
44,4/19/26 8:19 PM,Garlic Naan,,Naan,Bread,Food,4.99,0.00,4.99,1.0,0.50000000,false
39,4/19/26 8:20 PM,Chili Garlic Naan,,Naan,Bread,Food,5.99,0.00,5.99,1.0,0.60000000,false
39,4/19/26 8:22 PM,Chili Garlic Naan,,Naan,Bread,Food,17.97,0.00,17.97,3.0,1.80000000,false
39,4/19/26 8:22 PM,Chicken 65,,65,Appetizer,Appetizer,12.99,0.00,12.99,1.0,1.30000000,false
39,4/19/26 8:22 PM,Tandoori Chicken Masala,,Non-Veg Curries,Entrée,Food,15.99,0.00,15.99,1.0,1.60000000,false
46,4/19/26 8:24 PM,Veg Samosa,,Samosa,Appetizer,Appetizer,5.99,0.00,5.99,1.0,0.60000000,false
46,4/19/26 8:24 PM,Veg Biryani,,Veg,Biryani,Biryani,16.99,0.00,16.99,1.0,1.70000000,false
46,4/19/26 8:24 PM,Chicken 65,,65,Appetizer,Appetizer,12.99,0.00,12.99,1.0,1.30000000,false
46,4/19/26 8:24 PM,Flying Horse,,Beer,Beverage,NA Beverage,12.99,0.00,12.99,1.0,1.30000000,false
44,4/19/26 8:24 PM,Onion,,Salad,Soup & Salad,,2.99,0.00,2.99,1.0,0.30000000,false
48,4/19/26 8:42 PM,Paneer bhurji,,Veg Curries,Entrée,Food,18.69,0.00,18.69,1.0,1.69000000,false
48,4/19/26 8:42 PM,Butter Tandoori Roti,,Roti,Bread,Food,17.56,0.00,17.56,4.0,1.58000000,false
47,4/19/26 8:31 PM,Momos Veg,,Appetizer,Indo-Chines,,11.99,0.00,11.99,1.0,1.20000000,false
47,4/19/26 8:31 PM,Chili Paneer,,Appetizer,Indo-Chines,,12.99,0.00,12.99,1.0,1.30000000,false
47,4/19/26 8:31 PM,Okra Masala,Vegan,Veg Curries,Entrée,Food,13.99,0.00,13.99,1.0,1.40000000,false
47,4/19/26 8:31 PM,Malai Kofta,,Veg Curries,Entrée,Food,13.99,0.00,13.99,1.0,1.40000000,false
47,4/19/26 8:31 PM,Saag Paneer,,Saag,Entrée,Food,16.99,0.00,16.99,1.0,1.70000000,false
47,4/19/26 8:31 PM,Paneer Tikka Masala,,Tikka Masala Curry,Entrée,Food,15.99,0.00,15.99,1.0,1.60000000,false
47,4/19/26 8:31 PM,Amul cheese butter masala,,Veg Curries,Entrée,Food,18.99,0.00,18.99,1.0,1.90000000,false
47,4/19/26 8:31 PM,Garlic Naan,,Naan,Bread,Food,19.96,0.00,19.96,4.0,2.00000000,false
47,4/19/26 8:31 PM,Butter Naan,,Naan,Bread,Food,3.99,0.00,3.99,1.0,0.40000000,false
47,4/19/26 8:31 PM,Kulcha,,Others,Bread,Food,5.99,0.00,5.99,1.0,0.60000000,false
47,4/19/26 8:32 PM,Mango Lassi,,Lassi & Tea,Beverage,NA Beverage,4.99,0.00,4.99,1.0,0.50000000,false
47,4/19/26 8:32 PM,Mango Lassi,,Lassi & Tea,Beverage,NA Beverage,4.99,0.00,4.99,1.0,0.50000000,false
47,4/19/26 8:32 PM,Mango Lassi,,Lassi & Tea,Beverage,NA Beverage,4.99,0.00,4.99,1.0,0.50000000,false
40,4/19/26 8:34 PM,Lemonade,,Lassi & Tea,Beverage,NA Beverage,2.99,0.00,2.99,1.0,0.30000000,false
44,4/19/26 8:38 PM,Onion,,Salad,Soup & Salad,,2.99,0.00,2.99,1.0,0.30000000,false
39,4/19/26 8:42 PM,Butter Milk,,Lassi & Tea,Beverage,NA Beverage,3.99,0.00,3.99,1.0,0.40000000,false
39,4/19/26 8:42 PM,Butter Milk,,Lassi & Tea,Beverage,NA Beverage,3.99,0.00,3.99,1.0,0.40000000,false
39,4/19/26 8:49 PM,Maison Perrier Sparking Water,,Soda & Water,Beverage,NA Beverage,3.99,0.00,3.99,1.0,0.40000000,false
47,4/19/26 8:51 PM,Onion,,Salad,Soup & Salad,,2.99,0.00,2.99,1.0,0.30000000,false
44,4/19/26 8:56 PM,Butter Milk,,Lassi & Tea,Beverage,NA Beverage,3.99,0.00,3.99,1.0,0.40000000,false
44,4/19/26 8:56 PM,Butter Milk,,Lassi & Tea,Beverage,NA Beverage,3.99,0.00,3.99,1.0,0.40000000,false
44,4/19/26 8:56 PM,Mango Lassi,,Lassi & Tea,Beverage,NA Beverage,4.99,0.00,4.99,1.0,0.50000000,false
44,4/19/26 8:57 PM,Kulfi,,Cold,Desserts,Desserts,3.99,0.00,3.99,1.0,0.40000000,false
49,4/19/26 8:59 PM,Coke,,Soda & Water,Beverage,NA Beverage,1.99,0.00,1.99,1.0,0.20000000,false
49,4/19/26 9:00 PM,Chicken Biryani,,Nonveg,Biryani,Biryani,16.99,0.00,16.99,1.0,1.70000000,false
49,4/19/26 9:00 PM,Tandoori Chicken Masala,,Non-Veg Curries,Entrée,Food,15.99,0.00,15.99,1.0,1.60000000,false
49,4/19/26 9:00 PM,Garlic Naan,,Naan,Bread,Food,4.99,0.00,4.99,1.0,0.50000000,false
1,4/20/26 12:25 PM,Garlic Naan,,Naan,Bread,Food,4.99,0.00,4.99,1.0,0.50000000,false
1,4/20/26 12:25 PM,Kadhai,,Kadhai,Entrée,Food,15.99,0.00,15.99,1.0,1.60000000,false
1,4/20/26 12:25 PM,Lamb,,KORMA,Entrée,Food,18.99,0.00,18.99,1.0,1.90000000,false
1,4/20/26 12:25 PM,Garlic Naan,,Naan,Bread,Food,4.99,0.00,4.99,1.0,0.50000000,false
2,4/20/26 12:39 PM,Samosa,,Chaat,Appetizer,Appetizer,8.99,0.00,8.99,1.0,0.90000000,false
2,4/20/26 12:39 PM,Mix Veg Pakora,,Mix Veg Pakora,Appetizer,Appetizer,7.99,0.00,7.99,1.0,0.80000000,false
2,4/20/26 12:39 PM,Chicken Tikka Masala,,Tikka Masala Curry,Entrée,Food,15.99,0.00,15.99,1.0,1.60000000,false
2,4/20/26 12:39 PM,Garlic Naan,,Naan,Bread,Food,4.99,0.00,4.99,1.0,0.50000000,false
2,4/20/26 12:39 PM,Butter Chicken,,Non-Veg Curries,Entrée,Food,15.99,0.00,15.99,1.0,1.60000000,false
2,4/20/26 12:39 PM,Garlic Naan,,Naan,Bread,Food,4.99,0.00,4.99,1.0,0.50000000,false
51,4/20/26 12:59 PM,Aloo Tikki,,Chaat,Appetizer,Appetizer,8.99,0.00,8.99,1.0,0.90000000,false
51,4/20/26 12:59 PM,Butter Chicken,,Non-Veg Curries,Entrée,Food,15.99,0.00,15.99,1.0,1.60000000,false
51,4/20/26 12:59 PM,Garlic Naan,,Naan,Bread,Food,4.99,0.00,4.99,1.0,0.50000000,false
51,4/20/26 12:59 PM,Fried Rice,,Entrees,Indo-Chines,,12.99,0.00,12.99,1.0,1.30000000,false
3,4/20/26 1:04 PM,Butter Chicken,,Non-Veg Curries,Entrée,Food,15.99,0.00,15.99,1.0,1.60000000,false
3,4/20/26 1:04 PM,Garlic Naan,,Naan,Bread,Food,4.99,0.00,4.99,1.0,0.50000000,false
5,4/20/26 5:04 PM,Chili Garlic Naan,,Naan,Bread,Food,6.59,0.00,6.59,1.0,0.66000000,false
5,4/20/26 5:04 PM,Plain Naan,,Naan,Bread,Food,8.78,0.00,8.78,2.0,0.88000000,false
5,4/20/26 5:04 PM,Butter Chicken,,Non-Veg Curries,Entrée,Food,17.59,0.00,17.59,1.0,1.76000000,false
7,4/20/26 5:50 PM,Chicken Biryani,,Nonveg,Biryani,Biryani,18.69,0.00,18.69,1.0,1.86000000,false
7,4/20/26 5:50 PM,Chicken Sheekh Kabab,,Sheekh Kabab,Appetizer,Appetizer,15.39,0.00,15.39,1.0,1.54000000,false
6,4/20/26 5:32 PM,Chicken 65 Biryani,,Nonveg,Biryani,Biryani,18.69,0.00,18.69,1.0,1.40000000,false
6,4/20/26 5:32 PM,Lamb Samosa,,Samosa,Appetizer,Appetizer,10.99,0.00,10.99,1.0,0.82000000,false
9,4/20/26 6:17 PM,Veg Platter,,Platter,Appetizer,Appetizer,21.99,0.00,21.99,1.0,2.00000000,false
9,4/20/26 6:17 PM,Gajar Halwa,,Hot,Desserts,Desserts,6.59,0.00,6.59,1.0,0.59000000,false
8,4/20/26 6:12 PM,Chicken 65,,65,Appetizer,Appetizer,12.99,0.00,12.99,1.0,1.30000000,false
8,4/20/26 6:12 PM,Papad,,Papad,Appetizer,Appetizer,3.99,0.00,3.99,1.0,0.40000000,false
8,4/20/26 6:12 PM,Papad,,Papad,Appetizer,Appetizer,3.99,0.00,3.99,1.0,0.40000000,false
8,4/20/26 6:12 PM,Mulligatawny Soup,,Soup,Soup & Salad,,6.99,0.00,6.99,1.0,0.70000000,false
8,4/20/26 6:29 PM,6 Pieces,Tandoori Chicken Wings,Tandoori,Appetizer,Appetizer,12.99,0.00,12.99,1.0,1.30000000,false
8,4/20/26 6:29 PM,Cheese Naan,,Naan,Bread,Food,5.99,0.00,5.99,1.0,0.60000000,false
8,4/20/26 6:29 PM,Tandoori Chicken Masala,,Non-Veg Curries,Entrée,Food,15.99,0.00,15.99,1.0,1.60000000,false
8,4/20/26 6:29 PM,Plain Naan,,Naan,Bread,Food,3.99,0.00,3.99,1.0,0.40000000,false
10,4/20/26 6:32 PM,Chili Paneer,,Appetizer,Indo-Chines,,12.99,0.00,12.99,1.0,1.30000000,false
10,4/20/26 6:32 PM,Chili Paneer,,Appetizer,Indo-Chines,,12.99,0.00,12.99,1.0,1.30000000,false
10,4/20/26 6:32 PM,Masala Papad,,Papad,Appetizer,Appetizer,6.99,0.00,6.99,1.0,0.70000000,false
10,4/20/26 6:32 PM,Bullet Naan,,Naan,Bread,Food,4.99,0.00,4.99,1.0,0.50000000,false
10,4/20/26 6:32 PM,Amul cheese butter masala,,Veg Curries,Entrée,Food,18.99,0.00,18.99,1.0,1.90000000,false
10,4/20/26 6:32 PM,Dal Tadka,Vegan,Veg Curries,Entrée,Food,12.99,0.00,12.99,1.0,1.30000000,false
10,4/20/26 6:32 PM,Butter Naan,,Naan,Bread,Food,3.99,0.00,3.99,1.0,0.40000000,false
10,4/20/26 6:32 PM,Plain Naan,,Naan,Bread,Food,3.99,0.00,3.99,1.0,0.40000000,false
10,4/20/26 6:32 PM,Butter Naan,,Naan,Bread,Food,3.99,0.00,3.99,1.0,0.40000000,false
10,4/20/26 6:32 PM,Malai Kofta,,Veg Curries,Entrée,Food,13.99,0.00,13.99,1.0,1.40000000,false
11,4/20/26 7:10 PM,Butter Chicken,,Non-Veg Curries,Entrée,Food,17.59,0.00,17.59,1.0,1.76000000,false
11,4/20/26 7:10 PM,Garlic Naan,,Naan,Bread,Food,5.49,0.00,5.49,1.0,0.55000000,false
8,4/20/26 6:43 PM,Mango Lassi,,Lassi & Tea,Beverage,NA Beverage,4.99,0.00,4.99,1.0,0.50000000,false
12,4/20/26 7:26 PM,Veg Samosa,,Samosa,Appetizer,Appetizer,6.59,0.00,6.59,1.0,0.66000000,false
12,4/20/26 7:26 PM,Kachumber Salad,,Salad,Soup & Salad,,7.69,0.00,7.69,1.0,0.76000000,false
12,4/20/26 7:26 PM,Aloo Tikki,,Chaat,Appetizer,Appetizer,9.89,0.00,9.89,1.0,0.99000000,false
13,4/20/26 7:42 PM,Fried Rice,,Entrees,Indo-Chines,,14.99,0.00,14.99,1.0,1.50000000,false
13,4/20/26 7:42 PM,Fried Rice,,Entrees,Indo-Chines,,12.99,0.00,12.99,1.0,1.30000000,false
14,4/20/26 9:04 PM,Masala Papad,,Papad,Appetizer,Appetizer,6.99,0.00,6.99,1.0,0.70000000,false
14,4/20/26 9:04 PM,Aloo Gobi Matar,Vegan,Veg Curries,Entrée,Food,12.99,0.00,12.99,1.0,1.30000000,false
14,4/20/26 9:04 PM,Okra Masala,Vegan,Veg Curries,Entrée,Food,13.99,0.00,13.99,1.0,1.40000000,false
14,4/20/26 9:04 PM,Garlic Naan,,Naan,Bread,Food,4.99,0.00,4.99,1.0,0.50000000,false
14,4/20/26 9:04 PM,Garlic Naan,,Naan,Bread,Food,4.99,0.00,4.99,1.0,0.50000000,false
14,4/20/26 9:04 PM,Chili Garlic Naan,,Naan,Bread,Food,5.99,0.00,5.99,1.0,0.60000000,false
14,4/20/26 9:04 PM,Chicken Tikka Masala,,Tikka Masala Curry,Entrée,Food,15.99,0.00,15.99,1.0,1.60000000,false
14,4/20/26 9:06 PM,Bottle Water,,Soda & Water,Beverage,NA Beverage,0.99,0.00,0.99,1.0,0.10000000,false
14,4/20/26 9:06 PM,Bottle Water,,Soda & Water,Beverage,NA Beverage,0.99,0.00,0.99,1.0,0.10000000,false
14,4/20/26 9:06 PM,Corona Extra,,Beer,Beverage,NA Beverage,5.99,0.00,5.99,1.0,0.60000000,false
14,4/20/26 9:06 PM,Mango Lassi,,Lassi & Tea,Beverage,NA Beverage,4.99,0.00,4.99,1.0,0.50000000,false
15,4/20/26 9:11 PM,Channa Masala,Vegan,Veg Curries,Entrée,Food,12.99,0.00,12.99,1.0,1.30000000,false
15,4/20/26 9:11 PM,Chapati,,,,Food,9.98,0.00,9.98,2.0,0E-8,false
15,4/20/26 9:11 PM,Butter Tandoori Roti,,Roti,Bread,Food,7.98,0.00,7.98,2.0,0.80000000,false
15,4/20/26 9:11 PM,Onion and Chili,,Sides,Sides,Sides,2.99,0.00,2.99,1.0,0.30000000,false
15,4/20/26 9:21 PM,Gulabjamun,,Hot,Desserts,Desserts,4.99,0.00,4.99,1.0,0.50000000,false
14,4/20/26 9:21 PM,Chicken Tikka Masala,,Tikka Masala Curry,Entrée,Food,15.99,0.00,15.99,1.0,1.60000000,false
14,4/20/26 9:21 PM,Corona Extra,,Beer,Beverage,NA Beverage,5.99,0.00,5.99,1.0,0.60000000,false
16,4/20/26 9:24 PM,Chicken Tikka Masala,,Tikka Masala Curry,Entrée,Food,15.99,4.00,11.99,1.0,1.20000000,false
16,4/20/26 9:24 PM,Garlic Naan,,Naan,Bread,Food,4.99,1.25,3.74,1.0,0.37000000,false
15,4/20/26 9:50 PM,Mango Lassi,,Lassi & Tea,Beverage,NA Beverage,4.99,0.00,4.99,1.0,0.50000000,false
15,4/20/26 9:50 PM,Mango Lassi,,Lassi & Tea,Beverage,NA Beverage,4.99,0.00,4.99,1.0,0.50000000,false
1,4/22/26 11:01 AM,Butter Chicken,,Non-Veg Curries,Entrée,Food,17.59,0.00,17.59,1.0,1.32000000,false
2,4/22/26 11:37 AM,Appetizer Sampler,,Platter,Appetizer,Appetizer,19.99,0.00,19.99,1.0,2.00000000,false
2,4/22/26 11:37 AM,Kadhai,,Kadhai,Entrée,Food,18.99,0.00,18.99,1.0,1.90000000,false
2,4/22/26 11:37 AM,Garlic Naan,,Naan,Bread,Food,4.99,0.00,4.99,1.0,0.50000000,false
3,4/22/26 11:58 AM,Chutney,,Sides,Sides,Sides,4.39,0.00,4.39,1.0,0.44000000,false
3,4/22/26 11:58 AM,Papad,,Papad,Appetizer,Appetizer,4.39,0.00,4.39,1.0,0.44000000,false
3,4/22/26 11:58 AM,Garlic Naan,,Naan,Bread,Food,5.49,0.00,5.49,1.0,0.55000000,false
3,4/22/26 11:58 AM,Chicken Tikka Masala,,Tikka Masala Curry,Entrée,Food,17.59,0.00,17.59,1.0,1.76000000,false
4,4/22/26 12:26 PM,Paneer Tikka Masala,,Tikka Masala Curry,Entrée,Food,15.99,0.00,15.99,1.0,1.60000000,false
4,4/22/26 12:26 PM,Garlic Naan,,Naan,Bread,Food,4.99,0.00,4.99,1.0,0.50000000,false
4,4/22/26 12:26 PM,Vindaloo Curry,,Vindaloo,Entrée,Food,29.99,0.00,29.99,1.0,3.00000000,false
4,4/22/26 12:26 PM,Butter Naan,,Naan,Bread,Food,3.99,0.00,3.99,1.0,0.40000000,false
7,4/22/26 1:22 PM,Paneer Kathi Roll,,Kathi Roll,Appetizer,Appetizer,13.19,0.00,13.19,1.0,1.31000000,false
8,4/22/26 1:31 PM,Garlic Naan,,Naan,Bread,Food,5.49,0.00,5.49,1.0,0.41000000,false
8,4/22/26 1:31 PM,Aloo Gobi Matar,Vegan,Veg Curries,Entrée,Food,14.29,0.00,14.29,1.0,1.08000000,false
5,4/22/26 1:14 PM,Navratna Shahi Korma,,Veg Curries,Entrée,Food,15.99,0.00,15.99,1.0,1.60000000,false
5,4/22/26 1:14 PM,Garlic Naan,,Naan,Bread,Food,4.99,0.00,4.99,1.0,0.50000000,false
5,4/22/26 1:14 PM,Mango Lassi,,Lassi & Tea,Beverage,NA Beverage,4.99,0.00,4.99,1.0,0.50000000,false
6,4/22/26 1:21 PM,Chicken,,KORMA,Entrée,Food,16.99,0.00,16.99,1.0,1.70000000,false
6,4/22/26 1:21 PM,Garlic Naan,,Naan,Bread,Food,4.99,0.00,4.99,1.0,0.50000000,false
9,4/22/26 1:38 PM,Masala dosa,,Dosa,Bread,Food,13.99,0.00,13.99,1.0,1.40000000,false
9,4/22/26 1:38 PM,Paneer Tikka Masala,,Tikka Masala Curry,Entrée,Food,15.99,0.00,15.99,1.0,1.60000000,false
9,4/22/26 1:38 PM,Butter Naan,,Naan,Bread,Food,3.99,0.00,3.99,1.0,0.40000000,false
9,4/22/26 1:38 PM,Mango Lassi,,Lassi & Tea,Beverage,NA Beverage,4.99,0.00,4.99,1.0,0.50000000,true
9,4/22/26 1:38 PM,Garlic Naan,,Naan,Bread,Food,4.99,0.00,4.99,1.0,0.50000000,false
9,4/22/26 1:38 PM,Mango Lassi,,Lassi & Tea,Beverage,NA Beverage,4.99,0.00,4.99,1.0,0.50000000,false
10,4/22/26 1:44 PM,Chicken Tikka Masala,,Tikka Masala Curry,Entrée,Food,15.99,0.00,15.99,1.0,1.60000000,false
10,4/22/26 1:44 PM,Butter Naan,,Naan,Bread,Food,3.99,0.00,3.99,1.0,0.40000000,false
11,4/22/26 1:59 PM,Chicken Samosa,,Samosa,Appetizer,Appetizer,6.99,0.00,6.99,1.0,0.70000000,false
11,4/22/26 1:59 PM,Coconut Curry,,Coconut,Entrée,Food,15.99,0.00,15.99,1.0,1.60000000,false
11,4/22/26 1:59 PM,Garlic Naan,,Naan,Bread,Food,4.99,0.00,4.99,1.0,0.50000000,false
11,4/22/26 1:59 PM,Mango Lassi,,Lassi & Tea,Beverage,NA Beverage,4.99,0.00,4.99,1.0,0.50000000,false
11,4/22/26 2:11 PM,Mango Lassi,,Lassi & Tea,Beverage,NA Beverage,4.99,0.00,4.99,1.0,0.50000000,false
12,4/22/26 5:10 PM,Paneer bhurji,,Veg Curries,Entrée,Food,33.98,0.00,33.98,2.0,3.40000000,false
13,4/22/26 5:13 PM,Vegetable,,KORMA,Entrée,Food,16.99,0.00,16.99,1.0,1.70000000,false
13,4/22/26 5:13 PM,Okra Masala,Vegan,Veg Curries,Entrée,Food,27.98,0.00,27.98,2.0,2.80000000,false
13,4/22/26 5:13 PM,Saag Plain,,Saag,Entrée,Food,15.99,0.00,15.99,1.0,1.60000000,false
13,4/22/26 5:13 PM,Lamb Curry,,Non-Veg Curries,Entrée,Food,17.99,0.00,17.99,1.0,1.80000000,false
13,4/22/26 5:13 PM,Butter Chicken,,Non-Veg Curries,Entrée,Food,15.99,0.00,15.99,1.0,1.60000000,false
13,4/22/26 5:13 PM,Garlic Naan,,Naan,Bread,Food,14.97,0.00,14.97,3.0,1.50000000,false
14,4/22/26 5:38 PM,Mulligatawny Soup,,Soup,Soup & Salad,,6.59,0.00,6.59,1.0,0.66000000,false
14,4/22/26 5:38 PM,Hara Bhara Kabab,,Others,Appetizer,Appetizer,12.09,0.00,12.09,1.0,1.21000000,false
14,4/22/26 5:38 PM,Garlic Naan,,Naan,Bread,Food,5.49,0.00,5.49,1.0,0.55000000,false
15,4/22/26 5:42 PM,Malai Tikka,Tikka,Tandoori,Appetizer,Appetizer,14.99,0.00,14.99,1.0,1.50000000,false
15,4/22/26 5:42 PM,Samosa Chana Chaat,,,,Food,7.99,0.00,7.99,1.0,0E-8,false
15,4/22/26 5:42 PM,Butter Naan,,Naan,Bread,Food,3.99,0.00,3.99,1.0,0.40000000,false
15,4/22/26 5:42 PM,Garlic Naan,,Naan,Bread,Food,4.99,0.00,4.99,1.0,0.50000000,false
15,4/22/26 5:42 PM,Malai Kofta,,Veg Curries,Entrée,Food,13.99,0.00,13.99,1.0,1.40000000,false
16,4/22/26 5:54 PM,Garlic Naan,,Naan,Bread,Food,5.49,0.00,5.49,1.0,0.38000000,false
16,4/22/26 5:54 PM,Butter Chicken,,Non-Veg Curries,Entrée,Food,17.59,0.00,17.59,1.0,1.23000000,false
18,4/22/26 6:04 PM,Mozzarella Sticks,,Kids,Kids,,7.69,0.00,7.69,1.0,0.58000000,false
18,4/22/26 6:04 PM,Garlic Naan,,Naan,Bread,Food,5.49,0.00,5.49,1.0,0.41000000,false
18,4/22/26 6:04 PM,Chicken Tikka Masala,,Tikka Masala Curry,Entrée,Food,17.59,0.00,17.59,1.0,1.32000000,false
17,4/22/26 6:05 PM,Butter Chicken,,Non-Veg Curries,Entrée,Food,15.99,0.00,14.39,1.0,1.43000000,false
17,4/22/26 6:05 PM,Lamb Biryani,,Nonveg,Biryani,Biryani,18.99,0.00,17.09,1.0,1.71000000,false
17,4/22/26 6:05 PM,Saag Plain,,Saag,Entrée,Food,15.99,0.00,14.39,1.0,1.43000000,false
17,4/22/26 6:05 PM,Butter Naan,,Naan,Bread,Food,7.98,0.00,7.18,2.0,0.71000000,false
17,4/22/26 6:05 PM,Garlic Naan,,Naan,Bread,Food,9.98,0.00,8.99,2.0,0.90000000,false
20,4/22/26 6:27 PM,Samosa,,Chaat,Appetizer,Appetizer,9.89,0.00,9.89,1.0,0.89000000,false
20,4/22/26 6:27 PM,Paneer Kathi Roll,,Kathi Roll,Appetizer,Appetizer,13.19,0.00,13.19,1.0,1.18000000,false
20,4/22/26 6:27 PM,Chicken Kathi Roll,,Kathi Roll,Appetizer,Appetizer,14.29,0.00,14.29,1.0,1.29000000,false
19,4/22/26 6:29 PM,Schezwan Fried Rice,,Entrees,Indo-Chines,,12.99,0.00,12.99,1.0,1.30000000,false
19,4/22/26 6:29 PM,Veg Manchurian,,Appetizer,Indo-Chines,,11.99,0.00,11.99,1.0,1.20000000,false
21,4/22/26 6:43 PM,Aloo Gobi Matar,Vegan,Veg Curries,Entrée,Food,12.99,0.00,12.99,1.0,1.30000000,false
21,4/22/26 6:43 PM,Chicken Curry,,Non-Veg Curries,Entrée,Food,15.99,0.00,15.99,1.0,1.60000000,false
21,4/22/26 6:43 PM,Garlic Naan,,Naan,Bread,Food,9.98,0.00,9.98,2.0,1.00000000,false
22,4/22/26 7:19 PM,Paneer Tikka Masala,,Tikka Masala Curry,Entrée,Food,15.99,0.00,15.99,1.0,1.60000000,false
22,4/22/26 7:19 PM,Garlic Naan,,Naan,Bread,Food,4.99,0.00,4.99,1.0,0.50000000,false
22,4/22/26 7:19 PM,Garlic Naan,,Naan,Bread,Food,4.99,0.00,4.99,1.0,0.50000000,false
22,4/22/26 7:19 PM,Garlic Naan,,Naan,Bread,Food,4.99,0.00,4.99,1.0,0.50000000,false
24,4/22/26 7:42 PM,Mango Lassi,,Lassi & Tea,Beverage,NA Beverage,10.98,0.00,10.98,2.0,1.10000000,false
24,4/22/26 7:42 PM,Chili Garlic Naan,,Naan,Bread,Food,6.59,0.00,6.59,1.0,0.65000000,false
24,4/22/26 7:42 PM,Hot & Sour Soup,,Soup,Soup & Salad,,6.59,0.00,6.59,1.0,0.66000000,false
24,4/22/26 7:42 PM,Sweet Corn Soup,,Soup,Soup & Salad,,6.59,0.00,6.59,1.0,0.66000000,false
24,4/22/26 7:42 PM,Butter Chicken,,Non-Veg Curries,Entrée,Food,17.59,0.00,17.59,1.0,1.76000000,false
24,4/22/26 7:42 PM,Kachumber Salad,,Salad,Soup & Salad,,7.69,0.00,7.69,1.0,0.77000000,false
24,4/22/26 7:42 PM,Honey Chili Potatoes,,Appetizer,Indo-Chines,,13.19,0.00,13.19,1.0,1.32000000,false
22,4/22/26 7:39 PM,Onion,,Salad,Soup & Salad,,2.99,0.00,2.99,1.0,0.30000000,false
23,4/22/26 7:40 PM,Mulligatawny Soup,,Soup,Soup & Salad,,5.99,0.00,5.99,1.0,0.60000000,false
23,4/22/26 7:42 PM,Menage a Trois Red Blend,,Wine,Beverage,NA Beverage,14.00,0.00,14.00,1.0,1.40000000,false
23,4/22/26 7:54 PM,Paneer Tikka Masala,,Tikka Masala Curry,Entrée,Food,15.99,0.00,15.99,1.0,1.60000000,false
23,4/22/26 7:54 PM,Plain Naan,,Naan,Bread,Food,3.99,0.00,3.99,1.0,0.40000000,false
25,4/22/26 8:06 PM,Chicken Biryani,,Nonveg,Biryani,Biryani,16.99,0.00,16.99,1.0,1.70000000,false
25,4/22/26 8:06 PM,Butter Chicken,,Non-Veg Curries,Entrée,Food,15.99,0.00,15.99,1.0,1.60000000,false
25,4/22/26 8:06 PM,Garlic Naan,,Naan,Bread,Food,4.99,0.00,4.99,1.0,0.50000000,false
26,4/22/26 8:27 PM,Butter Chicken,,Non-Veg Curries,Entrée,Food,15.99,0.00,15.99,1.0,1.60000000,false
26,4/22/26 8:27 PM,Garlic Naan,,Naan,Bread,Food,4.99,0.00,4.99,1.0,0.50000000,false
26,4/22/26 8:27 PM,Veg Samosa,,Samosa,Appetizer,Appetizer,5.99,0.00,5.99,1.0,0.60000000,false
23,4/22/26 8:41 PM,Masala Chai,,Lassi & Tea,Beverage,NA Beverage,3.99,0.00,3.99,1.0,0.40000000,false
23,4/22/26 8:42 PM,Menage a Trois Red Blend,,Wine,Beverage,NA Beverage,14.00,0.00,14.00,1.0,1.40000000,false
27,4/22/26 9:26 PM,Kadhai,,Kadhai,Entrée,Food,15.99,0.00,14.39,1.0,1.43000000,false
27,4/22/26 9:26 PM,Hakka Noodles,,Entrees,Indo-Chines,,12.99,0.00,11.69,1.0,1.17000000,false
27,4/22/26 9:26 PM,Butter Chicken,,Non-Veg Curries,Entrée,Food,15.99,0.00,14.39,1.0,1.43000000,false
27,4/22/26 9:26 PM,Chili Chicken,,Appetizer,Indo-Chines,,12.99,0.00,11.69,1.0,1.17000000,false
27,4/22/26 9:26 PM,Garlic Naan,,Naan,Bread,Food,14.97,0.00,13.48,3.0,1.34000000,false
1,4/23/26 11:08 AM,Full Chicken Tandoori,,Tandoori,Appetizer,Appetizer,20.89,0.00,20.89,1.0,2.09000000,false
2,4/23/26 11:20 AM,Veg Samosa,,Samosa,Appetizer,Appetizer,5.99,0.00,5.99,1.0,0.60000000,false
2,4/23/26 11:20 AM,Paneer Tikka,Tikka,Others,Appetizer,Appetizer,14.99,0.00,14.99,1.0,1.50000000,false
2,4/23/26 11:20 AM,Spring Roll,,Others,Appetizer,Appetizer,5.99,0.00,5.99,1.0,0.60000000,false
2,4/23/26 11:20 AM,Mix Veg Pakora,,Mix Veg Pakora,Appetizer,Appetizer,7.99,0.00,7.99,1.0,0.80000000,false
2,4/23/26 11:20 AM,Mulligatawny Soup,,Soup,Soup & Salad,,6.99,0.00,6.99,1.0,0.70000000,false
2,4/23/26 11:21 AM,Fried Rice,,Entrees,Indo-Chines,,15.99,0.00,15.99,1.0,1.60000000,false
2,4/23/26 11:21 AM,Garlic Naan,,Naan,Bread,Food,4.99,0.00,4.99,1.0,0.50000000,false
4,4/23/26 11:25 AM,Shrimp Kathi Roll,,Kathi Roll,Appetizer,Appetizer,14.29,0.00,14.29,1.0,1.43000000,false
4,4/23/26 11:25 AM,Garlic Naan,,Naan,Bread,Food,5.49,0.00,5.49,1.0,0.55000000,false
4,4/23/26 11:25 AM,Butter Chicken,,Non-Veg Curries,Entrée,Food,17.59,0.00,17.59,1.0,1.76000000,false
3,4/23/26 11:30 AM,Butter Chicken,,Non-Veg Curries,Entrée,Food,15.99,0.00,15.99,1.0,1.60000000,false
3,4/23/26 11:30 AM,Garlic Naan,,Naan,Bread,Food,4.99,0.00,4.99,1.0,0.50000000,false
3,4/23/26 11:30 AM,Lemonade,,Lassi & Tea,Beverage,NA Beverage,2.99,0.00,2.99,1.0,0.30000000,false
3,4/23/26 11:30 AM,Butter Naan,,Naan,Bread,Food,3.99,0.00,3.99,1.0,0.40000000,false
3,4/23/26 11:30 AM,Chicken Tikka Masala,,Tikka Masala Curry,Entrée,Food,15.99,0.00,15.99,1.0,1.60000000,false
3,4/23/26 11:30 AM,Chicken Tikka Masala,,Tikka Masala Curry,Entrée,Food,15.99,0.00,15.99,1.0,1.60000000,false
3,4/23/26 11:30 AM,Butter Naan,,Naan,Bread,Food,3.99,0.00,3.99,1.0,0.40000000,false
3,4/23/26 11:30 AM,Chicken Biryani,,Nonveg,Biryani,Biryani,16.99,0.00,16.99,1.0,1.70000000,false
3,4/23/26 11:30 AM,Appetizer Sampler,,Platter,Appetizer,Appetizer,19.99,0.00,19.99,1.0,2.00000000,false
3,4/23/26 11:30 AM,Mulligatawny Soup,,Soup,Soup & Salad,,7.99,0.00,7.99,1.0,0.80000000,false
3,4/23/26 11:30 AM,Chicken Biryani,,Nonveg,Biryani,Biryani,16.99,0.00,16.99,1.0,1.70000000,false
3,4/23/26 11:30 AM,Butter Chicken,,Non-Veg Curries,Entrée,Food,15.99,0.00,15.99,1.0,1.60000000,false
3,4/23/26 11:30 AM,Butter Naan,,Naan,Bread,Food,3.99,0.00,3.99,1.0,0.40000000,false
5,4/23/26 11:45 AM,Butter Chicken,,Non-Veg Curries,Entrée,Food,15.99,0.00,15.99,1.0,1.60000000,false
5,4/23/26 11:45 AM,Butter Naan,,Naan,Bread,Food,3.99,0.00,3.99,1.0,0.40000000,false
6,4/23/26 11:53 AM,Okra Masala,Vegan,Veg Curries,Entrée,Food,13.99,0.00,13.99,1.0,1.40000000,false
6,4/23/26 11:53 AM,Mushroom Salt n Pepper,,Mushroom Salt n Pepper,Appetizer,Appetizer,10.99,0.00,10.99,1.0,1.10000000,false
6,4/23/26 11:53 AM,Mango Lassi,,Lassi & Tea,Beverage,NA Beverage,4.99,0.00,4.99,1.0,0.50000000,false
7,4/23/26 12:07 PM,Chicken Tikka Masala,,Tikka Masala Curry,Entrée,Food,15.99,0.00,15.99,1.0,1.60000000,false
7,4/23/26 12:07 PM,Tandoori Chicken Masala,,Non-Veg Curries,Entrée,Food,15.99,0.00,15.99,1.0,1.60000000,false
7,4/23/26 12:07 PM,Garlic Naan,,Naan,Bread,Food,4.99,0.00,4.99,1.0,0.50000000,false
7,4/23/26 12:07 PM,Cheese Naan,,Naan,Bread,Food,5.99,0.00,5.99,1.0,0.60000000,false
8,4/23/26 12:23 PM,Chicken Tikka Masala,,Tikka Masala Curry,Entrée,Food,15.99,0.00,15.99,1.0,1.60000000,false
8,4/23/26 12:23 PM,Cheese Naan,,Naan,Bread,Food,5.99,0.00,5.99,1.0,0.60000000,false
8,4/23/26 12:23 PM,Cheese Naan,,Naan,Bread,Food,5.99,0.00,5.99,1.0,0.60000000,false
8,4/23/26 12:23 PM,Chicken Tikka Masala,,Tikka Masala Curry,Entrée,Food,15.99,0.00,15.99,1.0,1.60000000,false
10,4/23/26 12:39 PM,Vindaloo Curry,,Vindaloo,Entrée,Food,31.98,0.00,31.98,2.0,3.20000000,false
10,4/23/26 12:39 PM,Garlic Naan,,Naan,Bread,Food,9.98,0.00,9.98,2.0,1.00000000,false
12,4/23/26 12:51 PM,Chicken Biryani,,Nonveg Biryani,Owner / Otter Menu,Appetizer,16.99,0.00,16.99,1.0,1.70000000,false
12,4/23/26 12:51 PM,Diet Coke,,Soda & Water,Owner / Otter Menu,Appetizer,1.99,0.00,1.99,1.0,0.20000000,false
10,4/23/26 12:47 PM,Sweet Tea,,Lassi & Tea,Beverage,NA Beverage,2.99,0.00,2.99,1.0,0.30000000,false
13,4/23/26 1:14 PM,Mulligatawny Soup,,Soup,Soup & Salad,,5.99,0.00,5.99,1.0,0.60000000,false
13,4/23/26 1:14 PM,Masala Papad,,Papad,Appetizer,Appetizer,6.99,0.00,6.99,1.0,0.70000000,false
14,4/23/26 1:23 PM,6 Pieces,Tandoori Chicken Wings,Tandoori,Appetizer,Appetizer,12.99,0.00,12.99,1.0,1.30000000,false
14,4/23/26 1:23 PM,Lamb Curry,,Non-Veg Curries,Entrée,Food,17.99,0.00,17.99,1.0,1.80000000,false
14,4/23/26 1:23 PM,Garlic Naan,,Naan,Bread,Food,4.99,0.00,4.99,1.0,0.50000000,false
14,4/23/26 1:23 PM,Cheese Naan,,Naan,Bread,Food,5.99,0.00,5.99,1.0,0.60000000,false
14,4/23/26 1:24 PM,Lamb Curry,,Non-Veg Curries,Entrée,Food,17.99,0.00,17.99,1.0,1.80000000,false
15,4/23/26 2:03 PM,Raita,,Sides,Sides,Sides,5.49,0.00,5.49,1.0,0.55000000,false
15,4/23/26 2:03 PM,Chicken 65 Biryani,,Nonveg,Biryani,Biryani,18.69,0.00,18.69,1.0,1.87000000,false
16,4/23/26 5:04 PM,Hot & Sour Soup,,Soup,Soup & Salad,,11.98,0.00,11.98,2.0,1.20000000,false
16,4/23/26 5:04 PM,Mulligatawny Soup,,Soup,Soup & Salad,,11.98,0.00,11.98,2.0,1.20000000,false
16,4/23/26 5:04 PM,Garlic Naan,,Naan,Bread,Food,9.98,0.00,9.98,2.0,1.00000000,false
17,4/23/26 5:20 PM,Rogan Josh,,Non-Veg Curries,Entrée,Food,21.99,0.00,21.99,1.0,1.69000000,false
17,4/23/26 5:20 PM,Veg Samosa,,Samosa,Appetizer,Appetizer,6.59,0.00,6.59,1.0,0.50000000,false
17,4/23/26 5:20 PM,Garlic Naan,,Naan,Bread,Food,5.49,0.00,5.49,1.0,0.42000000,false
18,4/23/26 5:35 PM,Butter Chicken,,Non-Veg Curries,Entrée,Food,15.99,0.00,15.99,1.0,1.60000000,false
18,4/23/26 5:35 PM,Vindaloo Curry,,Vindaloo,Entrée,Food,15.99,0.00,15.99,1.0,1.60000000,false
18,4/23/26 5:35 PM,Veg Samosa,,Samosa,Appetizer,Appetizer,5.99,0.00,5.99,1.0,0.60000000,false
19,4/23/26 5:38 PM,Chicken 65,,65,Appetizer,Appetizer,12.99,0.00,12.99,1.0,1.30000000,false
20,4/23/26 5:40 PM,Okra Masala,Vegan,Veg Curries,Entrée,Food,13.99,0.00,13.99,1.0,1.40000000,false
20,4/23/26 5:40 PM,Garlic Naan,,Naan,Bread,Food,4.99,0.00,4.99,1.0,0.50000000,false
19,4/23/26 5:50 PM,Tandoori Chicken Masala,,Non-Veg Curries,Entrée,Food,15.99,0.00,15.99,1.0,1.60000000,false
19,4/23/26 5:50 PM,Garlic Naan,,Naan,Bread,Food,4.99,0.00,4.99,1.0,0.50000000,false
19,4/23/26 5:50 PM,Garlic Naan,,Naan,Bread,Food,4.99,0.00,4.99,1.0,0.50000000,false
19,4/23/26 5:50 PM,Saag Chicken-Bone-In,,Saag,Entrée,Food,16.99,0.00,16.99,1.0,1.70000000,false
21,4/23/26 6:06 PM,Schezwan Fried Rice,,Entrees,Indo-Chines,,14.29,0.00,14.29,1.0,1.43000000,false
21,4/23/26 6:06 PM,Saag Lamb,,Saag,Entrée,Food,20.89,0.00,20.89,1.0,2.09000000,false
21,4/23/26 6:06 PM,Garlic Naan,,Naan,Bread,Food,5.49,0.00,5.49,1.0,0.55000000,false
18,4/23/26 6:08 PM,Corona Extra,,Beer,Beverage,NA Beverage,5.99,0.00,5.99,1.0,0.60000000,false
18,4/23/26 6:08 PM,Kim Crawford SB,,Wine,Beverage,NA Beverage,14.00,0.00,14.00,1.0,1.40000000,false
22,4/23/26 6:31 PM,Sweet Corn Soup,,Soup,Owner / Otter Menu,Appetizer,7.99,0.00,7.99,1.0,0.80000000,false
23,4/23/26 6:38 PM,Butter Chicken,,Non-Veg Curries,Entrée,Food,15.99,0.00,15.99,1.0,1.60000000,false
23,4/23/26 6:38 PM,Plain Naan,,Naan,Bread,Food,3.99,0.00,3.99,1.0,0.40000000,false
24,4/23/26 6:41 PM,Chicken Tikka Masala,,Tikka Masala Curry,Entrée,Food,17.59,0.00,17.59,1.0,1.76000000,false
25,4/23/26 6:43 PM,Mango Lassi,,Lassi & Tea,Beverage,NA Beverage,4.99,0.00,4.99,1.0,0.50000000,false
25,4/23/26 6:43 PM,Dal Tadka,Vegan,Veg Curries,Entrée,Food,12.99,0.00,12.99,1.0,1.30000000,false
25,4/23/26 6:43 PM,Butter Tandoori Roti,,Roti,Bread,Food,3.99,0.00,3.99,1.0,0.40000000,false
26,4/23/26 6:51 PM,Chicken Curry,,Non-Veg Curries,Entrée,Food,15.99,0.00,15.99,1.0,1.60000000,false
26,4/23/26 6:51 PM,Garlic Naan,,Naan,Bread,Food,4.99,0.00,4.99,1.0,0.50000000,false
27,4/23/26 7:00 PM,Corona Extra,,Beer,Beverage,NA Beverage,5.99,0.00,5.99,1.0,0.60000000,false
28,4/23/26 7:03 PM,Chicken Tikka Masala,,Tikka Masala Curry,Entrée,Food,15.99,0.00,15.99,1.0,1.60000000,false
28,4/23/26 7:03 PM,Garlic Naan,,Naan,Bread,Food,4.99,0.00,4.99,1.0,0.50000000,false
28,4/23/26 7:03 PM,Malai Tikka,Tikka,Tandoori,Appetizer,Appetizer,14.99,0.00,14.99,1.0,1.50000000,false
28,4/23/26 7:03 PM,Paratha,,Others,Bread,Food,5.99,0.00,5.99,1.0,0.60000000,false
29,4/23/26 7:51 PM,Kebab Platter,,Platter,Appetizer,Appetizer,28.99,0.00,28.99,1.0,2.90000000,false
29,4/23/26 7:51 PM,House Garden Salad,,Salad,Soup & Salad,,6.99,0.00,6.99,1.0,0.70000000,false
30,4/23/26 7:54 PM,Chicken Tikka Masala,,Tikka Masala Curry,Entrée,Food,15.99,0.00,15.99,1.0,1.60000000,false
30,4/23/26 7:54 PM,Butter Chicken,,Non-Veg Curries,Entrée,Food,15.99,0.00,15.99,1.0,1.60000000,false
30,4/23/26 7:54 PM,Garlic Naan,,Naan,Bread,Food,4.99,0.00,4.99,1.0,0.50000000,false
30,4/23/26 7:54 PM,Cheese Naan,,Naan,Bread,Food,5.99,0.00,5.99,1.0,0.60000000,false
31,4/23/26 8:00 PM,Lamb Biryani,,Nonveg,Biryani,Biryani,20.89,0.00,20.89,1.0,2.09000000,false
31,4/23/26 8:00 PM,Chicken Tikka Masala,,Tikka Masala Curry,Entrée,Food,17.59,0.00,17.59,1.0,1.75000000,false
31,4/23/26 8:00 PM,Garlic Naan,,Naan,Bread,Food,5.49,0.00,5.49,1.0,0.55000000,false
31,4/23/26 8:00 PM,Veg Samosa,,Samosa,Appetizer,Appetizer,6.59,0.00,6.59,1.0,0.66000000,false
32,4/23/26 8:03 PM,Chicken Curry,,Non-Veg Curries,Entrée,Food,15.99,0.00,15.99,1.0,1.60000000,false
29,4/23/26 8:06 PM,Goat Biryani,,Nonveg,Biryani,Biryani,18.99,0.00,18.99,1.0,1.90000000,false
29,4/23/26 8:06 PM,Butter Chicken,,Non-Veg Curries,Entrée,Food,15.99,0.00,15.99,1.0,1.60000000,false
29,4/23/26 8:06 PM,Chicken,,KORMA,Entrée,Food,16.99,0.00,16.99,1.0,1.70000000,false
29,4/23/26 8:06 PM,Garlic Naan,,Naan,Bread,Food,14.97,0.00,14.97,3.0,1.50000000,false
34,4/23/26 8:14 PM,Salmon Tandoori,,Tandoori,Appetizer,Appetizer,18.99,0.00,18.99,1.0,1.90000000,false
34,4/23/26 8:14 PM,Butter Naan,,Naan,Bread,Food,3.99,0.00,3.99,1.0,0.40000000,false
34,4/23/26 8:14 PM,Butter Naan,,Naan,Bread,Food,3.99,0.00,3.99,1.0,0.40000000,false
34,4/23/26 8:14 PM,Garlic Naan,,Naan,Bread,Food,4.99,0.00,4.99,1.0,0.50000000,false
34,4/23/26 8:14 PM,Samosa Chana Chaat,,,,Food,7.99,0.00,7.99,1.0,0E-8,false
34,4/23/26 8:16 PM,Bottle Water,,Soda & Water,Beverage,NA Beverage,0.99,0.00,0.99,1.0,0.10000000,false
34,4/23/26 8:16 PM,Bottle Water,,Soda & Water,Beverage,NA Beverage,0.99,0.00,0.99,1.0,0.10000000,false
29,4/23/26 8:55 PM,Sweet Tea,,Lassi & Tea,Beverage,NA Beverage,2.99,0.00,2.99,1.0,0.30000000,false
29,4/23/26 8:55 PM,Sweet Tea,,Lassi & Tea,Beverage,NA Beverage,2.99,0.00,2.99,1.0,0.30000000,false
29,4/23/26 8:55 PM,Heineken 0.0,,Non Alcoholic,Beverage,NA Beverage,5.99,0.00,5.99,1.0,0.60000000,false
1,4/24/26 11:18 AM,Fish Tikka Masala,,Tikka Masala Curry,Entrée,Food,17.99,0.00,17.99,1.0,1.80000000,false
1,4/24/26 11:18 AM,Butter Naan,,Naan,Bread,Food,3.99,0.00,3.99,1.0,0.40000000,false
1,4/24/26 11:18 AM,Garlic Naan,,Naan,Bread,Food,9.98,0.00,9.98,2.0,1.00000000,false
1,4/24/26 11:18 AM,Cheese Masala Dosa,,Dosa,Bread,Food,13.99,0.00,13.99,1.0,1.40000000,false
1,4/24/26 11:18 AM,Rice,,,,Food,5.99,0.00,5.99,1.0,0E-8,false
1,4/24/26 11:18 AM,Paneer 65,,65,Appetizer,Appetizer,12.99,0.00,12.99,1.0,1.30000000,false
2,4/24/26 12:02 PM,Rogan Josh,,Non-Veg Curries,Entrée,Food,21.99,0.00,21.99,1.0,2.20000000,false
2,4/24/26 12:02 PM,Garlic Naan,,Naan,Bread,Food,5.49,0.00,5.49,1.0,0.55000000,false
3,4/24/26 12:19 PM,Chicken Tikka Masala,,Tikka Masala Curry,Entrée,Food,15.99,0.00,15.99,1.0,1.60000000,false
3,4/24/26 12:19 PM,Garlic Naan,,Naan,Bread,Food,4.99,0.00,4.99,1.0,0.50000000,false
4,4/24/26 12:27 PM,Garlic Naan,,Naan,Bread,Food,9.98,0.00,9.98,2.0,1.00000000,false
4,4/24/26 12:27 PM,Chicken Tikka Masala,,Tikka Masala Curry,Entrée,Food,15.99,0.00,15.99,1.0,1.60000000,false
4,4/24/26 12:27 PM,Lamb Tikka Masala,,Tikka Masala Curry,Entrée,Food,18.99,0.00,18.99,1.0,1.90000000,false
5,4/24/26 12:48 PM,Chicken Tikka Masala,,Tikka Masala Curry,Entrée,Food,15.99,0.00,15.99,1.0,1.60000000,true
3,4/24/26 12:49 PM,Dr pepper,,Soda & Water,Beverage,NA Beverage,1.99,0.00,1.99,1.0,0.20000000,false
6,4/24/26 12:55 PM,Saag Chicken-Bone Less,,Saag,Entrée,Food,16.99,0.00,16.99,1.0,1.70000000,false
6,4/24/26 12:55 PM,Vindaloo Curry,,Vindaloo,Entrée,Food,18.99,0.00,18.99,1.0,1.90000000,false
6,4/24/26 12:55 PM,Cheese Naan,,Naan,Bread,Food,5.99,0.00,5.99,1.0,0.60000000,false
7,4/24/26 1:11 PM,Dal Makhani,,Veg Curries,Entrée,Food,14.99,0.00,14.99,1.0,1.50000000,false
7,4/24/26 1:11 PM,Garlic Naan,,Naan,Bread,Food,4.99,0.00,4.99,1.0,0.50000000,false
7,4/24/26 1:11 PM,Mango Lassi,,Lassi & Tea,Beverage,NA Beverage,4.99,0.00,4.99,1.0,0.50000000,false
8,4/24/26 1:20 PM,Half Chicken Tandoori,,Tandoori,Appetizer,Appetizer,12.99,0.00,12.99,1.0,1.30000000,false
8,4/24/26 1:20 PM,Garlic Naan,,Naan,Bread,Food,4.99,0.00,4.99,1.0,0.50000000,false
8,4/24/26 1:20 PM,Highway Chicken,,Non-Veg Curries,Entrée,Food,15.99,0.00,15.99,1.0,1.60000000,false
10,4/24/26 1:51 PM,Coconut Curry,,Coconut,Entrée,Food,15.99,0.00,15.99,1.0,1.60000000,false
10,4/24/26 1:51 PM,Shrimp,,KORMA,Entrée,Food,23.98,0.00,23.98,1.0,2.40000000,false
10,4/24/26 1:51 PM,Butter Naan,,Naan,Bread,Food,3.99,0.00,3.99,1.0,0.40000000,false
10,4/24/26 1:51 PM,Goat Curry,,Non-Veg Curries,Entrée,Food,18.99,0.00,18.99,1.0,1.90000000,false
10,4/24/26 1:51 PM,Garlic Naan,,Naan,Bread,Food,4.99,0.00,4.99,1.0,0.50000000,false
10,4/24/26 1:52 PM,Cheese Naan,,Naan,Bread,Food,5.99,0.00,5.99,1.0,0.60000000,false
12,4/24/26 5:19 PM,Chicken Tikka Masala,,Tikka Masala Curry,Entrée,Food,15.99,0.00,15.99,1.0,1.60000000,false
12,4/24/26 5:19 PM,Channa Masala,Vegan,Veg Curries,Entrée,Food,12.99,0.00,12.99,1.0,1.30000000,false
12,4/24/26 5:19 PM,Saag Paneer,,Saag,Entrée,Food,16.99,0.00,16.99,1.0,1.70000000,false
12,4/24/26 5:19 PM,Maysur Masala Dosa,,Dosa,Bread,Food,13.99,0.00,13.99,1.0,1.40000000,false
12,4/24/26 5:19 PM,Garlic Naan,,Naan,Bread,Food,4.99,0.00,4.99,1.0,0.50000000,false
12,4/24/26 5:51 PM,Garlic Naan,,Naan,Bread,Food,4.99,0.00,4.99,1.0,0.50000000,false
12,4/24/26 6:03 PM,Sweet Tea,,Lassi & Tea,Beverage,NA Beverage,2.99,0.00,2.99,1.0,0.30000000,false
13,4/24/26 6:17 PM,Garlic Naan,,Naan,Bread,Food,10.98,0.00,10.98,2.0,0.94000000,false
13,4/24/26 6:17 PM,Chicken Tikka Masala,,Tikka Masala Curry,Entrée,Food,17.59,0.00,17.59,1.0,1.49000000,false
13,4/24/26 6:17 PM,Chicken Tikka Masala,,Tikka Masala Curry,Entrée,Food,17.59,0.00,17.59,1.0,1.49000000,false
14,4/24/26 6:25 PM,Paneer Tikka Masala,,Tikka Masala Curry,Entrée,Food,17.59,0.00,17.59,1.0,1.75000000,false
14,4/24/26 6:25 PM,Chicken Tikka Masala,,Tikka Masala Curry,Entrée,Food,17.59,0.00,17.59,1.0,1.76000000,false
14,4/24/26 6:25 PM,Garlic Naan,,Naan,Bread,Food,5.49,0.00,5.49,1.0,0.55000000,false
15,4/24/26 6:52 PM,Vindaloo Curry,,Vindaloo,Entrée,Food,15.99,0.00,15.99,1.0,1.60000000,false
15,4/24/26 6:52 PM,Chili Garlic Naan,,Naan,Bread,Food,5.99,0.00,5.99,1.0,0.60000000,false
16,4/24/26 7:00 PM,Chicken Tikka Masala,,Tikka Masala Curry,Entrée,Food,15.99,0.00,15.99,1.0,1.60000000,false
16,4/24/26 7:00 PM,Butter Naan,,Naan,Bread,Food,3.99,0.00,3.99,1.0,0.40000000,false
16,4/24/26 7:00 PM,Coke,,Soda & Water,Beverage,NA Beverage,1.99,0.00,1.99,1.0,0.20000000,false
17,4/24/26 7:02 PM,Paneer 65,,65,Appetizer,Appetizer,12.99,0.00,12.99,1.0,1.30000000,false
17,4/24/26 7:02 PM,Chicken,,KORMA,Entrée,Food,16.99,0.00,16.99,1.0,1.70000000,false
17,4/24/26 7:02 PM,Chicken Tikka Masala,,Tikka Masala Curry,Entrée,Food,15.99,0.00,15.99,1.0,1.60000000,false
17,4/24/26 7:02 PM,Lamb Curry,,Non-Veg Curries,Entrée,Food,17.99,0.00,17.99,1.0,1.80000000,false
17,4/24/26 7:02 PM,Vindaloo Curry,,Vindaloo,Entrée,Food,19.99,0.00,19.99,1.0,2.00000000,false
17,4/24/26 7:02 PM,Garlic Naan,,Naan,Bread,Food,9.98,0.00,9.98,2.0,1.00000000,false
18,4/24/26 7:15 PM,Garlic Naan,,Naan,Bread,Food,10.98,0.00,10.98,2.0,1.10000000,false
18,4/24/26 7:15 PM,Chicken Tikka Masala,,Tikka Masala Curry,Entrée,Food,17.59,0.00,17.59,1.0,1.75000000,false
19,4/24/26 7:18 PM,Saag Chicken-Bone Less,,Saag,Entrée,Food,16.99,0.00,16.99,1.0,1.70000000,false
19,4/24/26 7:18 PM,Garlic Naan,,Naan,Bread,Food,4.99,0.00,4.99,1.0,0.50000000,false
19,4/24/26 7:18 PM,Appetizer Sampler,,Platter,Appetizer,Appetizer,19.99,0.00,19.99,1.0,2.00000000,false
19,4/24/26 7:18 PM,Veg Biryani,,Veg,Biryani,Biryani,16.99,0.00,16.99,1.0,1.70000000,false
20,4/24/26 7:29 PM,Taco,,Taco,Appetizer,Appetizer,13.99,0.00,13.99,1.0,1.40000000,false
20,4/24/26 7:29 PM,Taco,,Taco,Appetizer,Appetizer,15.99,0.00,15.99,1.0,1.60000000,false
20,4/24/26 7:29 PM,Chicken Wings,,,,Food,12.99,0.00,12.99,1.0,0E-8,false
20,4/24/26 7:29 PM,Fried Rice,,Entrees,Indo-Chines,,15.99,0.00,15.99,1.0,1.60000000,false
21,4/24/26 7:37 PM,Chicken,,KORMA,Entrée,Food,16.99,0.00,16.99,1.0,1.70000000,false
21,4/24/26 7:37 PM,Garlic Naan,,Naan,Bread,Food,14.97,0.00,14.97,3.0,1.50000000,false
21,4/24/26 7:37 PM,Samosa Chana Chaat,,,,Food,7.99,0.00,7.99,1.0,0E-8,false
21,4/24/26 7:37 PM,Lamb Curry,,Non-Veg Curries,Entrée,Food,17.99,0.00,17.99,1.0,1.80000000,false
19,4/24/26 7:37 PM,Taj Mahal,,Beer,Beverage,NA Beverage,7.99,0.00,7.99,1.0,0.80000000,false
17,4/24/26 7:38 PM,Diet Coke,,Soda & Water,Beverage,NA Beverage,1.99,0.00,1.99,1.0,0.20000000,false
17,4/24/26 7:38 PM,Budweiser,,Beer,Beverage,NA Beverage,5.99,0.00,5.99,1.0,0.60000000,false
22,4/24/26 7:43 PM,Spring Roll,,Others,Appetizer,Appetizer,5.99,0.00,5.99,1.0,0.60000000,false
22,4/24/26 7:43 PM,Maysur Masala Dosa,,Dosa,Bread,Food,13.99,0.00,13.99,1.0,1.40000000,false
22,4/24/26 7:43 PM,Momos Chicken,,Appetizer,Indo-Chines,,12.99,0.00,12.99,1.0,1.30000000,false
22,4/24/26 7:43 PM,Plain Dosa,,Dosa,Bread,Food,11.99,0.00,11.99,1.0,1.20000000,false
22,4/24/26 7:43 PM,Mango Lassi,,Lassi & Tea,Beverage,NA Beverage,4.99,0.00,4.99,1.0,0.50000000,false
23,4/24/26 8:06 PM,Chicken 65,,65,Appetizer,Appetizer,12.99,0.00,12.99,1.0,1.30000000,false
23,4/24/26 8:06 PM,Mushroom Salt n Pepper,,Mushroom Salt n Pepper,Appetizer,Appetizer,10.99,0.00,10.99,1.0,1.10000000,false
23,4/24/26 8:06 PM,Dr pepper,,Soda & Water,Beverage,NA Beverage,1.99,0.00,1.99,1.0,0.20000000,false
23,4/24/26 8:06 PM,Taj Mahal,,Beer,Beverage,NA Beverage,7.99,0.00,7.99,1.0,0.80000000,false
19,4/24/26 8:13 PM,Sprite,,Soda & Water,Beverage,NA Beverage,1.99,0.00,1.99,1.0,0.20000000,false
23,4/24/26 8:15 PM,Coconut Curry,,Coconut,Entrée,Food,15.99,0.00,15.99,1.0,1.60000000,false
23,4/24/26 8:15 PM,Butter Chicken,,Non-Veg Curries,Entrée,Food,15.99,0.00,15.99,1.0,1.60000000,false
23,4/24/26 8:15 PM,Amul cheese butter masala,,Veg Curries,Entrée,Food,18.99,0.00,18.99,1.0,1.90000000,false
23,4/24/26 8:15 PM,Vindaloo Curry,,Vindaloo,Entrée,Food,18.99,0.00,18.99,1.0,1.90000000,false
23,4/24/26 8:15 PM,Bread Basket,,Others,Bread,Food,14.99,0.00,14.99,1.0,1.50000000,false
21,4/24/26 8:18 PM,Mango Lassi,,Lassi & Tea,Beverage,NA Beverage,14.97,0.00,14.97,3.0,1.50000000,false
20,4/24/26 8:19 PM,Sprite,,Soda & Water,Beverage,NA Beverage,1.99,0.00,1.99,1.0,0.20000000,false
22,4/24/26 8:26 PM,14 Hands Merlot,,Wine,Beverage,NA Beverage,14.00,0.00,14.00,1.0,1.40000000,false
24,4/24/26 8:37 PM,Garlic Naan,,Naan,Bread,Food,10.98,0.00,10.98,2.0,1.10000000,false
24,4/24/26 8:37 PM,Butter Chicken,,Non-Veg Curries,Entrée,Food,17.59,0.00,17.59,1.0,1.75000000,false
22,4/24/26 8:33 PM,Coke,,Soda & Water,Beverage,NA Beverage,1.99,0.00,1.99,1.0,0.20000000,false
25,4/24/26 8:38 PM,Butter Chicken,,Non-Veg Curries,Entrée,Food,15.99,0.00,15.99,1.0,1.60000000,false
25,4/24/26 8:38 PM,Garlic Naan,,Naan,Bread,Food,4.99,0.00,4.99,1.0,0.50000000,false
23,4/24/26 8:38 PM,Mozzarella Sticks,,Kids,Kids,,6.99,0.00,6.99,1.0,0.70000000,false
26,4/24/26 8:47 PM,Coconut Curry,,Coconut,Entrée,Food,15.99,0.00,15.99,1.0,1.60000000,false
26,4/24/26 8:47 PM,Garlic Naan,,Naan,Bread,Food,4.99,0.00,4.99,1.0,0.50000000,false
26,4/24/26 8:51 PM,Adolph Miller,,Wine,Beverage,NA Beverage,14.00,0.00,14.00,1.0,1.40000000,false
23,4/24/26 8:52 PM,Taj Mahal,,Beer,Beverage,NA Beverage,7.99,0.00,7.99,1.0,0.80000000,false
1,4/25/26 11:15 AM,Chicken Biryani,,Nonveg,Biryani,Biryani,16.99,0.00,16.99,1.0,1.70000000,false
1,4/25/26 11:15 AM,Chicken,,KORMA,Entrée,Food,16.99,0.00,16.99,1.0,1.70000000,false
1,4/25/26 11:15 AM,Spring Roll,,Others,Appetizer,Appetizer,5.99,0.00,5.99,1.0,0.60000000,false
1,4/25/26 11:15 AM,Garlic Naan,,Naan,Bread,Food,9.98,0.00,9.98,2.0,1.00000000,false
1,4/25/26 11:15 AM,Chicken,,KORMA,Entrée,Food,16.99,0.00,16.99,1.0,1.70000000,false
2,4/25/26 11:17 AM,Weekend Buffet,,Buffet,Sides,Sides,17.99,0.00,17.99,1.0,1.80000000,false
2,4/25/26 11:24 AM,Weekend Buffet,,Buffet,Sides,Sides,17.99,0.00,17.99,1.0,1.80000000,false
3,4/25/26 12:00 PM,Weekend Buffet,,Buffet,Sides,Sides,17.99,0.00,17.99,1.0,1.80000000,false
3,4/25/26 12:00 PM,Weekend Buffet,,Buffet,Sides,Sides,17.99,0.00,17.99,1.0,1.80000000,false
3,4/25/26 12:00 PM,Garlic Naan,,Naan,Bread,Food,4.99,0.00,4.99,1.0,0.50000000,false
3,4/25/26 12:00 PM,Paneer Tikka Masala,,Tikka Masala Curry,Entrée,Food,15.99,0.00,15.99,1.0,1.60000000,false
3,4/25/26 12:00 PM,Chicken Curry,,Non-Veg Curries,Entrée,Food,15.99,0.00,15.99,1.0,1.60000000,false
11,4/25/26 12:57 PM,Coke,,Soda & Water,Beverage,NA Beverage,4.38,0.00,4.38,2.0,0.44000000,false
11,4/25/26 12:57 PM,Chicken,,KORMA,Entrée,Food,37.38,0.00,37.38,2.0,3.74000000,false
11,4/25/26 12:57 PM,Garlic Naan,,Naan,Bread,Food,16.47,0.00,16.47,3.0,1.65000000,false
11,4/25/26 12:57 PM,Butter Chicken,,Non-Veg Curries,Entrée,Food,17.59,0.00,17.59,1.0,1.76000000,false
4,4/25/26 12:22 PM,Okra Masala,Vegan,Veg Curries,Entrée,Food,13.99,0.00,13.99,1.0,1.40000000,false
4,4/25/26 12:22 PM,Plain Naan,,Naan,Bread,Food,3.99,0.00,3.99,1.0,0.40000000,false
4,4/25/26 12:22 PM,Weekend Buffet,,Buffet,Sides,Sides,17.99,0.00,17.99,1.0,1.80000000,false
5,4/25/26 12:25 PM,Weekend Buffet,,Buffet,Sides,Sides,17.99,0.00,17.99,1.0,1.80000000,false
5,4/25/26 12:25 PM,Weekend Buffet,,Buffet,Sides,Sides,17.99,0.00,17.99,1.0,1.80000000,false
5,4/25/26 12:25 PM,Weekend Buffet,,Buffet,Sides,Sides,17.99,0.00,17.99,1.0,1.80000000,false
5,4/25/26 12:25 PM,Sweet Tea,,Lassi & Tea,Beverage,NA Beverage,2.99,0.00,2.99,1.0,0.30000000,false
6,4/25/26 12:25 PM,Weekend Buffet,,Buffet,Sides,Sides,17.99,0.00,17.99,1.0,1.80000000,false
6,4/25/26 12:25 PM,Weekend Buffet,,Buffet,Sides,Sides,17.99,0.00,17.99,1.0,1.80000000,false
7,4/25/26 12:26 PM,Weekend Buffet,,Buffet,Sides,Sides,17.99,0.00,17.99,1.0,1.80000000,false
7,4/25/26 12:26 PM,Weekend Buffet,,Buffet,Sides,Sides,17.99,0.00,17.99,1.0,1.80000000,false
8,4/25/26 12:34 PM,Weekend Buffet,,Buffet,Sides,Sides,17.99,0.00,17.99,1.0,1.80000000,false
9,4/25/26 12:51 PM,Chicken Curry,,Non-Veg Curries,Entrée,Food,17.59,0.00,17.59,1.0,1.75000000,false
9,4/25/26 12:51 PM,Garlic Naan,,Naan,Bread,Food,5.49,0.00,5.49,1.0,0.55000000,false
10,4/25/26 12:55 PM,Weekend Buffet,,Buffet,Sides,Sides,17.99,0.00,17.99,1.0,1.80000000,false
12,4/25/26 1:01 PM,Weekend Buffet,,Buffet,Sides,Sides,17.99,0.00,17.99,1.0,1.80000000,false
13,4/25/26 1:13 PM,Weekend Buffet,,Buffet,Sides,Sides,17.99,0.00,17.99,1.0,1.80000000,false
13,4/25/26 1:13 PM,Coke,,Soda & Water,Beverage,NA Beverage,1.99,0.00,1.99,1.0,0.20000000,false
13,4/25/26 1:13 PM,Coke,,Soda & Water,Beverage,NA Beverage,1.99,0.00,1.99,1.0,0.20000000,false
13,4/25/26 1:13 PM,Coke,,Soda & Water,Beverage,NA Beverage,1.99,0.00,1.99,1.0,0.20000000,false
13,4/25/26 1:13 PM,Coke,,Soda & Water,Beverage,NA Beverage,1.99,0.00,1.99,1.0,0.20000000,false
14,4/25/26 1:36 PM,Weekend Buffet,,Buffet,Sides,Sides,17.99,0.00,17.99,1.0,1.80000000,false
14,4/25/26 1:36 PM,Weekend Buffet,,Buffet,Sides,Sides,17.99,0.00,17.99,1.0,1.80000000,false
15,4/25/26 1:41 PM,Weekend Buffet,,Buffet,Sides,Sides,17.99,0.00,17.99,1.0,1.80000000,false
15,4/25/26 1:41 PM,Weekend Buffet,,Buffet,Sides,Sides,17.99,0.00,17.99,1.0,1.80000000,false
15,4/25/26 1:41 PM,Weekend Buffet,,Buffet,Sides,Sides,17.99,0.00,17.99,1.0,1.80000000,false
15,4/25/26 1:41 PM,Coke,,Soda & Water,Beverage,NA Beverage,1.99,0.00,1.99,1.0,0.20000000,false
15,4/25/26 1:41 PM,Sprite,,Soda & Water,Beverage,NA Beverage,1.99,0.00,1.99,1.0,0.20000000,false
15,4/25/26 1:41 PM,Mango Lassi,,Lassi & Tea,Beverage,NA Beverage,4.99,0.00,4.99,1.0,0.50000000,false
15,4/25/26 1:41 PM,Mango Lassi,,Lassi & Tea,Beverage,NA Beverage,4.99,0.00,4.99,1.0,0.50000000,false
16,4/25/26 1:41 PM,Weekend Buffet,,Buffet,Sides,Sides,17.99,0.00,17.99,1.0,1.80000000,false
16,4/25/26 1:41 PM,Weekend Buffet,,Buffet,Sides,Sides,17.99,0.00,17.99,1.0,1.80000000,false
16,4/25/26 1:41 PM,Weekend Buffet,,Buffet,Sides,Sides,17.99,0.00,17.99,1.0,1.80000000,false
17,4/25/26 1:42 PM,Weekend Buffet,,Buffet,Sides,Sides,17.99,0.00,17.99,1.0,1.80000000,false
17,4/25/26 1:42 PM,Weekend Buffet,,Buffet,Sides,Sides,17.99,0.00,17.99,1.0,1.80000000,false
17,4/25/26 1:42 PM,Masala Chai,,Lassi & Tea,Beverage,NA Beverage,3.99,0.00,3.99,1.0,0.40000000,false
18,4/25/26 1:42 PM,Weekend Buffet,,Buffet,Sides,Sides,17.99,0.00,17.99,1.0,1.80000000,false
19,4/25/26 1:49 PM,Weekend Buffet,,Buffet,Sides,Sides,71.96,0.00,71.96,4.0,7.20000000,false
19,4/25/26 1:49 PM,Mango Lassi,,Lassi & Tea,Beverage,NA Beverage,9.98,0.00,9.98,2.0,1.00000000,false
20,4/25/26 1:51 PM,Weekend Buffet,,Buffet,Sides,Sides,17.99,0.00,17.99,1.0,1.80000000,false
20,4/25/26 1:51 PM,Sweet Tea,,Lassi & Tea,Beverage,NA Beverage,2.99,0.00,2.99,1.0,0.30000000,false
21,4/25/26 2:00 PM,Weekend Buffet,,Buffet,Sides,Sides,17.99,0.00,17.99,1.0,1.80000000,false
21,4/25/26 2:00 PM,Weekend Buffet,,Buffet,Sides,Sides,17.99,0.00,17.99,1.0,1.80000000,false
21,4/25/26 2:00 PM,Diet Coke,,Soda & Water,Beverage,NA Beverage,1.99,0.00,1.99,1.0,0.20000000,false
22,4/25/26 2:01 PM,Weekend Buffet,,Buffet,Sides,Sides,17.99,0.00,17.99,1.0,1.80000000,false
23,4/25/26 2:01 PM,Weekend Buffet,,Buffet,Sides,Sides,17.99,0.00,17.99,1.0,1.80000000,false
15,4/25/26 2:05 PM,Gulabjamun,,Hot,Desserts,Desserts,4.99,0.00,4.99,1.0,0.50000000,false
25,4/25/26 2:13 PM,Weekend Buffet,,Buffet,Sides,Sides,17.99,0.00,17.99,1.0,1.80000000,false
25,4/25/26 2:13 PM,Weekend Buffet,,Buffet,Sides,Sides,17.99,0.00,17.99,1.0,1.80000000,false
25,4/25/26 2:13 PM,Masala Chai,,Lassi & Tea,Beverage,NA Beverage,3.99,0.00,3.99,1.0,0.40000000,false
26,4/25/26 2:14 PM,Masala Chai,,Lassi & Tea,Beverage,NA Beverage,3.99,0.00,3.99,1.0,0.40000000,false
26,4/25/26 2:14 PM,Masala Chai,,Lassi & Tea,Beverage,NA Beverage,3.99,0.00,3.99,1.0,0.40000000,false
26,4/25/26 2:14 PM,Masala Chai,,Lassi & Tea,Beverage,NA Beverage,3.99,0.00,3.99,1.0,0.40000000,false
26,4/25/26 2:14 PM,Weekend Buffet,,Buffet,Sides,Sides,53.97,0.00,53.97,3.0,5.40000000,false
26,4/25/26 2:14 PM,Diet Coke,,Soda & Water,Beverage,NA Beverage,1.99,0.00,1.99,1.0,0.20000000,false
27,4/25/26 2:15 PM,Weekend Buffet,,Buffet,Sides,Sides,17.99,0.00,17.99,1.0,1.80000000,false
27,4/25/26 2:15 PM,Weekend Buffet,,Buffet,Sides,Sides,17.99,0.00,17.99,1.0,1.80000000,true
28,4/25/26 2:16 PM,Weekend Buffet,,Buffet,Sides,Sides,17.99,0.00,17.99,1.0,1.80000000,false
28,4/25/26 2:16 PM,Weekend Buffet,,Buffet,Sides,Sides,17.99,0.00,17.99,1.0,1.80000000,false
28,4/25/26 2:16 PM,Masala Chai,,Lassi & Tea,Beverage,NA Beverage,3.99,0.00,3.99,1.0,0.40000000,false
28,4/25/26 2:16 PM,Masala Chai,,Lassi & Tea,Beverage,NA Beverage,3.99,0.00,3.99,1.0,0.40000000,false
29,4/25/26 2:17 PM,Masala Chai,,Lassi & Tea,Beverage,NA Beverage,3.99,0.00,3.99,1.0,0.40000000,false
29,4/25/26 2:17 PM,Weekend Buffet,,Buffet,Sides,Sides,17.99,0.00,17.99,1.0,1.80000000,false
30,4/25/26 2:20 PM,Weekend Buffet,,Buffet,Sides,Sides,17.99,0.00,17.99,1.0,1.80000000,false
30,4/25/26 2:20 PM,Weekend Buffet,,Buffet,Sides,Sides,17.99,0.00,17.99,1.0,1.80000000,false
30,4/25/26 2:20 PM,Masala Chai,,Lassi & Tea,Beverage,NA Beverage,3.99,0.00,3.99,1.0,0.40000000,false
30,4/25/26 2:20 PM,Masala Chai,,Lassi & Tea,Beverage,NA Beverage,3.99,0.00,3.99,1.0,0.40000000,false
27,4/25/26 2:25 PM,Masala Chai,,Lassi & Tea,Beverage,NA Beverage,3.99,0.00,3.99,1.0,0.40000000,false
31,4/25/26 2:58 PM,Weekend Buffet,,Buffet,Sides,Sides,17.99,0.00,17.99,1.0,1.80000000,false
31,4/25/26 2:58 PM,Dal Tadka,Vegan,Veg Curries,Entrée,Food,12.99,0.00,12.99,1.0,1.30000000,false
31,4/25/26 2:58 PM,Sprite,,Soda & Water,Beverage,NA Beverage,1.99,0.00,1.99,1.0,0.20000000,false
32,4/25/26 5:08 PM,Chicken Tikka Masala,,Tikka Masala Curry,Entrée,Food,15.99,0.00,15.99,1.0,1.60000000,false
32,4/25/26 5:08 PM,Chicken Tikka Masala,,Tikka Masala Curry,Entrée,Food,15.99,0.00,15.99,1.0,1.60000000,false
34,4/25/26 6:03 PM,Saag Paneer,,Saag,Entrée,Food,18.69,0.00,18.69,1.0,1.60000000,false
34,4/25/26 6:03 PM,Cheese Naan,,Naan,Bread,Food,6.59,0.00,6.59,1.0,0.56000000,false
34,4/25/26 6:03 PM,Aloo Gobi Matar,Vegan,Veg Curries,Entrée,Food,14.29,0.00,14.29,1.0,1.23000000,false
34,4/25/26 6:03 PM,Dal Makhani,,Veg Curries,Entrée,Food,16.49,0.00,16.49,1.0,1.41000000,false
35,4/25/26 6:08 PM,Garlic Naan,,Naan,Bread,Food,10.98,0.00,10.98,2.0,1.10000000,false
35,4/25/26 6:08 PM,Chicken,,KORMA,Entrée,Food,56.07,0.00,56.07,3.0,5.60000000,false
35,4/25/26 6:08 PM,Paneer Tikka Masala,,Tikka Masala Curry,Entrée,Food,17.59,0.00,17.59,1.0,1.76000000,false
36,4/25/26 6:31 PM,Chicken Tikka Masala,,Tikka Masala Curry,Entrée,Food,15.99,0.00,15.99,1.0,1.60000000,false
36,4/25/26 6:31 PM,Lamb Tikka Masala,,Tikka Masala Curry,Entrée,Food,18.99,0.00,18.99,1.0,1.90000000,false
37,4/25/26 6:33 PM,Chicken Tikka Masala,,Tikka Masala Curry,Entrée,Food,15.99,0.00,15.99,1.0,1.60000000,false
37,4/25/26 6:33 PM,Cheese Naan,,Naan,Bread,Food,5.99,0.00,5.99,1.0,0.60000000,false
38,4/25/26 6:36 PM,Dal Tadka,Vegan,Veg Curries,Entrée,Food,12.99,0.00,12.99,1.0,1.30000000,false
38,4/25/26 6:36 PM,Mix Veg,Vegan,Veg Curries,Entrée,Food,13.99,0.00,13.99,1.0,1.40000000,false
38,4/25/26 6:36 PM,Butter Chicken,,Non-Veg Curries,Entrée,Food,15.99,0.00,15.99,1.0,1.60000000,false
38,4/25/26 6:36 PM,Garlic Naan,,Naan,Bread,Food,4.99,0.00,4.99,1.0,0.50000000,false
39,4/25/26 6:50 PM,Taj Mahal,,Beer,Beverage,NA Beverage,7.99,0.00,7.99,1.0,0.80000000,false
39,4/25/26 6:50 PM,Taj Mahal,,Beer,Beverage,NA Beverage,7.99,0.00,7.99,1.0,0.80000000,false
40,4/25/26 6:53 PM,Butter Chicken,,Non-Veg Curries,Entrée,Food,17.59,0.00,17.59,1.0,1.76000000,false
41,4/25/26 6:56 PM,Garlic Naan,,Naan,Bread,Food,5.49,0.00,5.49,1.0,0.55000000,false
41,4/25/26 6:56 PM,Chicken Tikka Masala,,Tikka Masala Curry,Entrée,Food,17.59,0.00,17.59,1.0,1.75000000,false
42,4/25/26 7:03 PM,Chicken Tikka Masala,,Tikka Masala Curry,Entrée,Food,31.98,0.00,31.98,2.0,3.20000000,false
42,4/25/26 7:03 PM,Butter Naan,,Naan,Bread,Food,7.98,0.00,7.98,2.0,0.80000000,false
43,4/25/26 7:12 PM,Kulfi,,Cold,Desserts,Desserts,11.97,0.00,11.97,3.0,1.20000000,false
44,4/25/26 7:27 PM,Garlic Naan,,Naan,Bread,Food,4.99,0.00,4.99,1.0,0.50000000,false
44,4/25/26 7:39 PM,Vindaloo Curry,,Vindaloo,Entrée,Food,18.99,0.00,18.99,1.0,1.90000000,false
44,4/25/26 7:39 PM,Kadhai,,Kadhai,Entrée,Food,18.99,0.00,18.99,1.0,1.90000000,false
44,4/25/26 7:39 PM,Saag Paneer,,Saag,Entrée,Food,16.99,0.00,16.99,1.0,1.70000000,false
45,4/25/26 7:51 PM,Gobi 65,,65,Appetizer,Appetizer,10.99,0.00,10.99,1.0,1.10000000,false
45,4/25/26 7:51 PM,Mix Veg Pakora,,Mix Veg Pakora,Appetizer,Appetizer,7.99,0.00,7.99,1.0,0.80000000,false
45,4/25/26 7:51 PM,Garlic Naan,,Naan,Bread,Food,4.99,0.00,4.99,1.0,0.50000000,false
45,4/25/26 7:51 PM,Rice,,,,Food,3.99,0.00,3.99,1.0,0E-8,false
46,4/25/26 8:00 PM,Chicken Biryani,,Nonveg,Biryani,Biryani,16.99,0.00,16.99,1.0,1.70000000,false
46,4/25/26 8:00 PM,Veg Samosa,,Samosa,Appetizer,Appetizer,5.99,0.00,5.99,1.0,0.60000000,false
46,4/25/26 8:00 PM,Garlic Naan,,Naan,Bread,Food,4.99,0.00,4.99,1.0,0.50000000,false
47,4/25/26 8:26 PM,Mushroom Salt n Pepper,,Mushroom Salt n Pepper,Appetizer,Appetizer,10.99,0.00,10.99,1.0,1.10000000,false
47,4/25/26 8:26 PM,Plain Naan,,Naan,Bread,Food,3.99,0.00,3.99,1.0,0.40000000,false
47,4/25/26 8:26 PM,Okra Masala,Vegan,Veg Curries,Entrée,Food,13.99,0.00,13.99,1.0,1.40000000,false
47,4/25/26 8:26 PM,Dal Tadka,Vegan,Veg Curries,Entrée,Food,12.99,0.00,12.99,1.0,1.30000000,false
50,4/25/26 8:42 PM,Veg Samosa,,Samosa,Appetizer,Appetizer,5.99,0.00,5.99,1.0,0.60000000,false
50,4/25/26 8:42 PM,Chili Paneer,,Appetizer,Indo-Chines,,12.99,0.00,12.99,1.0,1.30000000,false
50,4/25/26 8:42 PM,Masala dosa,,Dosa,Bread,Food,27.98,0.00,27.98,2.0,2.80000000,false
50,4/25/26 8:42 PM,Kadhai Paneer,,Veg Curries,Entrée,Food,15.99,0.00,15.99,1.0,1.60000000,false
50,4/25/26 8:42 PM,Butter Tandoori Roti,,Roti,Bread,Food,3.99,0.00,3.99,1.0,0.40000000,false
50,4/25/26 8:44 PM,Onion,,Salad,Soup & Salad,,2.99,0.00,2.99,1.0,0.30000000,false
51,4/25/26 8:49 PM,Saag Lamb,,Saag,Entrée,Food,18.99,0.00,18.99,1.0,1.90000000,false
51,4/25/26 8:49 PM,Coconut Curry,,Coconut,Entrée,Food,15.99,0.00,15.99,1.0,1.60000000,false
50,4/25/26 8:52 PM,Plain Yogurt,,Sides,Sides,Sides,3.99,0.00,3.99,1.0,0.40000000,true
50,4/25/26 9:16 PM,Masala dosa,,Dosa,Bread,Food,13.99,0.00,13.99,1.0,1.40000000,true
51,4/25/26 9:27 PM,Kheer,,Cold,Desserts,Desserts,5.49,0.00,5.49,1.0,0.54000000,false
51,4/25/26 9:33 PM,Coke,,Soda & Water,Beverage,NA Beverage,1.99,0.00,1.99,1.0,0.20000000,false
3,4/26/26 11:34 AM,Mango Lassi,,Lassi & Tea,Beverage,NA Beverage,5.49,0.00,5.49,1.0,0.55000000,false
3,4/26/26 11:34 AM,Mung Dal Halwa,,Hot,Desserts,Desserts,6.59,0.00,6.59,1.0,0.66000000,false
3,4/26/26 11:34 AM,Schezwan Fried Rice,,Entrees,Indo-Chines,,14.29,0.00,14.29,1.0,1.43000000,false
3,4/26/26 11:34 AM,Veg Manchurian,,Appetizer,Indo-Chines,,13.19,0.00,13.19,1.0,1.31000000,false
2,4/26/26 11:22 AM,Lamb Curry,,Non-Veg Curries,Entrée,Food,19.79,0.00,19.79,1.0,1.98000000,false
2,4/26/26 11:22 AM,Half Chicken Tandoori,,Tandoori,Appetizer,Appetizer,14.29,0.00,14.29,1.0,1.43000000,false
1,4/26/26 11:16 AM,Weekend Buffet,,Buffet,Sides,Sides,17.99,0.00,17.99,1.0,1.80000000,false
4,4/26/26 11:36 AM,Dal Tadka,Vegan,Veg Curries,Entrée,Food,12.99,0.00,12.99,1.0,1.30000000,false
4,4/26/26 11:36 AM,Cheese Naan,,Naan,Bread,Food,5.99,0.00,5.99,1.0,0.60000000,false
4,4/26/26 11:36 AM,Garlic Naan,,Naan,Bread,Food,4.99,0.00,4.99,1.0,0.50000000,false
5,4/26/26 11:37 AM,Weekend Buffet,,Buffet,Sides,Sides,17.99,0.00,17.99,1.0,1.80000000,false
5,4/26/26 11:37 AM,Weekend Buffet,,Buffet,Sides,Sides,17.99,0.00,17.99,1.0,1.80000000,false
6,4/26/26 12:33 PM,Weekend Buffet,,Buffet,Sides,Sides,17.99,0.00,17.99,1.0,1.80000000,false
7,4/26/26 12:34 PM,Weekend Buffet,,Buffet,Sides,Sides,17.99,0.00,17.99,1.0,1.80000000,false
7,4/26/26 12:34 PM,Weekend Buffet,,Buffet,Sides,Sides,17.99,0.00,17.99,1.0,1.80000000,false
8,4/26/26 12:38 PM,Fried Rice,,Entrees,Indo-Chines,,12.99,0.00,12.99,1.0,1.30000000,true
5,4/26/26 12:40 PM,Mango Lassi,,Lassi & Tea,Beverage,NA Beverage,4.99,0.00,4.99,1.0,0.50000000,false
10,4/26/26 1:12 PM,Butter Paneer,,Veg Curries,Entrée,Food,15.99,0.00,15.99,1.0,1.60000000,false
10,4/26/26 1:12 PM,Garlic Naan,,Naan,Bread,Food,4.99,0.00,4.99,1.0,0.50000000,false
11,4/26/26 1:22 PM,Weekend Buffet,,Buffet,Sides,Sides,17.99,0.00,17.99,1.0,1.80000000,false
11,4/26/26 1:22 PM,Weekend Buffet,,Buffet,Sides,Sides,17.99,0.00,17.99,1.0,1.80000000,false
11,4/26/26 1:22 PM,Weekend Buffet,,Buffet,Sides,Sides,17.99,0.00,17.99,1.0,1.80000000,false
11,4/26/26 1:22 PM,Weekend Buffet Kids,,Buffet,Sides,Sides,8.99,0.00,8.99,1.0,0.90000000,false
11,4/26/26 1:22 PM,Weekend Buffet Kids,,Buffet,Sides,Sides,8.99,0.00,8.99,1.0,0.90000000,false
11,4/26/26 1:22 PM,Masala Chai,,Lassi & Tea,Beverage,NA Beverage,3.99,0.00,3.99,1.0,0.40000000,false
12,4/26/26 1:32 PM,Rogan Josh,,Non-Veg Curries,Entrée,Food,19.99,0.00,19.99,1.0,2.00000000,false
12,4/26/26 1:32 PM,Kadhai,,Kadhai,Entrée,Food,15.99,0.00,15.99,1.0,1.60000000,false
12,4/26/26 1:32 PM,Garlic Naan,,Naan,Bread,Food,9.98,0.00,9.98,2.0,1.00000000,false
12,4/26/26 1:32 PM,Veg Samosa,,Samosa,Appetizer,Appetizer,5.99,0.00,5.99,1.0,0.60000000,false
12,4/26/26 1:32 PM,Weekend Buffet,,Buffet,Sides,Sides,17.99,0.00,17.99,1.0,1.80000000,false
13,4/26/26 1:50 PM,Weekend Buffet,,Buffet,Sides,Sides,17.99,0.00,17.99,1.0,1.80000000,false
13,4/26/26 1:50 PM,Weekend Buffet,,Buffet,Sides,Sides,17.99,0.00,17.99,1.0,1.80000000,false
14,4/26/26 2:07 PM,Butter Chicken,,Non-Veg Curries,Entrée,Food,15.99,0.00,15.99,1.0,1.60000000,false
14,4/26/26 2:07 PM,Chicken Tikka Masala,,Tikka Masala Curry,Entrée,Food,15.99,0.00,15.99,1.0,1.60000000,false
14,4/26/26 2:07 PM,Garlic Naan,,Naan,Bread,Food,4.99,0.00,4.99,1.0,0.50000000,false
14,4/26/26 2:07 PM,Cheese Naan,,Naan,Bread,Food,5.99,0.00,5.99,1.0,0.60000000,false
15,4/26/26 2:22 PM,Paneer Tikka Masala,,Tikka Masala Curry,Entrée,Food,31.98,0.00,31.98,2.0,3.20000000,false
15,4/26/26 2:22 PM,Dal Makhani,,Veg Curries,Entrée,Food,14.99,0.00,14.99,1.0,1.50000000,false
15,4/26/26 2:22 PM,Chili Garlic Naan,,Naan,Bread,Food,11.98,0.00,11.98,2.0,1.20000000,false
15,4/26/26 2:22 PM,Amul Cheese Naan,,Naan,Bread,Food,15.98,0.00,15.98,2.0,1.60000000,false
15,4/26/26 2:22 PM,Fried Rice,,Entrees,Indo-Chines,,12.99,0.00,12.99,1.0,1.30000000,false
15,4/26/26 2:22 PM,Mung Dal Halwa,,Hot,Desserts,Desserts,5.99,0.00,5.99,1.0,0.60000000,false
15,4/26/26 2:22 PM,Onion and Chili,,Sides,Sides,Sides,2.99,0.00,2.99,1.0,0.30000000,false
16,4/26/26 2:25 PM,Weekend Buffet,,Buffet,Sides,Sides,17.99,0.00,17.99,1.0,1.80000000,false
20,4/26/26 5:32 PM,Samosa,,Chaat,Appetizer,Appetizer,9.89,0.00,9.89,1.0,0.89000000,false
20,4/26/26 5:32 PM,Bread Basket,,Others,Bread,Food,16.49,0.00,16.49,1.0,1.49000000,false
20,4/26/26 5:32 PM,Chicken Tikka Masala,,Tikka Masala Curry,Entrée,Food,17.59,0.00,17.59,1.0,1.58000000,false
20,4/26/26 5:32 PM,Spring Roll,,Spring Roll,Appetizer,Appetizer,6.59,0.00,6.59,1.0,0.59000000,false
18,4/26/26 5:22 PM,Coconut Curry,,Coconut,Entrée,Food,15.99,0.00,15.99,1.0,1.60000000,false
18,4/26/26 5:22 PM,Salmon Tandoori,,Tandoori,Appetizer,Appetizer,18.99,0.00,18.99,1.0,1.90000000,false
18,4/26/26 5:22 PM,Honey Chili Potatoes,,Appetizer,Indo-Chines,,11.99,0.00,11.99,1.0,1.20000000,false
18,4/26/26 5:22 PM,Chicken Tikka Masala,,Tikka Masala Curry,Entrée,Food,15.99,0.00,15.99,1.0,1.60000000,false
18,4/26/26 5:22 PM,Cheese Naan,,Naan,Bread,Food,5.99,0.00,5.99,1.0,0.60000000,false
18,4/26/26 5:22 PM,Taco,,Taco,Appetizer,Appetizer,12.99,0.00,12.99,1.0,1.30000000,false
18,4/26/26 5:22 PM,Fish Tikka Masala,,Tikka Masala Curry,Entrée,Food,17.99,0.00,17.99,1.0,1.80000000,false
19,4/26/26 5:24 PM,Lamb Curry,,Non-Veg Curries,Entrée,Food,17.99,0.00,17.99,1.0,1.80000000,false
19,4/26/26 5:24 PM,Plain Dosa,,Dosa,Bread,Food,11.99,0.00,11.99,1.0,1.20000000,false
19,4/26/26 5:24 PM,Chicken Tikka Masala,,Tikka Masala Curry,Entrée,Food,15.99,0.00,15.99,1.0,1.60000000,false
21,4/26/26 5:36 PM,Chicken Tikka Masala,,Tikka Masala Curry,Entrée,Food,17.59,0.00,17.59,1.0,1.45000000,false
21,4/26/26 5:36 PM,Butter Chicken,,Non-Veg Curries,Entrée,Food,17.59,0.00,17.59,1.0,1.45000000,false
21,4/26/26 5:36 PM,Garlic Naan,,Naan,Bread,Food,10.98,0.00,10.98,2.0,0.91000000,false
25,4/26/26 6:18 PM,Schezwan Fried Rice,,Entrees,Indo-Chines,,16.29,0.00,16.29,1.0,1.63000000,false
25,4/26/26 6:18 PM,Hakka Noodles,,Entrees,Indo-Chines,,14.29,0.00,14.29,1.0,1.43000000,false
25,4/26/26 6:18 PM,Tandoori Chicken Masala,,Non-Veg Curries,Entrée,Food,17.59,0.00,17.59,1.0,1.75000000,false
22,4/26/26 6:00 PM,Garlic Naan,,Naan,Bread,Food,9.98,0.00,9.98,2.0,1.00000000,false
22,4/26/26 6:00 PM,Chicken Tikka Masala,,Tikka Masala Curry,Entrée,Food,15.99,0.00,15.99,1.0,1.60000000,false
22,4/26/26 6:00 PM,Saag Paneer,,Saag,Entrée,Food,16.99,0.00,16.99,1.0,1.70000000,false
23,4/26/26 6:14 PM,Plain Naan,,Naan,Bread,Food,4.39,0.00,4.39,1.0,0.44000000,false
23,4/26/26 6:14 PM,Papad,,Papad,Appetizer,Appetizer,8.78,0.00,8.78,2.0,0.88000000,false
23,4/26/26 6:14 PM,Dal Tadka,Vegan,Veg Curries,Entrée,Food,14.29,0.00,14.29,1.0,1.43000000,false
25,4/26/26 6:18 PM,10 Pieces,Tandoori Chicken Wings,Tandoori,Appetizer,Appetizer,17.59,0.00,17.59,1.0,1.76000000,false
25,4/26/26 6:18 PM,Chicken Pepper Fry,,Pepper Fry,Appetizer,Appetizer,14.29,0.00,14.29,1.0,1.43000000,false
26,4/26/26 6:22 PM,Rogan Josh,,Non-Veg Curries,Entrée,Food,19.99,0.00,19.99,1.0,2.00000000,false
26,4/26/26 6:22 PM,Malai Kofta,,Veg Curries,Entrée,Food,13.99,0.00,13.99,1.0,1.40000000,false
26,4/26/26 6:22 PM,Butter Naan,,Naan,Bread,Food,7.98,0.00,7.98,2.0,0.80000000,false
26,4/26/26 6:22 PM,Kulcha,,Others,Bread,Food,5.99,0.00,5.99,1.0,0.60000000,false
27,4/26/26 6:30 PM,Rogan Josh,,Non-Veg Curries,Entrée,Food,19.99,0.00,19.99,1.0,2.00000000,false
27,4/26/26 6:30 PM,Rogan Josh,,Non-Veg Curries,Entrée,Food,19.99,0.00,19.99,1.0,2.00000000,false
27,4/26/26 6:30 PM,Garlic Naan,,Naan,Bread,Food,9.98,0.00,9.98,2.0,1.00000000,false
28,4/26/26 6:33 PM,Veg Samosa,,Samosa,Appetizer,Appetizer,5.99,0.00,5.99,1.0,0.60000000,false
28,4/26/26 6:33 PM,Mix Veg Pakora,,Mix Veg Pakora,Appetizer,Appetizer,7.99,0.00,7.99,1.0,0.80000000,false
28,4/26/26 6:33 PM,Chili Paneer,,Appetizer,Indo-Chines,,12.99,0.00,12.99,1.0,1.30000000,false
28,4/26/26 6:33 PM,Kachumber Salad,,Salad,Soup & Salad,,6.99,0.00,6.99,1.0,0.70000000,false
28,4/26/26 6:33 PM,Masala Fries,,Kids,Kids,,4.99,0.00,4.99,1.0,0.50000000,false
29,4/26/26 6:36 PM,Chicken Samosa,,Samosa,Appetizer,Appetizer,6.99,0.00,6.99,1.0,0.70000000,false
30,4/26/26 6:43 PM,Saag Paneer,,Saag,Entrée,Food,18.69,0.00,18.69,1.0,1.86000000,false
30,4/26/26 6:43 PM,Garlic Naan,,Naan,Bread,Food,5.49,0.00,5.49,1.0,0.55000000,false
28,4/26/26 6:40 PM,Paneer bhurji,,Veg Curries,Entrée,Food,16.99,0.00,16.99,1.0,1.70000000,false
28,4/26/26 6:40 PM,Butter Chicken,,Non-Veg Curries,Entrée,Food,15.99,0.00,15.99,1.0,1.60000000,false
28,4/26/26 6:40 PM,Chicken Tikka Masala,,Tikka Masala Curry,Entrée,Food,15.99,0.00,15.99,1.0,1.60000000,false
28,4/26/26 6:40 PM,Garlic Naan,,Naan,Bread,Food,4.99,0.00,4.99,1.0,0.50000000,false
28,4/26/26 6:40 PM,Butter Naan,,Naan,Bread,Food,11.97,0.00,11.97,3.0,1.20000000,false
29,4/26/26 6:41 PM,Hot & Sour Soup,,Soup,Soup & Salad,,5.99,0.00,5.99,1.0,0.60000000,false
29,4/26/26 6:41 PM,Chicken Tikka Masala,,Tikka Masala Curry,Entrée,Food,15.99,0.00,15.99,1.0,1.60000000,false
29,4/26/26 6:41 PM,Garlic Naan,,Naan,Bread,Food,4.99,0.00,4.99,1.0,0.50000000,false
29,4/26/26 6:41 PM,Flying Horse,,Beer,Beverage,NA Beverage,12.99,0.00,12.99,1.0,1.30000000,false
31,4/26/26 7:02 PM,Veg Platter,,Platter,Appetizer,Appetizer,21.99,0.00,21.99,1.0,2.19000000,false
31,4/26/26 7:02 PM,Chicken 65,,65,Appetizer,Appetizer,14.29,0.00,14.29,1.0,1.43000000,false
31,4/26/26 7:02 PM,Cheese Naan,,Naan,Bread,Food,6.59,0.00,6.59,1.0,0.66000000,false
33,4/26/26 7:14 PM,Mulligatawny Soup,,Soup,Soup & Salad,,13.18,0.00,13.18,2.0,1.31000000,false
32,4/26/26 7:12 PM,Saag Paneer,,Saag,Entrée,Food,16.99,0.00,16.99,1.0,1.70000000,false
32,4/26/26 7:12 PM,Dal Tadka,Vegan,Veg Curries,Entrée,Food,12.99,0.00,12.99,1.0,1.30000000,false
32,4/26/26 7:12 PM,Garlic Naan,,Naan,Bread,Food,14.97,0.00,14.97,3.0,1.50000000,false
32,4/26/26 7:12 PM,Amul cheese butter masala,,Veg Curries,Entrée,Food,18.99,0.00,18.99,1.0,1.90000000,false
32,4/26/26 7:12 PM,Butter Tandoori Roti,,Roti,Bread,Food,3.99,0.00,3.99,1.0,0.40000000,false
29,4/26/26 7:15 PM,Flying Horse,,Beer,Beverage,NA Beverage,12.99,0.00,12.99,1.0,1.30000000,false
34,4/26/26 7:39 PM,Chicken Tikka Masala,,Tikka Masala Curry,Entrée,Food,15.99,0.00,15.99,1.0,1.60000000,false
34,4/26/26 7:39 PM,Garlic Naan,,Naan,Bread,Food,4.99,0.00,4.99,1.0,0.50000000,false
34,4/26/26 7:39 PM,Chicken Biryani,,Nonveg,Biryani,Biryani,16.99,0.00,16.99,1.0,1.70000000,false
34,4/26/26 7:39 PM,Laal Mas,,Non-Veg Curries,Entrée,Food,20.99,0.00,20.99,1.0,2.10000000,false
34,4/26/26 7:39 PM,Cheese Naan,,Naan,Bread,Food,5.99,0.00,5.99,1.0,0.60000000,false
39,4/26/26 7:49 PM,Chicken Tikka Masala,,Tikka Masala Curry,Entrée,Food,17.59,0.00,17.59,1.0,1.75000000,false
39,4/26/26 7:49 PM,Butter Chicken,,Non-Veg Curries,Entrée,Food,17.59,0.00,17.59,1.0,1.76000000,false
37,4/26/26 7:44 PM,Kebab Platter,,Platter,Appetizer,Appetizer,31.89,0.00,31.89,1.0,3.19000000,false
37,4/26/26 7:44 PM,Cheese Naan,,Naan,Bread,Food,6.59,0.00,6.59,1.0,0.66000000,false
37,4/26/26 7:44 PM,Chicken Biryani,,Nonveg,Biryani,Biryani,18.69,0.00,18.69,1.0,1.86000000,false
38,4/26/26 7:49 PM,Veg Samosa,,Samosa,Appetizer,Appetizer,5.99,0.00,5.99,1.0,0.60000000,false
38,4/26/26 7:49 PM,Masala Papad,,Papad,Appetizer,Appetizer,6.99,0.00,6.99,1.0,0.70000000,false
38,4/26/26 7:49 PM,Chicken 65,,65,Appetizer,Appetizer,12.99,0.00,12.99,1.0,1.30000000,false
38,4/26/26 7:49 PM,Mango Lassi,,Lassi & Tea,Beverage,NA Beverage,4.99,0.00,4.99,1.0,0.50000000,false
40,4/26/26 7:57 PM,Hot & Sour Soup,,Soup,Soup & Salad,,5.99,0.00,5.99,1.0,0.60000000,false
40,4/26/26 7:57 PM,Garlic Naan,,Naan,Bread,Food,4.99,0.00,4.99,1.0,0.50000000,false
40,4/26/26 7:57 PM,Bullet Naan,,Naan,Bread,Food,14.97,0.00,14.97,3.0,1.50000000,false
40,4/26/26 7:57 PM,Tandoori Wings,,Tandoori,Appetizer,Appetizer,12.99,0.00,12.99,1.0,1.30000000,false
40,4/26/26 8:04 PM,Onion,,Salad,Soup & Salad,,2.99,0.00,2.99,1.0,0.30000000,false
38,4/26/26 8:04 PM,Taj Mahal,,Beer,Beverage,NA Beverage,7.99,0.00,7.99,1.0,0.80000000,false
38,4/26/26 8:04 PM,Taj Mahal,,Beer,Beverage,NA Beverage,7.99,0.00,7.99,1.0,0.80000000,false
38,4/26/26 8:04 PM,Taj Mahal,,Beer,Beverage,NA Beverage,7.99,0.00,7.99,1.0,0.80000000,false
38,4/26/26 8:04 PM,Taj Mahal,,Beer,Beverage,NA Beverage,7.99,0.00,7.99,1.0,0.80000000,false
38,4/26/26 8:04 PM,Taj Mahal,,Beer,Beverage,NA Beverage,7.99,0.00,7.99,1.0,0.80000000,false
40,4/26/26 8:05 PM,Highway Chicken,,Non-Veg Curries,Entrée,Food,15.99,0.00,15.99,1.0,1.60000000,false
38,4/26/26 8:15 PM,Mango Lassi,,Lassi & Tea,Beverage,NA Beverage,4.99,0.00,4.99,1.0,0.50000000,false
38,4/26/26 8:19 PM,Amul cheese butter masala,,Veg Curries,Entrée,Food,18.99,0.00,18.99,1.0,1.90000000,false
38,4/26/26 8:19 PM,Cheese Naan,,Naan,Bread,Food,5.99,0.00,5.99,1.0,0.60000000,false
38,4/26/26 8:19 PM,Garlic Naan,,Naan,Bread,Food,4.99,0.00,4.99,1.0,0.50000000,false
38,4/26/26 8:19 PM,Vindaloo Curry,,Vindaloo,Entrée,Food,18.99,0.00,18.99,1.0,1.90000000,false
38,4/26/26 8:19 PM,Butter Naan,,Naan,Bread,Food,3.99,0.00,3.99,1.0,0.40000000,false
38,4/26/26 8:19 PM,Kadhai,,Kadhai,Entrée,Food,15.99,0.00,15.99,1.0,1.60000000,false
38,4/26/26 8:19 PM,Garlic Naan,,Naan,Bread,Food,4.99,0.00,4.99,1.0,0.50000000,false
38,4/26/26 8:19 PM,Chicken Tikka Masala,,Tikka Masala Curry,Entrée,Food,15.99,0.00,15.99,1.0,1.60000000,false
38,4/26/26 8:19 PM,Bullet Naan,,Naan,Bread,Food,4.99,0.00,4.99,1.0,0.50000000,false
38,4/26/26 8:19 PM,Bullet Naan,,Naan,Bread,Food,4.99,0.00,4.99,1.0,0.50000000,false
38,4/26/26 8:19 PM,Plain Dosa,,Dosa,Bread,Food,11.99,0.00,11.99,1.0,1.20000000,false
38,4/26/26 8:19 PM,Butter Chicken,,Non-Veg Curries,Entrée,Food,15.99,0.00,15.99,1.0,1.60000000,false
38,4/26/26 8:19 PM,Garlic Naan,,Naan,Bread,Food,4.99,0.00,4.99,1.0,0.50000000,false
38,4/26/26 8:19 PM,Saag Lamb,,Saag,Entrée,Food,18.99,0.00,18.99,1.0,1.90000000,false
38,4/26/26 8:19 PM,Paratha,,Others,Bread,Food,5.99,0.00,5.99,1.0,0.60000000,false
38,4/26/26 8:21 PM,Chicken 65,,65,Appetizer,Appetizer,12.99,0.00,12.99,1.0,1.30000000,false
38,4/26/26 8:49 PM,Onion,,Salad,Soup & Salad,,2.99,0.00,2.99,1.0,0.30000000,false
41,4/26/26 9:03 PM,Dal Makhani,,Veg Curries,Entrée,Food,14.99,0.00,14.99,1.0,1.50000000,false
48,4/26/26 9:17 PM,Lamb Biryani,,Nonveg,Biryani,Biryani,18.99,0.00,18.99,1.0,1.90000000,false
48,4/26/26 9:45 PM,Bottle Water,,Soda & Water,Beverage,NA Beverage,0.99,0.00,0.99,1.0,0.10000000,false
1,4/27/26 11:06 AM,Coke,,Soda & Water,Beverage,NA Beverage,2.19,0.00,2.19,1.0,0.22000000,false
1,4/27/26 11:06 AM,Chicken,,KORMA,Entrée,Food,18.69,0.00,18.69,1.0,1.86000000,false
1,4/27/26 11:06 AM,Plain Naan,,Naan,Bread,Food,4.39,0.00,4.39,1.0,0.43000000,false
2,4/27/26 11:09 AM,Chicken Tikka,,Tikka,Appetizer,Appetizer,16.49,0.00,16.49,1.0,1.65000000,false
2,4/27/26 11:09 AM,Samosa,,Chaat,Appetizer,Appetizer,9.89,0.00,9.89,1.0,0.99000000,false
3,4/27/26 11:24 AM,Masala Chai,,Lassi & Tea,Beverage,NA Beverage,3.99,0.00,3.99,1.0,0.40000000,false
3,4/27/26 11:24 AM,Veg Samosa,,Samosa,Appetizer,Appetizer,5.99,0.00,5.99,1.0,0.60000000,false
3,4/27/26 11:24 AM,Mix Veg,Vegan,Veg Curries,Entrée,Food,13.99,0.00,13.99,1.0,1.40000000,false
3,4/27/26 11:24 AM,Garlic Naan,,Naan,Bread,Food,4.99,0.00,4.99,1.0,0.50000000,false
4,4/27/26 11:48 AM,Mix Veg Pakora,,Mix Veg Pakora,Appetizer,Appetizer,7.99,0.00,7.99,1.0,0.80000000,false
4,4/27/26 11:48 AM,Goat Tikka Masala,,Tikka Masala Curry,Entrée,Food,18.99,0.00,18.99,1.0,1.90000000,false
4,4/27/26 11:48 AM,Lamb Curry,,Non-Veg Curries,Entrée,Food,17.99,0.00,17.99,1.0,1.80000000,false
5,4/27/26 11:50 AM,Paneer Tikka Masala,,Tikka Masala Curry,Entrée,Food,15.99,0.00,15.99,1.0,1.60000000,false
5,4/27/26 11:50 AM,Garlic Naan,,Naan,Bread,Food,4.99,0.00,4.99,1.0,0.50000000,false
6,4/27/26 12:08 PM,Dal Makhani,,Veg Curries,Entrée,Food,14.99,0.00,14.99,1.0,1.50000000,false
6,4/27/26 12:08 PM,Garlic Naan,,Naan,Bread,Food,4.99,0.00,4.99,1.0,0.50000000,false
6,4/27/26 12:08 PM,Papari,,Chaat,Appetizer,Appetizer,8.99,0.00,8.99,1.0,0.90000000,false
7,4/27/26 1:06 PM,Paneer 65 Biryani,,Veg,Biryani,Biryani,18.69,0.00,18.69,1.0,1.87000000,false
7,4/27/26 1:06 PM,Saag Paneer,,Saag,Entrée,Food,18.69,0.00,18.69,1.0,1.86000000,false
8,4/27/26 1:38 PM,Salmon Tandoori,,Tandoori,Appetizer,Appetizer,18.99,0.00,18.99,1.0,1.90000000,false
8,4/27/26 1:38 PM,Chicken Tikka Masala,,Tikka Masala Curry,Entrée,Food,15.99,0.00,15.99,1.0,1.60000000,false
8,4/27/26 1:38 PM,Coconut Curry,,Coconut,Entrée,Food,19.99,0.00,19.99,1.0,2.00000000,false
8,4/27/26 1:38 PM,Garlic Naan,,Naan,Bread,Food,9.98,0.00,9.98,2.0,1.00000000,false
8,4/27/26 1:38 PM,Chicken Nuggets,,Kids,Kids,,6.99,0.00,6.99,1.0,0.70000000,false
9,4/27/26 1:42 PM,Coconut Curry,,Coconut,Entrée,Food,15.99,0.00,15.99,1.0,1.60000000,false
9,4/27/26 1:42 PM,Cheese Naan,,Naan,Bread,Food,5.99,0.00,5.99,1.0,0.60000000,false
9,4/27/26 1:50 PM,Butter Milk,,Lassi & Tea,Beverage,NA Beverage,3.99,0.00,3.99,1.0,0.40000000,false
10,4/27/26 1:58 PM,Mushroom Salt n Pepper,,Mushroom Salt n Pepper,Appetizer,Appetizer,10.99,0.00,10.99,1.0,1.10000000,false
10,4/27/26 1:58 PM,Kadhai,,Kadhai,Entrée,Food,18.99,0.00,18.99,1.0,1.90000000,false
10,4/27/26 1:58 PM,Butter Chicken,,Non-Veg Curries,Entrée,Food,15.99,0.00,15.99,1.0,1.60000000,false
10,4/27/26 1:58 PM,Taj Mahal,,Beer,Beverage,NA Beverage,7.99,0.00,7.99,1.0,0.80000000,false
11,4/27/26 2:04 PM,Chili Chicken,,Appetizer,Indo-Chines,,12.99,0.00,12.99,1.0,1.30000000,false
11,4/27/26 2:04 PM,Coke,,Soda & Water,Beverage,NA Beverage,1.99,0.00,1.99,1.0,0.20000000,false
11,4/27/26 2:04 PM,Corona Extra,,Beer,Beverage,NA Beverage,5.99,0.00,5.99,1.0,0.60000000,false
11,4/27/26 2:11 PM,Goat Curry,,Non-Veg Curries,Entrée,Food,18.99,0.00,18.99,1.0,1.90000000,false
11,4/27/26 2:11 PM,Coconut Curry,,Coconut,Entrée,Food,19.99,0.00,19.99,1.0,2.00000000,false
11,4/27/26 2:19 PM,Garlic Naan,,Naan,Bread,Food,4.99,0.00,4.99,1.0,0.50000000,false
11,4/27/26 2:19 PM,Butter Naan,,Naan,Bread,Food,3.99,0.00,3.99,1.0,0.40000000,false
11,4/27/26 2:32 PM,Corona Extra,,Beer,Beverage,NA Beverage,5.99,0.00,5.99,1.0,0.60000000,false
18,4/27/26 5:44 PM,Paneer bhurji,,Veg Curries,Entrée,Food,18.69,0.00,18.69,1.0,1.69000000,false
18,4/27/26 5:44 PM,Butter Tandoori Roti,,Roti,Bread,Food,17.56,0.00,17.56,4.0,1.58000000,false
14,4/27/26 5:09 PM,Chicken Tikka Masala,,Tikka Masala Curry,Entrée,Food,15.99,0.00,15.99,1.0,1.60000000,false
14,4/27/26 5:09 PM,Lamb Tikka Masala,,Tikka Masala Curry,Entrée,Food,18.99,0.00,18.99,1.0,1.90000000,false
14,4/27/26 5:09 PM,Rogan Josh,,Non-Veg Curries,Entrée,Food,19.99,0.00,19.99,1.0,2.00000000,false
14,4/27/26 5:09 PM,Butter Naan,,Naan,Bread,Food,3.99,0.00,3.99,1.0,0.40000000,false
14,4/27/26 5:09 PM,Butter Naan,,Naan,Bread,Food,3.99,0.00,3.99,1.0,0.40000000,false
15,4/27/26 5:12 PM,Channa Masala,Vegan,Veg Curries,Entrée,Food,25.98,0.00,25.98,2.0,2.60000000,false
15,4/27/26 5:12 PM,Butter Naan,,Naan,Bread,Food,3.99,0.00,3.99,1.0,0.40000000,false
15,4/27/26 5:12 PM,Garlic Naan,,Naan,Bread,Food,4.99,0.00,4.99,1.0,0.50000000,false
15,4/27/26 5:36 PM,Sprite,,Soda & Water,Beverage,NA Beverage,1.99,0.00,1.99,1.0,0.20000000,false
17,4/27/26 5:38 PM,Paneer Tikka Masala,,Tikka Masala Curry,Entrée,Food,15.99,0.00,15.99,1.0,1.60000000,false
17,4/27/26 5:38 PM,Chicken Tikka Masala,,Tikka Masala Curry,Entrée,Food,15.99,0.00,15.99,1.0,1.60000000,false
17,4/27/26 5:38 PM,Garlic Naan,,Naan,Bread,Food,4.99,0.00,4.99,1.0,0.50000000,false
17,4/27/26 5:38 PM,Garlic Naan,,Naan,Bread,Food,4.99,0.00,4.99,1.0,0.50000000,false
19,4/27/26 6:12 PM,Chicken Biryani,,Nonveg,Biryani,Biryani,16.99,0.00,16.99,1.0,1.70000000,false
19,4/27/26 6:12 PM,Goat  Korma,,KORMA,Entrée,Food,18.99,0.00,18.99,1.0,1.90000000,false
19,4/27/26 6:12 PM,Samosa,,Chaat,Appetizer,Appetizer,8.99,0.00,8.99,1.0,0.90000000,false
21,4/27/26 6:41 PM,Chicken Tikka Masala,,Tikka Masala Curry,Entrée,Food,17.59,0.00,17.59,1.0,1.76000000,false
21,4/27/26 6:41 PM,Chicken Tikka Masala,,Tikka Masala Curry,Entrée,Food,17.59,0.00,17.59,1.0,1.74000000,false
21,4/27/26 6:41 PM,Mango Lassi,,Lassi & Tea,Beverage,NA Beverage,5.49,0.00,5.49,1.0,0.55000000,false
21,4/27/26 6:41 PM,Butter Naan,,Naan,Bread,Food,4.39,0.00,4.39,1.0,0.44000000,false
21,4/27/26 6:41 PM,Cheese Naan,,Naan,Bread,Food,6.59,0.00,6.59,1.0,0.66000000,false
21,4/27/26 6:41 PM,Chicken Curry,,Non-Veg Curries,Entrée,Food,17.59,0.00,17.59,1.0,1.76000000,false
20,4/27/26 6:26 PM,Amul Cheese Butter Masala,,Veg Curries,Entrée,Food,18.99,0.00,18.99,1.0,1.90000000,false
20,4/27/26 6:26 PM,Butter Chicken,,Non-Veg Curries,Entrée,Food,15.99,0.00,15.99,1.0,1.60000000,false
20,4/27/26 6:26 PM,Garlic Naan,,Naan,Bread,Food,4.99,0.00,4.99,1.0,0.50000000,false
23,4/27/26 6:46 PM,Taj Mahal,,Beer,Beverage,NA Beverage,7.99,0.00,7.99,1.0,0.80000000,false
23,4/27/26 6:46 PM,Menage a Trois Red Blend,,Wine,Beverage,NA Beverage,14.00,0.00,14.00,1.0,1.40000000,false
23,4/27/26 6:46 PM,Gobi 65,,65,Appetizer,Appetizer,10.99,0.00,10.99,1.0,1.10000000,false
22,4/27/26 6:46 PM,Butter Chicken,,Non-Veg Curries,Entrée,Food,31.98,0.00,31.98,2.0,3.20000000,false
22,4/27/26 6:46 PM,Malai Kofta,,Veg Curries,Entrée,Food,13.99,0.00,13.99,1.0,1.40000000,false
22,4/27/26 6:46 PM,Garlic Naan,,Naan,Bread,Food,24.95,0.00,24.95,5.0,2.50000000,false
22,4/27/26 6:46 PM,Chicken Tikka Masala,,Tikka Masala Curry,Entrée,Food,15.99,0.00,15.99,1.0,1.60000000,false
22,4/27/26 6:46 PM,Vindaloo Curry,,Vindaloo,Entrée,Food,15.99,0.00,15.99,1.0,1.60000000,false
23,4/27/26 6:57 PM,Butter Chicken,,Non-Veg Curries,Entrée,Food,15.99,0.00,15.99,1.0,1.60000000,false
23,4/27/26 6:57 PM,Bread Basket,,Others,Bread,Food,14.99,0.00,14.99,1.0,1.50000000,false
23,4/27/26 6:57 PM,Saag Paneer,,Saag,Entrée,Food,16.99,0.00,16.99,1.0,1.70000000,false
23,4/27/26 6:57 PM,Highway Chicken,,Non-Veg Curries,Entrée,Food,15.99,0.00,15.99,1.0,1.60000000,false
25,4/27/26 7:09 PM,Chicken Korma,,KORMA,Entrée,Food,18.69,0.00,18.69,1.0,1.41000000,false
25,4/27/26 7:09 PM,Cheese Naan,,Naan,Bread,Food,6.59,0.00,6.59,1.0,0.49000000,false
25,4/27/26 7:09 PM,Veg Samosa,,Samosa,Appetizer,Appetizer,6.59,0.00,6.59,1.0,0.49000000,false
24,4/27/26 7:09 PM,Veg Biryani,,Veg,Biryani,Biryani,16.99,0.00,16.99,1.0,1.70000000,false
24,4/27/26 7:09 PM,Dal Tadka,Vegan,Veg Curries,Entrée,Food,12.99,0.00,12.99,1.0,1.30000000,false
24,4/27/26 7:09 PM,Veg Samosa,,Samosa,Appetizer,Appetizer,5.99,0.00,5.99,1.0,0.60000000,false
24,4/27/26 7:09 PM,Channa Masala,Vegan,Veg Curries,Entrée,Food,12.99,0.00,12.99,1.0,1.30000000,true
26,4/27/26 7:16 PM,Masala Fries,,Kids,Kids,,5.49,0.00,5.49,1.0,0.54000000,false
26,4/27/26 7:16 PM,Butter Chicken,,Non-Veg Curries,Entrée,Food,17.59,0.00,17.59,1.0,1.76000000,false
26,4/27/26 7:16 PM,10 Pieces - Tandoori Chicken Wings,Tandoori Chicken Wings,Tandoori,Appetizer,Appetizer,17.59,0.00,17.59,1.0,1.76000000,false
26,4/27/26 7:16 PM,Lamb Samosa,,Samosa,Appetizer,Appetizer,10.99,0.00,10.99,1.0,1.10000000,false
26,4/27/26 7:16 PM,Garlic Naan,,Naan,Bread,Food,5.49,0.00,5.49,1.0,0.55000000,false
26,4/27/26 7:16 PM,Aloo Tikki,,Chaat,Appetizer,Appetizer,9.89,0.00,9.89,1.0,0.99000000,false
27,4/27/26 7:34 PM,Papad,,Papad,Appetizer,Appetizer,3.99,0.00,3.99,1.0,0.40000000,false
27,4/27/26 7:34 PM,Mulligatawny Soup,,Soup,Soup & Salad,,5.99,0.00,5.99,1.0,0.60000000,false
27,4/27/26 7:34 PM,Dal Tadka,Vegan,Veg Curries,Entrée,Food,12.99,0.00,12.99,1.0,1.30000000,false
24,4/27/26 7:36 PM,Saag Plain,,Saag,Entrée,Food,15.99,0.00,15.99,1.0,1.60000000,false
22,4/27/26 7:37 PM,Mango Lassi,,Lassi & Tea,Beverage,NA Beverage,24.95,0.00,24.95,5.0,2.50000000,false
23,4/27/26 7:52 PM,Josh Cabernet Glass,,Wine,Beverage,NA Beverage,14.00,0.00,14.00,1.0,1.40000000,false
29,4/27/26 8:37 PM,Saag Paneer,,Saag,Entrée,Food,16.99,0.00,16.99,1.0,1.70000000,false
29,4/27/26 8:37 PM,Mango Lassi,,Lassi & Tea,Beverage,NA Beverage,4.99,0.00,4.99,1.0,0.50000000,false
29,4/27/26 8:37 PM,Chapati,,Naan,Bread,Food,4.99,0.00,4.99,1.0,0.50000000,false
29,4/27/26 8:37 PM,Samosa,,Chaat,Appetizer,Appetizer,8.99,0.00,8.99,1.0,0.90000000,false
30,4/27/26 8:41 PM,Chicken Korma,,KORMA,Entrée,Food,16.99,0.00,16.99,1.0,1.70000000,false
30,4/27/26 8:41 PM,Hakka Noodles,,Entrees,Indo-Chines,,14.99,0.00,14.99,1.0,1.50000000,false
31,4/27/26 8:46 PM,Saag Lamb,,Saag,Entrée,Food,20.89,0.00,20.89,1.0,1.88000000,false
31,4/27/26 8:46 PM,Chili Garlic Naan,,Naan,Bread,Food,6.59,0.00,6.59,1.0,0.59000000,false
31,4/27/26 8:46 PM,Veg Samosa,,Samosa,Appetizer,Appetizer,6.59,0.00,6.59,1.0,0.59000000,false
32,4/27/26 8:59 PM,Garlic Naan,,Naan,Bread,Food,4.99,0.00,4.99,1.0,0.50000000,false
32,4/27/26 8:59 PM,Chicken Tikka Masala,,Tikka Masala Curry,Entrée,Food,15.99,0.00,15.99,1.0,1.60000000,false
32,4/27/26 8:59 PM,Samosa,,Chaat,Appetizer,Appetizer,8.99,0.00,8.99,1.0,0.90000000,false
32,4/27/26 8:59 PM,Onion and Chili,,Sides,Sides,Sides,2.99,0.00,2.99,1.0,0.30000000,false
33,4/27/26 9:11 PM,Momos Veg,,Appetizer,Indo-Chines,,35.97,0.00,30.57,3.0,3.06000000,false
33,4/27/26 9:11 PM,Spring Roll,,Spring Roll,Appetizer,Appetizer,11.98,0.00,10.18,2.0,1.01000000,false
33,4/27/26 9:11 PM,Samosa,,Chaat,Appetizer,Appetizer,8.99,0.00,7.64,1.0,0.77000000,false
33,4/27/26 9:11 PM,Hara Bhara Kabab,,Hara Bhara Kabab,Appetizer,Appetizer,10.99,0.00,9.34,1.0,0.93000000,false
33,4/27/26 9:11 PM,Chicken Tikka,,Tikka,Appetizer,Appetizer,14.99,0.00,12.74,1.0,1.27000000,false
33,4/27/26 9:11 PM,Veg Manchurian,,Appetizer,Indo-Chines,,11.99,0.00,10.19,1.0,1.01000000,false
34,4/27/26 9:18 PM,Masala Chai,,Lassi & Tea,Beverage,NA Beverage,3.99,0.00,3.99,1.0,0.40000000,false
34,4/27/26 9:18 PM,Paneer bhurji,,Veg Curries,Entrée,Food,16.99,0.00,16.99,1.0,1.70000000,false
34,4/27/26 9:18 PM,Onion,,Salad,Soup & Salad,,2.99,0.00,2.99,1.0,0.30000000,false
35,4/27/26 9:20 PM,Butter Chicken,,Non-Veg Curries,Entrée,Food,15.99,0.00,15.99,1.0,1.60000000,false
35,4/27/26 9:20 PM,Chicken Tikka Masala,,Tikka Masala Curry,Entrée,Food,15.99,0.00,15.99,1.0,1.60000000,false
35,4/27/26 9:20 PM,Butter Naan,,Naan,Bread,Food,3.99,0.00,3.99,1.0,0.40000000,false
35,4/27/26 9:20 PM,Butter Naan,,Naan,Bread,Food,3.99,0.00,3.99,1.0,0.40000000,false
33,4/27/26 9:36 PM,Goat Curry,,Non-Veg Curries,Entrée,Food,18.99,0.00,16.14,1.0,1.61000000,false
33,4/27/26 9:36 PM,Butter Chicken,,Non-Veg Curries,Entrée,Food,15.99,0.00,13.59,1.0,1.37000000,false
33,4/27/26 9:36 PM,Paneer Tikka Masala,,Tikka Masala Curry,Entrée,Food,31.98,0.00,27.18,2.0,2.71000000,false
33,4/27/26 9:36 PM,Amul Cheese Garlic Palak,,Veg Curries,Entrée,Food,18.99,0.00,16.14,1.0,1.61000000,false
33,4/27/26 9:36 PM,Butter Naan,,Naan,Bread,Food,11.97,0.00,10.17,3.0,1.01000000,false
33,4/27/26 9:36 PM,Garlic Naan,,Naan,Bread,Food,14.97,0.00,12.72,3.0,1.27000000,false
33,4/27/26 9:49 PM,Bullet Naan,,Naan,Bread,Food,9.98,0.00,8.48,2.0,0.84000000,false
33,4/27/26 9:49 PM,Paneer Tikka Masala,,Tikka Masala Curry,Entrée,Food,15.99,0.00,13.59,1.0,1.37000000,false
33,4/27/26 9:49 PM,Veg Biryani,,Veg,Biryani,Biryani,16.99,0.00,14.44,1.0,1.44000000,false
33,4/27/26 10:12 PM,Coke,,Soda & Water,Beverage,NA Beverage,9.95,0.00,8.46,5.0,0.84000000,false
33,4/27/26 10:12 PM,Flying Horse,,Beer,Beverage,NA Beverage,38.97,0.00,33.11,3.0,3.31000000,false
1,4/29/26 11:15 AM,Chicken Curry,,Non-Veg Curries,Entrée,Food,15.99,0.00,15.99,1.0,1.60000000,false
1,4/29/26 11:15 AM,Garlic Naan,,Naan,Bread,Food,4.99,0.00,4.99,1.0,0.50000000,false
1,4/29/26 11:15 AM,Kashmiri Naan,,Naan,Bread,Food,6.99,0.00,6.99,1.0,0.70000000,false
1,4/29/26 11:22 AM,Full Chicken Tandoori,,Tandoori,Appetizer,Appetizer,18.99,0.00,18.99,1.0,1.90000000,false
1,4/29/26 11:22 AM,Chicken Tikka,,Tikka,Appetizer,Appetizer,14.99,0.00,14.99,1.0,1.50000000,false
1,4/29/26 11:22 AM,Chicken Biryani,,Nonveg,Biryani,Biryani,16.99,0.00,16.99,1.0,1.70000000,false
2,4/29/26 11:39 AM,Veg Samosa,,Samosa,Appetizer,Appetizer,5.99,0.00,5.99,1.0,0.60000000,false
2,4/29/26 12:09 PM,Hot & Sour Soup,,Soup,Soup & Salad,,5.99,0.00,5.99,1.0,0.60000000,false
2,4/29/26 12:09 PM,Vindaloo Curry,,Vindaloo,Entrée,Food,18.99,0.00,18.99,1.0,1.90000000,false
2,4/29/26 12:09 PM,Garlic Naan,,Naan,Bread,Food,4.99,0.00,4.99,1.0,0.50000000,false
3,4/29/26 12:19 PM,Butter Chicken,,Non-Veg Curries,Entrée,Food,15.99,0.00,15.99,1.0,1.60000000,false
3,4/29/26 12:19 PM,Garlic Naan,,Naan,Bread,Food,4.99,0.00,4.99,1.0,0.50000000,false
6,4/29/26 1:21 PM,Butter Naan,,Naan,Bread,Food,4.39,0.00,4.39,1.0,0.39000000,false
6,4/29/26 1:21 PM,10 Pieces - Tandoori Chicken Wings,Tandoori Chicken Wings,Tandoori,Appetizer,Appetizer,17.59,0.00,17.59,1.0,1.57000000,false
6,4/29/26 1:21 PM,Veg Samosa,,Samosa,Appetizer,Appetizer,13.18,0.00,13.18,2.0,1.18000000,false
4,4/29/26 12:44 PM,Aloo Tikki,,Chaat,Appetizer,Appetizer,17.98,0.00,17.98,2.0,1.80000000,false
4,4/29/26 12:44 PM,Chili Paneer,,Appetizer,Indo-Chines,,12.99,0.00,12.99,1.0,1.30000000,false
5,4/29/26 12:56 PM,Butter Chicken,,Non-Veg Curries,Entrée,Food,15.99,0.00,15.99,1.0,1.60000000,false
5,4/29/26 12:56 PM,Garlic Naan,,Naan,Bread,Food,4.99,0.00,4.99,1.0,0.50000000,false
5,4/29/26 12:56 PM,Masala Chai,,Lassi & Tea,Beverage,NA Beverage,3.99,0.00,3.99,1.0,0.40000000,false
6,4/29/26 1:21 PM,Saag Paneer,,Saag,Entrée,Food,18.69,0.00,18.69,1.0,1.66000000,false
6,4/29/26 1:21 PM,Fish Tikka Masala,,Tikka Masala Curry,Entrée,Food,19.79,0.00,19.79,1.0,1.76000000,false
4,4/29/26 1:32 PM,Kulfi,,Cold,Desserts,Desserts,3.99,0.00,3.99,1.0,0.40000000,false
7,4/29/26 1:37 PM,Spring Roll,,Spring Roll,Appetizer,Appetizer,5.99,0.00,5.99,1.0,0.60000000,false
7,4/29/26 1:37 PM,Fish Tikka Masala,,Tikka Masala Curry,Entrée,Food,35.98,0.00,35.98,2.0,3.60000000,false
7,4/29/26 1:37 PM,Garlic Naan,,Naan,Bread,Food,4.99,0.00,4.99,1.0,0.50000000,false
8,4/29/26 2:02 PM,Chicken 65 Biryani,,Nonveg,Biryani,Biryani,18.69,0.00,18.69,1.0,1.86000000,false
9,4/29/26 5:01 PM,Goat Tikka Masala,,Tikka Masala Curry,Entrée,Food,20.89,0.00,20.89,1.0,1.78000000,false
9,4/29/26 5:01 PM,Veg Samosa,,Samosa,Appetizer,Appetizer,6.59,0.00,6.59,1.0,0.56000000,false
10,4/29/26 5:04 PM,Saag Goat,,Saag,Entrée,Food,18.99,0.00,18.99,1.0,1.90000000,false
10,4/29/26 5:04 PM,Chicken Biryani,,Nonveg,Biryani,Biryani,16.99,0.00,16.99,1.0,1.70000000,false
10,4/29/26 5:04 PM,Salmon Tandoori,,Tandoori,Appetizer,Appetizer,18.99,0.00,18.99,1.0,1.90000000,false
10,4/29/26 5:04 PM,Garlic Naan,,Naan,Bread,Food,4.99,0.00,4.99,1.0,0.50000000,false
14,4/29/26 5:32 PM,Fried Rice,,Entrees,Indo-Chines,,14.29,0.00,14.29,1.0,1.23000000,false
14,4/29/26 5:32 PM,Butter Chicken,,Non-Veg Curries,Entrée,Food,17.59,0.00,17.59,1.0,1.51000000,false
14,4/29/26 5:32 PM,Garlic Naan,,Naan,Bread,Food,10.98,0.00,10.98,2.0,0.94000000,false
14,4/29/26 5:32 PM,Chicken Pepper Fry,,Pepper Fry,Appetizer,Appetizer,14.29,0.00,14.29,1.0,1.23000000,false
11,4/29/26 5:10 PM,Mushroom Salt n Pepper,,Mushroom Salt n Pepper,Appetizer,Appetizer,21.98,0.00,21.98,2.0,2.20000000,false
11,4/29/26 5:10 PM,Okra Masala,,Veg Curries,Entrée,Food,27.98,0.00,27.98,2.0,2.80000000,false
11,4/29/26 5:10 PM,Dal Tadka,Vegan,Veg Curries,Entrée,Food,25.98,0.00,25.98,2.0,2.60000000,false
12,4/29/26 5:22 PM,Chole Bhature,,Chole Bhature,Appetizer,Appetizer,14.29,0.00,14.29,1.0,1.43000000,false
12,4/29/26 5:22 PM,Chicken 65 Biryani,,Nonveg,Biryani,Biryani,18.69,0.00,18.69,1.0,1.87000000,false
13,4/29/26 5:29 PM,Veg Samosa,,Samosa,Appetizer,Appetizer,5.99,0.00,5.99,1.0,0.60000000,false
13,4/29/26 5:29 PM,Veg Manchurian,,Appetizer,Indo-Chines,,11.99,0.00,11.99,1.0,1.20000000,false
13,4/29/26 5:29 PM,Butter Chicken,,Non-Veg Curries,Entrée,Food,15.99,0.00,15.99,1.0,1.60000000,false
13,4/29/26 5:29 PM,Butter Paneer,,Veg Curries,Entrée,Food,15.99,0.00,15.99,1.0,1.60000000,false
13,4/29/26 5:29 PM,Garlic Naan,,Naan,Bread,Food,4.99,0.00,4.99,1.0,0.50000000,false
13,4/29/26 5:29 PM,Cheese Naan,,Naan,Bread,Food,5.99,0.00,5.99,1.0,0.60000000,false
13,4/29/26 5:29 PM,Chili Garlic Naan,,Naan,Bread,Food,5.99,0.00,5.99,1.0,0.60000000,false
15,4/29/26 5:40 PM,Fried Rice,,Entrees,Indo-Chines,,15.99,0.00,15.99,1.0,1.60000000,false
15,4/29/26 5:40 PM,6 Pieces- Tandoori Chicken Wings,Tandoori Chicken Wings,Tandoori,Appetizer,Appetizer,12.99,0.00,12.99,1.0,1.30000000,false
16,4/29/26 5:47 PM,Goat Tikka Masala,,Tikka Masala Curry,Entrée,Food,20.89,0.00,20.89,1.0,2.09000000,false
20,4/29/26 6:55 PM,Tandoori Chicken Masala,,Non-Veg Curries,Entrée (GH),Food,20.79,0.00,20.79,1.0,2.09000000,false
20,4/29/26 6:55 PM,Highway Chicken,,Non-Veg Curries,Entrée (GH),Food,20.79,0.00,20.79,1.0,2.09000000,false
17,4/29/26 6:39 PM,Saag Paneer,,Saag,Entrée,Food,16.99,0.00,16.99,1.0,1.70000000,false
18,4/29/26 6:46 PM,Maysur Masala Dosa,,Dosa,Bread,Food,13.99,0.00,13.99,1.0,1.40000000,false
18,4/29/26 6:46 PM,Channa Masala,Vegan,Veg Curries,Entrée,Food,12.99,0.00,12.99,1.0,1.30000000,false
18,4/29/26 6:46 PM,Tandoori Chicken Masala,,Non-Veg Curries,Entrée,Food,15.99,0.00,15.99,1.0,1.60000000,false
18,4/29/26 6:46 PM,Shrimp  Korma,,KORMA,Entrée,Food,19.99,0.00,19.99,1.0,2.00000000,false
18,4/29/26 6:46 PM,Saag Lamb,,Saag,Entrée,Food,18.99,0.00,18.99,1.0,1.90000000,false
18,4/29/26 6:46 PM,Butter Naan,,Naan,Bread,Food,3.99,0.00,3.99,1.0,0.40000000,false
18,4/29/26 6:46 PM,Garlic Naan,,Naan,Bread,Food,4.99,0.00,4.99,1.0,0.50000000,false
19,4/29/26 6:49 PM,Veg Samosa,,Samosa,Appetizer,Appetizer,5.99,0.00,5.99,1.0,0.60000000,false
19,4/29/26 6:49 PM,Gobi 65,,65,Appetizer,Appetizer,10.99,0.00,10.99,1.0,1.10000000,false
19,4/29/26 6:49 PM,Maysur Masala Dosa,,Dosa,Bread,Food,13.99,0.00,13.99,1.0,1.40000000,false
19,4/29/26 6:50 PM,Masala Chai,,Lassi & Tea,Beverage,NA Beverage,7.98,0.00,7.98,2.0,0.80000000,false
20,4/29/26 6:55 PM,Raita,,Sides,Sides (GH),Sides,6.49,0.00,6.49,1.0,0.64000000,false
20,4/29/26 6:55 PM,Plain Naan,,Naan,Bread (GH),Food,5.19,0.00,5.19,1.0,0.51000000,false
19,4/29/26 6:57 PM,Chicken Tikka Masala,,Tikka Masala Curry,Entrée,Food,15.99,0.00,15.99,1.0,1.60000000,false
19,4/29/26 6:57 PM,Garlic Naan,,Naan,Bread,Food,4.99,0.00,4.99,1.0,0.50000000,false
19,4/29/26 6:57 PM,Coconut Curry,,Coconut,Entrée,Food,19.99,0.00,19.99,1.0,2.00000000,false
19,4/29/26 6:57 PM,Bread Basket,,Others,Bread,Food,14.99,0.00,14.99,1.0,1.50000000,false
18,4/29/26 6:59 PM,Flying Horse,,Beer,Beverage,NA Beverage,12.99,0.00,12.99,1.0,1.30000000,false
18,4/29/26 6:59 PM,Flying Horse,,Beer,Beverage,NA Beverage,12.99,0.00,12.99,1.0,1.30000000,false
18,4/29/26 7:04 PM,Flying Horse,,Beer,Beverage,NA Beverage,12.99,0.00,12.99,1.0,1.30000000,false
22,4/29/26 7:18 PM,Half Chicken Tandoori,,Tandoori,Appetizer,Appetizer,12.99,12.99,0.00,1.0,0E-8,false
22,4/29/26 7:18 PM,Hakka Noodles,,Entrees,Indo-Chines,,12.99,0.00,12.99,1.0,1.30000000,false
21,4/29/26 7:22 PM,Garlic Naan,,Naan,Bread,Food,4.99,0.00,4.99,1.0,0.50000000,false
21,4/29/26 7:22 PM,Butter Chicken,,Non-Veg Curries,Entrée,Food,15.99,0.00,15.99,1.0,1.60000000,false
21,4/29/26 7:22 PM,Chicken Tikka Masala,,Tikka Masala Curry,Entrée,Food,15.99,0.00,15.99,1.0,1.60000000,false
21,4/29/26 7:22 PM,Chicken Korma,,KORMA,Entrée,Food,16.99,0.00,16.99,1.0,1.70000000,false
24,4/29/26 7:47 PM,Hakka Noodles,,Entrees,Indo-Chines,,17.99,0.00,17.99,1.0,1.80000000,false
25,4/29/26 8:03 PM,Chicken Tikka Masala,,Tikka Masala Curry,Entrée,Food,15.99,0.00,15.99,1.0,1.60000000,false
25,4/29/26 8:03 PM,Garlic Naan,,Naan,Bread,Food,4.99,0.00,4.99,1.0,0.50000000,false
25,4/29/26 8:42 PM,Woodbridge Riesling Glass,,Wine,Beverage,NA Beverage,9.99,0.00,9.99,1.0,1.00000000,false
25,4/29/26 8:51 PM,Garlic Naan,,Naan,Bread,Food,4.99,0.00,4.99,1.0,0.50000000,false
1,4/30/26 11:50 AM,Okra Masala,,Veg Curries,Entrée,Food,15.39,0.00,15.39,1.0,1.54000000,false
2,4/30/26 11:52 AM,Chicken Korma,,KORMA,Entrée,Food,16.99,0.00,16.99,1.0,1.70000000,false
3,4/30/26 11:53 AM,Samosa,,Chaat,Appetizer,Appetizer,8.99,0.00,8.99,1.0,0.90000000,false
3,4/30/26 11:53 AM,Vegetable  Korma,,KORMA,Entrée,Food,16.99,0.00,16.99,1.0,1.70000000,false
3,4/30/26 11:53 AM,Garlic Naan,,Naan,Bread,Food,4.99,0.00,4.99,1.0,0.50000000,false
3,4/30/26 11:53 AM,Garlic Naan,,Naan,Bread,Food,4.99,0.00,4.99,1.0,0.50000000,false
3,4/30/26 11:53 AM,Vindaloo Curry,,Vindaloo,Entrée,Food,18.99,0.00,18.99,1.0,1.90000000,false
4,4/30/26 12:42 PM,Momos Veg,,Appetizer,Indo-Chines,,11.99,0.00,11.99,1.0,1.20000000,false
4,4/30/26 12:42 PM,Half Chicken Tandoori,,Tandoori,Appetizer,Appetizer,12.99,0.00,12.99,1.0,1.30000000,false
4,4/30/26 12:42 PM,Coconut Curry,,Coconut,Entrée,Food,15.99,0.00,15.99,1.0,1.60000000,false
5,4/30/26 12:59 PM,Goat Curry,,Non-Veg Curries,Entrée,Food,18.99,0.00,18.99,1.0,1.90000000,false
5,4/30/26 12:59 PM,Garlic Naan,,Naan,Bread,Food,4.99,0.00,4.99,1.0,0.50000000,false
5,4/30/26 12:59 PM,Lamb Biryani,,Nonveg,Biryani,Biryani,18.99,0.00,18.99,1.0,1.90000000,false
5,4/30/26 12:59 PM,Mango Lassi,,Lassi & Tea,Beverage,NA Beverage,4.99,0.00,4.99,1.0,0.50000000,false
7,4/30/26 1:14 PM,Garlic Naan,,Naan,Bread,Food,5.49,0.00,5.49,1.0,0.55000000,false
7,4/30/26 1:14 PM,Butter Chicken,,Non-Veg Curries,Entrée,Food,17.59,0.00,17.59,1.0,1.76000000,false
6,4/30/26 1:07 PM,Shrimp Biryani,,Nonveg,Biryani,Biryani,20.99,0.00,20.99,1.0,2.10000000,false
6,4/30/26 1:07 PM,Dr pepper,,Soda & Water,Beverage,NA Beverage,1.99,0.00,1.99,1.0,0.20000000,false
9,4/30/26 1:26 PM,Appetizer Sampler,,Platter,Appetizer,Appetizer,19.99,0.00,17.99,1.0,1.80000000,false
10,4/30/26 1:56 PM,Garlic Naan,,Naan,Bread,Food,4.99,0.00,4.49,1.0,0.44000000,false
10,4/30/26 1:56 PM,Full Chicken Tandoori,,Tandoori,Appetizer,Appetizer,37.98,0.00,34.18,2.0,3.41000000,false
11,4/30/26 2:13 PM,Kadhai,,Kadhai,Entrée,Food,18.99,0.00,18.99,1.0,1.90000000,false
11,4/30/26 2:13 PM,Garlic Naan,,Naan,Bread,Food,4.99,0.00,4.99,1.0,0.50000000,false
11,4/30/26 2:13 PM,Samosa,,Chaat,Appetizer,Appetizer,8.99,0.00,8.99,1.0,0.90000000,false
12,4/30/26 2:56 PM,Butter Chicken,,Non-Veg Curries,Entrée,Food,15.99,0.00,15.99,1.0,1.60000000,false
13,4/30/26 4:59 PM,Okra Masala,,Veg Curries,Entrée,Food,13.99,0.00,13.99,1.0,1.40000000,false
13,4/30/26 4:59 PM,Dal Tadka,Vegan,Veg Curries,Entrée,Food,12.99,0.00,12.99,1.0,1.30000000,false
14,4/30/26 5:12 PM,Mango Lassi,,Lassi & Tea,Beverage,NA Beverage,4.99,0.00,4.99,1.0,0.50000000,false
14,4/30/26 5:12 PM,Sprite,,Soda & Water,Beverage,NA Beverage,1.99,0.00,1.99,1.0,0.20000000,false
15,4/30/26 5:14 PM,Maysur Masala Dosa,,Dosa,Bread,Food,13.99,0.00,13.99,1.0,1.40000000,false
15,4/30/26 5:14 PM,Mango Lassi,,Lassi & Tea,Beverage,NA Beverage,4.99,0.00,4.99,1.0,0.50000000,false
16,4/30/26 5:26 PM,Butter Chicken,,Non-Veg Curries,Entrée,Food,17.59,0.00,17.59,1.0,1.37000000,false
16,4/30/26 5:26 PM,Chicken Korma,,KORMA,Entrée,Food,18.69,0.00,18.69,1.0,1.45000000,false
17,4/30/26 5:52 PM,Bullet Naan,,Naan,Bread,Food,5.49,0.00,5.49,1.0,0.42000000,false
17,4/30/26 5:52 PM,Goat  Korma,,KORMA,Entrée,Food,20.89,0.00,20.89,1.0,1.62000000,false
17,4/30/26 5:52 PM,Coconut Curry,,Coconut,Entrée,Food,17.49,0.00,17.49,1.0,1.35000000,false
19,4/30/26 6:05 PM,Chicken Curry,,Non-Veg Curries,Entrée,Food,17.59,0.00,17.59,1.0,1.76000000,false
19,4/30/26 6:05 PM,Dal Tadka,Vegan,Veg Curries,Entrée,Food,14.29,0.00,14.29,1.0,1.43000000,false
18,4/30/26 6:01 PM,Appetizer Sampler,,Platter,Appetizer,Appetizer,19.99,0.00,19.99,1.0,2.00000000,false
18,4/30/26 6:01 PM,Spring Roll,,Spring Roll,Appetizer,Appetizer,5.99,0.00,5.99,1.0,0.60000000,false
18,4/30/26 6:01 PM,Sprite,,Soda & Water,Beverage,NA Beverage,1.99,0.00,1.99,1.0,0.20000000,false
18,4/30/26 6:01 PM,Half Chicken Tandoori,,Tandoori,Appetizer,Appetizer,12.99,0.00,12.99,1.0,1.30000000,false
18,4/30/26 6:01 PM,Saag Paneer,,Saag,Entrée,Food,16.99,0.00,16.99,1.0,1.70000000,false
18,4/30/26 6:01 PM,Kaju Curry,,Veg Curries,Entrée,Food,16.99,0.00,16.99,1.0,1.70000000,false
18,4/30/26 6:01 PM,Butter Chicken,,Non-Veg Curries,Entrée,Food,15.99,0.00,15.99,1.0,1.60000000,false
18,4/30/26 6:01 PM,Butter Naan,,Naan,Bread,Food,3.99,0.00,3.99,1.0,0.40000000,false
18,4/30/26 6:01 PM,Butter Naan,,Naan,Bread,Food,3.99,0.00,3.99,1.0,0.40000000,false
18,4/30/26 6:01 PM,Plain Naan,,Naan,Bread,Food,3.99,0.00,3.99,1.0,0.40000000,false
18,4/30/26 6:01 PM,Amul Cheese Butter Masala,,Veg Curries,Entrée,Food,18.99,0.00,18.99,1.0,1.90000000,false
20,4/30/26 6:08 PM,Butter Chicken,,Non-Veg Curries,Entrée,Food,15.99,0.00,15.99,1.0,1.60000000,false
20,4/30/26 6:08 PM,Coconut Curry,,Coconut,Entrée,Food,19.99,0.00,19.99,1.0,2.00000000,false
20,4/30/26 6:08 PM,Goat Tikka Masala,,Tikka Masala Curry,Entrée,Food,18.99,0.00,18.99,1.0,1.90000000,false
20,4/30/26 6:08 PM,Garlic Naan,,Naan,Bread,Food,4.99,0.00,4.99,1.0,0.50000000,false
21,4/30/26 6:13 PM,Lamb Biryani,,Nonveg,Biryani,Biryani,18.99,0.00,18.99,1.0,1.90000000,false
21,4/30/26 6:13 PM,Saag Paneer,,Saag,Entrée,Food,16.99,0.00,16.99,1.0,1.70000000,false
21,4/30/26 6:13 PM,Momos Chicken,,Appetizer,Indo-Chines,,12.99,0.00,12.99,1.0,1.30000000,false
21,4/30/26 6:13 PM,Garlic Naan,,Naan,Bread,Food,4.99,0.00,4.99,1.0,0.50000000,false
22,4/30/26 6:18 PM,Raita,,Sides,Sides,Sides,5.49,0.00,5.49,1.0,0.55000000,false
22,4/30/26 6:18 PM,Plain Naan,,Naan,Bread,Food,4.39,0.00,4.39,1.0,0.43000000,false
22,4/30/26 6:18 PM,Veg Biryani,,Veg,Biryani,Biryani,18.69,0.00,18.69,1.0,1.87000000,false
22,4/30/26 6:18 PM,Chicken Tikka Masala,,Tikka Masala Curry,Entrée,Food,17.59,0.00,17.59,1.0,1.76000000,false
20,4/30/26 6:16 PM,Old Monk,,Beer,Beverage,Bottled Beer,12.99,0.00,12.99,1.0,1.30000000,false
21,4/30/26 6:19 PM,Double Black Cab,,Wine,Beverage,Wine,11.99,0.00,11.99,1.0,1.20000000,true
20,4/30/26 6:21 PM,Half Chicken Tandoori,,Tandoori,Appetizer,Appetizer,12.99,0.00,12.99,1.0,1.30000000,false
21,4/30/26 6:28 PM,Gulabjamun,,Hot,Desserts,Desserts,9.98,0.00,9.98,2.0,1.00000000,false
21,4/30/26 6:32 PM,Double Black Cab,,Wine,Beverage,Wine,11.99,0.00,11.99,1.0,1.20000000,true
23,4/30/26 6:36 PM,Garlic Naan,,Naan,Bread,Food,10.98,0.00,10.98,2.0,1.10000000,false
23,4/30/26 6:36 PM,Butter Chicken,,Non-Veg Curries,Entrée,Food,17.59,0.00,17.59,1.0,1.75000000,false
24,4/30/26 6:40 PM,Saag Lamb,,Saag,Entrée,Food,18.99,0.00,18.99,1.0,1.90000000,false
24,4/30/26 6:40 PM,Tandoori Roti Plain,,Roti,Bread,Food,3.99,0.00,3.99,1.0,0.40000000,false
24,4/30/26 6:40 PM,Chili Garlic Naan,,Naan,Bread,Food,5.99,0.00,5.99,1.0,0.60000000,false
24,4/30/26 6:40 PM,Saag Paneer,,Saag,Entrée,Food,16.99,0.00,16.99,1.0,1.70000000,false
21,4/30/26 6:41 PM,Double Black Bottle,,Wine,Beverage,Wine,48.00,0.00,48.00,1.0,4.80000000,false
25,4/30/26 6:43 PM,Tandoori Chicken Masala,,Non-Veg Curries,Entrée,Food,15.99,0.00,15.99,1.0,1.60000000,false
25,4/30/26 6:43 PM,Chicken Curry,,Non-Veg Curries,Entrée,Food,15.99,0.00,15.99,1.0,1.60000000,false
25,4/30/26 6:43 PM,Butter Naan,,Naan,Bread,Food,3.99,0.00,3.99,1.0,0.40000000,false
25,4/30/26 6:43 PM,Samosa,,Chaat,Appetizer,Appetizer,8.99,0.00,8.99,1.0,0.90000000,false
20,4/30/26 6:46 PM,Old Monk,,Beer,Beverage,Bottled Beer,12.99,0.00,12.99,1.0,1.30000000,false
26,4/30/26 6:56 PM,Shrimp Kathi Roll,,Kathi Roll,Appetizer,Appetizer,14.29,0.00,14.29,1.0,1.43000000,false
26,4/30/26 6:56 PM,Chicken Tikka Masala,,Tikka Masala Curry,Entrée,Food,17.59,0.00,17.59,1.0,1.76000000,false
26,4/30/26 6:56 PM,Garlic Naan,,Naan,Bread,Food,5.49,0.00,5.49,1.0,0.55000000,false
27,4/30/26 7:06 PM,Channa Masala,Vegan,Veg Curries,Entrée,Food,12.99,0.00,12.99,1.0,1.30000000,false
27,4/30/26 7:06 PM,Channa Masala,Vegan,Veg Curries,Entrée,Food,12.99,0.00,12.99,1.0,1.30000000,false
27,4/30/26 7:06 PM,Garlic Naan,,Naan,Bread,Food,4.99,0.00,4.99,1.0,0.50000000,false
27,4/30/26 7:06 PM,Diet Coke,,Soda & Water,Beverage,NA Beverage,1.99,0.00,1.99,1.0,0.20000000,false
27,4/30/26 7:06 PM,Tandoori Chicken Masala,,Non-Veg Curries,Entrée,Food,15.99,0.00,15.99,1.0,1.60000000,false
24,4/30/26 7:10 PM,Taj Mahal,,Beer,Beverage,Bottled Beer,7.99,0.00,7.99,1.0,0.80000000,false
24,4/30/26 7:10 PM,Taj Mahal,,Beer,Beverage,Bottled Beer,7.99,0.00,7.99,1.0,0.80000000,false
18,4/30/26 7:10 PM,Sprite,,Soda & Water,Beverage,NA Beverage,1.99,0.00,1.99,1.0,0.20000000,false
25,4/30/26 7:10 PM,Taj Mahal,,Beer,Beverage,Bottled Beer,7.99,0.00,7.99,1.0,0.80000000,false
25,4/30/26 7:10 PM,Taj Mahal,,Beer,Beverage,Bottled Beer,7.99,0.00,7.99,1.0,0.80000000,false
27,4/30/26 7:14 PM,Sonoma Cutrer Glass,,Wine,Beverage,Wine,14.99,0.00,14.99,1.0,1.50000000,false
18,4/30/26 7:32 PM,Kulfi,,Cold,Desserts,Desserts,3.99,0.00,3.99,1.0,0.40000000,false
25,4/30/26 7:38 PM,Mango Lassi,,Lassi & Tea,Beverage,NA Beverage,4.99,0.00,4.99,1.0,0.50000000,false
30,4/30/26 8:11 PM,Diet Coke,,Soda & Water,Beverage,NA Beverage,6.57,0.00,6.57,3.0,0.66000000,false
30,4/30/26 8:11 PM,Garlic Naan,,Naan,Bread,Food,21.96,0.00,21.96,4.0,2.20000000,false
30,4/30/26 8:11 PM,Chicken Tikka Masala,,Tikka Masala Curry,Entrée,Food,35.18,0.00,35.18,2.0,3.52000000,false
29,4/30/26 8:09 PM,Dal Tadka,Vegan,Veg Curries,Entrée,Food,12.99,0.00,12.99,1.0,1.30000000,false
31,4/30/26 8:14 PM,Samosa,,Chaat,Appetizer,Appetizer,8.99,0.00,8.99,1.0,0.90000000,false
31,4/30/26 8:14 PM,Chicken 65,,65,Appetizer,Appetizer,12.99,0.00,12.99,1.0,1.30000000,false
31,4/30/26 8:14 PM,Goat Biryani,,Nonveg,Biryani,Biryani,18.99,0.00,18.99,1.0,1.90000000,false
31,4/30/26 8:18 PM,Bottle Water,,Soda & Water,Beverage,NA Beverage,0.99,0.00,0.99,1.0,0.10000000,false
31,4/30/26 8:18 PM,Bottle Water,,Soda & Water,Beverage,NA Beverage,0.99,0.00,0.99,1.0,0.10000000,false
36,4/30/26 9:09 PM,Kashmiri Naan,,Naan,Bread,Food,7.69,0.00,7.69,1.0,0.77000000,false
36,4/30/26 9:09 PM,Butter Chicken,,Non-Veg Curries,Entrée,Food,17.59,0.00,17.59,1.0,1.75000000,false
36,4/30/26 9:09 PM,10 Pieces - Tandoori Chicken Wings,Tandoori Chicken Wings,Tandoori,Appetizer,Appetizer,17.59,0.00,17.59,1.0,1.76000000,false
36,4/30/26 9:09 PM,Mango Lassi,,Lassi & Tea,Beverage,NA Beverage,10.98,0.00,10.98,2.0,1.10000000,false
33,4/30/26 8:43 PM,Veg Samosa,,Samosa,Appetizer,Appetizer,5.99,0.00,5.99,1.0,0.60000000,false
33,4/30/26 8:43 PM,Chicken Sheekh Kabab,,Sheekh Kabab,Appetizer,Appetizer,13.99,0.00,13.99,1.0,1.40000000,false
33,4/30/26 8:43 PM,Chicken Tikka Masala,,Tikka Masala Curry,Entrée,Food,15.99,0.00,15.99,1.0,1.60000000,false
33,4/30/26 8:43 PM,Goat Biryani,,Nonveg,Biryani,Biryani,18.99,0.00,18.99,1.0,1.90000000,false
33,4/30/26 8:43 PM,Butter Naan,,Naan,Bread,Food,3.99,0.00,3.99,1.0,0.40000000,false
33,4/30/26 8:43 PM,Garlic Naan,,Naan,Bread,Food,4.99,0.00,4.99,1.0,0.50000000,false
34,4/30/26 8:49 PM,Schezwan Fried Rice,,Entrees,Indo-Chines,,14.99,0.00,14.99,1.0,1.50000000,false
36,4/30/26 9:09 PM,Veg Samosa,,Samosa,Appetizer,Appetizer,13.18,0.00,13.18,2.0,1.32000000,false
35,4/30/26 9:09 PM,Lamb Pepper Fry,,Pepper Fry,Appetizer,Appetizer,15.99,0.00,15.99,1.0,1.60000000,false
35,4/30/26 9:09 PM,Appetizer Sampler,,Platter,Appetizer,Appetizer,19.99,0.00,19.99,1.0,2.00000000,false
35,4/30/26 9:09 PM,Mushroom Salt n Pepper,,Mushroom Salt n Pepper,Appetizer,Appetizer,10.99,0.00,10.99,1.0,1.10000000,false
37,4/30/26 9:17 PM,Chicken Sheekh Kabab,,Sheekh Kabab,Appetizer,Appetizer,13.99,0.00,13.99,1.0,1.40000000,false
37,4/30/26 9:17 PM,Chicken Tikka Masala,,Tikka Masala Curry,Entrée,Food,15.99,0.00,15.99,1.0,1.60000000,false
37,4/30/26 9:17 PM,Saag Lamb,,Saag,Entrée,Food,18.99,0.00,18.99,1.0,1.90000000,false
37,4/30/26 9:17 PM,Garlic Naan,,Naan,Bread,Food,4.99,0.00,4.99,1.0,0.50000000,false
38,4/30/26 9:21 PM,Taj Mahal,,Beer,Beverage,Bottled Beer,7.99,0.00,7.99,1.0,0.80000000,false
38,4/30/26 9:21 PM,Bullet Naan,,Naan,Bread,Food,4.99,0.00,4.99,1.0,0.50000000,false
39,4/30/26 9:26 PM,Chicken Biryani,,Nonveg,Biryani,Biryani,16.99,0.00,16.99,1.0,1.70000000,false
39,4/30/26 9:26 PM,Chicken Biryani,,Nonveg,Biryani,Biryani,16.99,0.00,16.99,1.0,1.70000000,false
39,4/30/26 9:26 PM,Sweet Tea,,Lassi & Tea,Beverage,NA Beverage,2.99,0.00,2.99,1.0,0.30000000,false
39,4/30/26 9:26 PM,Arnold Parmer,,Lassi & Tea,Beverage,NA Beverage,2.99,0.00,2.99,1.0,0.30000000,false
40,4/30/26 9:31 PM,Lamb Tikka Masala,,Tikka Masala Curry,Entrée,Food,18.99,0.00,18.99,1.0,1.90000000,false
40,4/30/26 9:31 PM,Butter Chicken,,Non-Veg Curries,Entrée,Food,15.99,0.00,15.99,1.0,1.60000000,false
40,4/30/26 9:31 PM,Onion and Chili,,Sides,Sides,Sides,2.99,0.00,2.99,1.0,0.30000000,false
40,4/30/26 9:31 PM,Cheese Naan,,Naan,Bread,Food,5.99,0.00,5.99,1.0,0.60000000,false
40,4/30/26 9:31 PM,Mango Lassi,,Lassi & Tea,Beverage,NA Beverage,9.98,0.00,9.98,2.0,1.00000000,false
38,4/30/26 9:32 PM,House Cab,,Wine,Beverage,Wine,9.99,0.00,9.99,1.0,1.00000000,false
